Sample_file	Genome_file	Taxonomic_abundance	Sequence_abundance	Adjusted_ANI	Eff_cov	ANI_5-95_percentile	Eff_lambda	Lambda_5-95_percentile	Median_cov	Mean_cov_geq1	Containment_ind	Naive_ANI	kmers_reassigned	Contig_name
/home/jb/open_problems/medical/dysbiosis/fastq_analysis/qc/CXD568_trim_1.fastq.gz	imgvr_reps.fna	0.9906	0.4992	98.41	71.000	NA-NA	HIGH	NA-NA	71	50.333	39/64	98.41	0	IMGVR_UViG_3300007650_000221|3300007650|Ga0105532_100037|108366-121537
/home/jb/open_problems/medical/dysbiosis/fastq_analysis/qc/CXD568_trim_1.fastq.gz	imgvr_reps.fna	0.7534	0.3609	97.21	54.000	NA-NA	HIGH	NA-NA	54	56.074	27/65	97.21	6	IMGVR_UViG_2571042269_000003|2571042269|2571061281
/home/jb/open_problems/medical/dysbiosis/fastq_analysis/qc/CXD568_trim_1.fastq.gz	imgvr_reps.fna	0.6836	3.0277	97.42	49.000	NA-NA	HIGH	NA-NA	49	49.509	222/499	97.42	187	IMGVR_UViG_3300045988_079583|3300045988|Ga0495776_102789
/home/jb/open_problems/medical/dysbiosis/fastq_analysis/qc/CXD568_trim_1.fastq.gz	imgvr_reps.fna	0.6557	0.4338	96.26	47.000	NA-NA	HIGH	NA-NA	47	46.526	19/62	96.26	4	IMGVR_UViG_3300029055_000223|3300029055|Ga0169617_101144
/home/jb/open_problems/medical/dysbiosis/fastq_analysis/qc/CXD568_trim_1.fastq.gz	imgvr_reps.fna	0.6557	2.8924	99.42	47.000	NA-NA	HIGH	NA-NA	47	47.356	427/511	99.42	0	IMGVR_UViG_3300045988_067614|3300045988|Ga0495776_102750
/home/jb/open_problems/medical/dysbiosis/fastq_analysis/qc/CXD568_trim_1.fastq.gz	imgvr_reps.fna	0.5860	0.3367	99.34	42.000	NA-NA	HIGH	NA-NA	42	52.298	57/70	99.34	4	IMGVR_UViG_2914580057_000006|2914580057|2914580102
/home/jb/open_problems/medical/dysbiosis/fastq_analysis/qc/CXD568_trim_1.fastq.gz	imgvr_reps.fna	0.5581	0.3011	95.96	40.000	NA-NA	HIGH	NA-NA	40	38.941	17/61	95.96	6	IMGVR_UViG_3300029796_000292|3300029796|Ga0243875_1002739
/home/jb/open_problems/medical/dysbiosis/fastq_analysis/qc/CXD568_trim_1.fastq.gz	imgvr_reps.fna	0.5302	1.3894	96.43	38.000	NA-NA	HIGH	NA-NA	38	38.756	90/278	96.43	9	IMGVR_UViG_3300045988_163925|3300045988|Ga0495776_138490
/home/jb/open_problems/medical/dysbiosis/fastq_analysis/qc/CXD568_trim_1.fastq.gz	imgvr_reps.fna	0.5302	0.5449	95.73	38.000	NA-NA	HIGH	NA-NA	38	36.870	23/89	95.73	17	IMGVR_UViG_3300029752_000108|3300029752|Ga0243766_101010
/home/jb/open_problems/medical/dysbiosis/fastq_analysis/qc/CXD568_trim_1.fastq.gz	imgvr_reps.fna	0.5162	0.3164	98.78	37.000	NA-NA	HIGH	NA-NA	37	37.317	41/60	98.78	0	IMGVR_UViG_3300023543_000157|3300023543|Ga0257048_101506
/home/jb/open_problems/medical/dysbiosis/fastq_analysis/qc/CXD568_trim_1.fastq.gz	imgvr_reps.fna	0.5162	0.3020	96.48	37.000	NA-NA	HIGH	NA-NA	37	37.917	24/73	96.48	8	IMGVR_UViG_3300029761_000104|3300029761|Ga0243857_101904
/home/jb/open_problems/medical/dysbiosis/fastq_analysis/qc/CXD568_trim_1.fastq.gz	imgvr_reps.fna	0.5162	0.4440	96.99	37.000	NA-NA	HIGH	NA-NA	37	33.711	38/98	96.99	1	IMGVR_UViG_3300029422_000155|3300029422|Ga0242786_101561
/home/jb/open_problems/medical/dysbiosis/fastq_analysis/qc/CXD568_trim_1.fastq.gz	imgvr_reps.fna	0.4883	1.2742	95.11	35.000	NA-NA	HIGH	NA-NA	35	38.656	64/303	95.11	135	IMGVR_UViG_3300045988_109539|3300045988|Ga0495776_155916
/home/jb/open_problems/medical/dysbiosis/fastq_analysis/qc/CXD568_trim_1.fastq.gz	imgvr_reps.fna	0.4744	0.2240	95.69	34.000	NA-NA	HIGH	NA-NA	34	33.385	13/51	95.69	20	IMGVR_UViG_3300029539_000053|3300029539|Ga0244892_101635
/home/jb/open_problems/medical/dysbiosis/fastq_analysis/qc/CXD568_trim_1.fastq.gz	imgvr_reps.fna	0.4604	0.4214	95.03	33.000	NA-NA	HIGH	NA-NA	33	31.429	21/102	95.03	44	IMGVR_UViG_3300008299_000404|3300008299|Ga0114868_1000568|19180-43099
/home/jb/open_problems/medical/dysbiosis/fastq_analysis/qc/CXD568_trim_1.fastq.gz	imgvr_reps.fna	0.4604	0.2217	97.49	33.000	NA-NA	HIGH	NA-NA	33	30.720	25/55	97.49	1	IMGVR_UViG_3300029530_000076|3300029530|Ga0244962_101757
/home/jb/open_problems/medical/dysbiosis/fastq_analysis/qc/CXD568_trim_1.fastq.gz	imgvr_reps.fna	0.4465	0.3627	96.04	32.000	NA-NA	HIGH	NA-NA	32	35.000	22/77	96.04	6	IMGVR_UViG_3300030319_000141|3300030319|Ga0244979_101417
/home/jb/open_problems/medical/dysbiosis/fastq_analysis/qc/CXD568_trim_1.fastq.gz	imgvr_reps.fna	0.4465	0.3957	97.44	32.000	NA-NA	HIGH	NA-NA	32	39.279	43/96	97.44	40	IMGVR_UViG_3300029184_000099|3300029184|Ga0169197_100052|19669-42835
/home/jb/open_problems/medical/dysbiosis/fastq_analysis/qc/CXD568_trim_1.fastq.gz	imgvr_reps.fna	0.4325	0.7207	99.45	31.000	NA-NA	HIGH	NA-NA	31	30.944	160/190	99.45	0	IMGVR_UViG_3300045988_065129|3300045988|Ga0495776_139353
/home/jb/open_problems/medical/dysbiosis/fastq_analysis/qc/CXD568_trim_1.fastq.gz	imgvr_reps.fna	0.4325	0.2683	95.17	31.000	NA-NA	HIGH	NA-NA	31	41.571	14/65	95.17	36	IMGVR_UViG_3300029608_000171|3300029608|Ga0245152_101806
/home/jb/open_problems/medical/dysbiosis/fastq_analysis/qc/CXD568_trim_1.fastq.gz	imgvr_reps.fna	0.4325	0.7368	95.66	31.000	NA-NA	HIGH	NA-NA	31	30.340	47/186	95.66	84	IMGVR_UViG_3300045988_081292|3300045988|Ga0495776_169332
/home/jb/open_problems/medical/dysbiosis/fastq_analysis/qc/CXD568_trim_1.fastq.gz	imgvr_reps.fna	0.4185	0.2620	99.14	30.000	NA-NA	HIGH	NA-NA	30	28.750	52/68	99.14	0	IMGVR_UViG_3300029749_000361|3300029749|Ga0245202_1002041
/home/jb/open_problems/medical/dysbiosis/fastq_analysis/qc/CXD568_trim_1.fastq.gz	imgvr_reps.fna	0.4185	0.9581	98.01	30.000	NA-NA	HIGH	NA-NA	30	27.442	147/274	98.01	1	IMGVR_UViG_3300006568_000418|3300006568|Ga0100215_100106|56130-115960
/home/jb/open_problems/medical/dysbiosis/fastq_analysis/qc/CXD568_trim_1.fastq.gz	imgvr_reps.fna	0.4185	0.2859	96.48	30.000	NA-NA	HIGH	NA-NA	30	30.222	27/82	96.48	36	IMGVR_UViG_3300029021_000153|3300029021|Ga0169710_100990
/home/jb/open_problems/medical/dysbiosis/fastq_analysis/qc/CXD568_trim_1.fastq.gz	imgvr_reps.fna	0.4046	0.2705	95.86	29.000	NA-NA	HIGH	NA-NA	29	6.524	21/78	95.86	49	IMGVR_UViG_3300001682_000487|3300001682|SAHD_10008749
/home/jb/open_problems/medical/dysbiosis/fastq_analysis/qc/CXD568_trim_1.fastq.gz	imgvr_reps.fna	0.4046	0.3376	96.10	29.000	NA-NA	HIGH	NA-NA	29	33.321	28/96	96.10	4	IMGVR_UViG_3300029430_000283|3300029430|Ga0243922_101815
/home/jb/open_problems/medical/dysbiosis/fastq_analysis/qc/CXD568_trim_1.fastq.gz	imgvr_reps.fna	0.3906	0.2558	98.18	28.000	NA-NA	HIGH	NA-NA	28	18.698	43/76	98.18	13	IMGVR_UViG_2854409118_000001|2854409118|2854409157
/home/jb/open_problems/medical/dysbiosis/fastq_analysis/qc/CXD568_trim_1.fastq.gz	imgvr_reps.fna	0.3906	0.4751	96.81	28.000	NA-NA	HIGH	NA-NA	28	24.229	48/131	96.81	37	IMGVR_UViG_2920668097_000002|2920668097|2920668107|326232-358017
/home/jb/open_problems/medical/dysbiosis/fastq_analysis/qc/CXD568_trim_1.fastq.gz	imgvr_reps.fna	0.3906	0.4577	96.63	28.000	NA-NA	HIGH	NA-NA	28	19.673	49/142	96.63	63	IMGVR_UViG_3300045988_125220|3300045988|Ga0495776_115444
/home/jb/open_problems/medical/dysbiosis/fastq_analysis/qc/CXD568_trim_1.fastq.gz	imgvr_reps.fna	0.3906	0.4969	99.24	28.000	NA-NA	HIGH	NA-NA	28	25.850	127/161	99.24	0	IMGVR_UViG_3300008479_000172|3300008479|Ga0114883_1000844
/home/jb/open_problems/medical/dysbiosis/fastq_analysis/qc/CXD568_trim_1.fastq.gz	imgvr_reps.fna	0.3767	0.2373	100.00	27.000	NA-NA	HIGH	NA-NA	27	24.618	76/76	100.00	0	IMGVR_UViG_3300029622_000347|3300029622|Ga0245124_1002580
/home/jb/open_problems/medical/dysbiosis/fastq_analysis/qc/CXD568_trim_1.fastq.gz	imgvr_reps.fna	0.3767	0.1674	99.94	27.000	NA-NA	HIGH	NA-NA	27	27.276	58/59	99.94	0	IMGVR_UViG_3300029393_000327|3300029393|Ga0243986_1000610|33018-44634
/home/jb/open_problems/medical/dysbiosis/fastq_analysis/qc/CXD568_trim_1.fastq.gz	imgvr_reps.fna	0.3627	0.2688	95.39	26.000	NA-NA	HIGH	NA-NA	26	26.789	19/82	95.39	53	IMGVR_UViG_3300029436_000400|3300029436|Ga0243833_1000409|7040-26410
/home/jb/open_problems/medical/dysbiosis/fastq_analysis/qc/CXD568_trim_1.fastq.gz	imgvr_reps.fna	0.3627	0.1574	96.19	26.000	NA-NA	HIGH	NA-NA	26	22.533	15/50	96.19	2	IMGVR_UViG_3300029070_000047|3300029070|Ga0169176_10154|20429-31766
/home/jb/open_problems/medical/dysbiosis/fastq_analysis/qc/CXD568_trim_1.fastq.gz	imgvr_reps.fna	0.3627	0.2241	98.43	26.000	NA-NA	HIGH	NA-NA	26	24.105	38/62	98.43	0	IMGVR_UViG_3300029030_000168|3300029030|Ga0169673_100813
/home/jb/open_problems/medical/dysbiosis/fastq_analysis/qc/CXD568_trim_1.fastq.gz	imgvr_reps.fna	0.3627	0.3969	99.98	26.000	NA-NA	HIGH	NA-NA	26	25.695	131/132	99.98	0	IMGVR_UViG_3300045988_049388|3300045988|Ga0495776_052245
/home/jb/open_problems/medical/dysbiosis/fastq_analysis/qc/CXD568_trim_1.fastq.gz	imgvr_reps.fna	0.3627	0.3430	98.28	26.000	NA-NA	HIGH	NA-NA	26	26.696	69/118	98.28	0	IMGVR_UViG_3300045988_074783|3300045988|Ga0495776_089739
/home/jb/open_problems/medical/dysbiosis/fastq_analysis/qc/CXD568_trim_1.fastq.gz	imgvr_reps.fna	0.3488	0.3506	97.57	25.000	NA-NA	HIGH	NA-NA	25	20.000	48/103	97.57	27	IMGVR_UViG_3300029416_000273|3300029416|Ga0243860_101154
/home/jb/open_problems/medical/dysbiosis/fastq_analysis/qc/CXD568_trim_1.fastq.gz	imgvr_reps.fna	0.3488	0.4465	96.45	25.000	NA-NA	HIGH	NA-NA	25	19.111	45/138	96.45	10	IMGVR_UViG_3300045988_168271|3300045988|Ga0495776_173960
/home/jb/open_problems/medical/dysbiosis/fastq_analysis/qc/CXD568_trim_1.fastq.gz	imgvr_reps.fna	0.3488	0.5448	97.96	25.000	NA-NA	HIGH	NA-NA	25	25.512	84/159	97.96	46	IMGVR_UViG_3300014541_000086|3300014541|Ga0134391_100242
/home/jb/open_problems/medical/dysbiosis/fastq_analysis/qc/CXD568_trim_1.fastq.gz	imgvr_reps.fna	0.3488	0.1947	95.49	25.000	NA-NA	HIGH	NA-NA	25	24.938	16/67	95.49	6	IMGVR_UViG_3300000292_000098|3300000292|EM305_1001425
/home/jb/open_problems/medical/dysbiosis/fastq_analysis/qc/CXD568_trim_1.fastq.gz	imgvr_reps.fna	0.3488	0.3942	96.85	25.000	NA-NA	HIGH	NA-NA	25	20.175	40/108	96.85	33	IMGVR_UViG_3300014792_000187|3300014792|Ga0134427_1000361
/home/jb/open_problems/medical/dysbiosis/fastq_analysis/qc/CXD568_trim_1.fastq.gz	imgvr_reps.fna	0.3348	0.2639	95.97	24.000	NA-NA	HIGH	NA-NA	24	12.355	31/111	95.97	62	IMGVR_UViG_3300029029_000171|3300029029|Ga0169670_100060|3-20598
/home/jb/open_problems/medical/dysbiosis/fastq_analysis/qc/CXD568_trim_1.fastq.gz	imgvr_reps.fna	0.3348	0.3623	95.02	24.000	NA-NA	HIGH	NA-NA	24	26.067	30/146	95.02	53	IMGVR_UViG_3300045988_083957|3300045988|Ga0495776_092111
/home/jb/open_problems/medical/dysbiosis/fastq_analysis/qc/CXD568_trim_1.fastq.gz	imgvr_reps.fna	0.3348	0.2669	96.84	24.000	NA-NA	HIGH	NA-NA	24	21.706	34/92	96.84	15	IMGVR_UViG_3300029246_000211|3300029246|Ga0168681_101181
/home/jb/open_problems/medical/dysbiosis/fastq_analysis/qc/CXD568_trim_1.fastq.gz	imgvr_reps.fna	0.3348	0.1771	96.28	24.000	NA-NA	HIGH	NA-NA	24	22.471	17/55	96.28	15	IMGVR_UViG_3300029049_000227|3300029049|Ga0169693_101521
/home/jb/open_problems/medical/dysbiosis/fastq_analysis/qc/CXD568_trim_1.fastq.gz	imgvr_reps.fna	0.3348	0.2491	96.44	24.000	NA-NA	HIGH	NA-NA	24	19.286	28/86	96.44	30	IMGVR_UViG_3300014762_000077|3300014762|Ga0134420_100341
/home/jb/open_problems/medical/dysbiosis/fastq_analysis/qc/CXD568_trim_1.fastq.gz	imgvr_reps.fna	0.3209	0.5049	98.57	23.000	NA-NA	HIGH	NA-NA	23	18.635	126/197	98.57	30	IMGVR_UViG_2833313268_000003|2833313268|2833313273|32799-73924
/home/jb/open_problems/medical/dysbiosis/fastq_analysis/qc/CXD568_trim_1.fastq.gz	imgvr_reps.fna	0.3209	0.2521	97.05	23.000	NA-NA	HIGH	NA-NA	23	22.125	32/81	97.05	35	IMGVR_UViG_3300014530_000099|3300014530|Ga0169724_100252|43652-64185
/home/jb/open_problems/medical/dysbiosis/fastq_analysis/qc/CXD568_trim_1.fastq.gz	imgvr_reps.fna	0.3209	0.7236	96.22	23.000	NA-NA	HIGH	NA-NA	23	22.202	84/277	96.22	8	IMGVR_UViG_3300029096_000046|3300029096|Ga0169213_100155
/home/jb/open_problems/medical/dysbiosis/fastq_analysis/qc/CXD568_trim_1.fastq.gz	imgvr_reps.fna	0.3209	0.1455	95.57	23.000	NA-NA	HIGH	NA-NA	23	27.714	14/57	95.57	2	IMGVR_UViG_3300029493_000265|3300029493|Ga0244010_1003203
/home/jb/open_problems/medical/dysbiosis/fastq_analysis/qc/CXD568_trim_1.fastq.gz	imgvr_reps.fna	0.3209	0.6186	96.96	23.000	NA-NA	HIGH	NA-NA	23	21.294	85/221	96.96	130	IMGVR_UViG_3300045988_024697|3300045988|Ga0495776_069067
/home/jb/open_problems/medical/dysbiosis/fastq_analysis/qc/CXD568_trim_1.fastq.gz	imgvr_reps.fna	0.3069	0.1524	98.27	22.000	NA-NA	HIGH	NA-NA	22	20.938	32/55	98.27	17	IMGVR_UViG_3300029495_000102|3300029495|Ga0244015_1002179
/home/jb/open_problems/medical/dysbiosis/fastq_analysis/qc/CXD568_trim_1.fastq.gz	imgvr_reps.fna	0.3069	0.1633	95.47	22.000	NA-NA	HIGH	NA-NA	22	17.143	14/59	95.47	26	IMGVR_UViG_3300029092_000146|3300029092|Ga0169182_101578
/home/jb/open_problems/medical/dysbiosis/fastq_analysis/qc/CXD568_trim_1.fastq.gz	imgvr_reps.fna	0.3069	0.1956	98.61	22.000	NA-NA	HIGH	NA-NA	22	20.409	44/68	98.61	6	IMGVR_UViG_3300029424_000180|3300029424|Ga0243789_1001673
/home/jb/open_problems/medical/dysbiosis/fastq_analysis/qc/CXD568_trim_1.fastq.gz	imgvr_reps.fna	0.3069	0.9161	97.33	22.000	NA-NA	HIGH	NA-NA	22	20.070	143/331	97.33	159	IMGVR_UViG_3300029333_000129|3300029333|Ga0243760_100304
/home/jb/open_problems/medical/dysbiosis/fastq_analysis/qc/CXD568_trim_1.fastq.gz	imgvr_reps.fna	0.2930	0.1449	97.79	21.000	NA-NA	HIGH	NA-NA	21	17.655	29/58	97.79	8	IMGVR_UViG_3300029704_000211|3300029704|Ga0245212_101693
/home/jb/open_problems/medical/dysbiosis/fastq_analysis/qc/CXD568_trim_1.fastq.gz	imgvr_reps.fna	0.2930	0.2233	98.94	21.000	NA-NA	HIGH	NA-NA	21	6.557	61/85	98.94	18	IMGVR_UViG_3300029247_000207|3300029247|Ga0168719_1001098
/home/jb/open_problems/medical/dysbiosis/fastq_analysis/qc/CXD568_trim_1.fastq.gz	imgvr_reps.fna	0.2930	0.4380	99.14	21.000	NA-NA	HIGH	NA-NA	21	18.055	127/166	99.14	3	IMGVR_UViG_3300029405_000087|3300029405|Ga0243959_100606
/home/jb/open_problems/medical/dysbiosis/fastq_analysis/qc/CXD568_trim_1.fastq.gz	imgvr_reps.fna	0.2930	0.1198	95.50	21.000	NA-NA	HIGH	NA-NA	21	10.667	12/50	95.50	28	IMGVR_UViG_3300029756_000079|3300029756|Ga0242840_102304
/home/jb/open_problems/medical/dysbiosis/fastq_analysis/qc/CXD568_trim_1.fastq.gz	imgvr_reps.fna	0.2790	0.1713	99.96	20.000	NA-NA	HIGH	NA-NA	20	18.271	85/86	99.96	0	IMGVR_UViG_3300029643_000116|3300029643|Ga0245225_100368|378-16423
/home/jb/open_problems/medical/dysbiosis/fastq_analysis/qc/CXD568_trim_1.fastq.gz	imgvr_reps.fna	0.2790	0.4063	95.61	20.000	NA-NA	HIGH	NA-NA	20	20.564	39/157	95.61	51	IMGVR_UViG_3300008599_000186|3300008599|Ga0111091_100473
/home/jb/open_problems/medical/dysbiosis/fastq_analysis/qc/CXD568_trim_1.fastq.gz	imgvr_reps.fna	0.2790	0.3389	98.13	20.000	NA-NA	HIGH	NA-NA	20	19.772	79/142	98.13	8	IMGVR_UViG_3300029714_000298|3300029714|Ga0245242_1001113
/home/jb/open_problems/medical/dysbiosis/fastq_analysis/qc/CXD568_trim_1.fastq.gz	imgvr_reps.fna	0.2790	0.1154	96.46	20.000	NA-NA	HIGH	NA-NA	20	18.632	19/58	96.46	33	IMGVR_UViG_3300029421_000150|3300029421|Ga0243844_102734
/home/jb/open_problems/medical/dysbiosis/fastq_analysis/qc/CXD568_trim_1.fastq.gz	imgvr_reps.fna	0.2790	0.4386	98.06	20.000	NA-NA	HIGH	NA-NA	20	21.188	96/176	98.06	57	IMGVR_UViG_3300045988_067699|3300045988|Ga0495776_184702
/home/jb/open_problems/medical/dysbiosis/fastq_analysis/qc/CXD568_trim_1.fastq.gz	imgvr_reps.fna	0.2790	0.2622	98.73	20.000	NA-NA	HIGH	NA-NA	20	19.171	70/104	98.73	11	IMGVR_UViG_3300029004_000053|3300029004|Ga0169688_100418
/home/jb/open_problems/medical/dysbiosis/fastq_analysis/qc/CXD568_trim_1.fastq.gz	imgvr_reps.fna	0.2651	0.5339	96.12	19.000	NA-NA	HIGH	NA-NA	19	18.449	69/235	96.12	28	IMGVR_UViG_2833354111_000002|2833354111|2833354442
/home/jb/open_problems/medical/dysbiosis/fastq_analysis/qc/CXD568_trim_1.fastq.gz	imgvr_reps.fna	0.2651	0.2299	98.82	19.000	NA-NA	HIGH	NA-NA	19	19.131	61/88	98.82	1	IMGVR_UViG_3300029236_000044|3300029236|Ga0169721_101208
/home/jb/open_problems/medical/dysbiosis/fastq_analysis/qc/CXD568_trim_1.fastq.gz	imgvr_reps.fna	0.2651	0.3171	95.21	19.000	NA-NA	HIGH	NA-NA	19	18.621	29/133	95.21	58	IMGVR_UViG_3300029746_000343|3300029746|Ga0245173_100629|199-31468
/home/jb/open_problems/medical/dysbiosis/fastq_analysis/qc/CXD568_trim_1.fastq.gz	imgvr_reps.fna	0.2651	0.1671	95.53	19.000	NA-NA	HIGH	NA-NA	19	14.750	16/66	95.53	23	IMGVR_UViG_3300039322_000185|3300039322|Ga0169808_00684
/home/jb/open_problems/medical/dysbiosis/fastq_analysis/qc/CXD568_trim_1.fastq.gz	imgvr_reps.fna	0.2651	0.3115	100.00	19.000	NA-NA	HIGH	NA-NA	19	19.255	137/137	100.00	0	IMGVR_UViG_3300029027_000010|3300029027|Ga0169621_100578
/home/jb/open_problems/medical/dysbiosis/fastq_analysis/qc/CXD568_trim_1.fastq.gz	imgvr_reps.fna	0.2651	0.1639	99.60	19.000	NA-NA	HIGH	NA-NA	19	19.303	76/86	99.60	0	IMGVR_UViG_3300029020_000153|3300029020|Ga0169702_100936
/home/jb/open_problems/medical/dysbiosis/fastq_analysis/qc/CXD568_trim_1.fastq.gz	imgvr_reps.fna	0.2651	0.4350	95.40	19.000	NA-NA	HIGH	NA-NA	19	18.957	46/198	95.40	43	IMGVR_UViG_2854395284_000005|2854395284|2854395295|263362-306249
/home/jb/open_problems/medical/dysbiosis/fastq_analysis/qc/CXD568_trim_1.fastq.gz	imgvr_reps.fna	0.2511	0.7087	95.12	18.000	NA-NA	HIGH	NA-NA	18	12.897	78/368	95.12	105	IMGVR_UViG_2531839010_000002|2531839010|2531841805|1-73764
/home/jb/open_problems/medical/dysbiosis/fastq_analysis/qc/CXD568_trim_1.fastq.gz	imgvr_reps.fna	0.2511	0.2207	99.28	18.000	NA-NA	HIGH	NA-NA	18	18.262	84/105	99.28	0	IMGVR_UViG_3300008077_000331|3300008077|Ga0105964_1001355
/home/jb/open_problems/medical/dysbiosis/fastq_analysis/qc/CXD568_trim_1.fastq.gz	imgvr_reps.fna	0.2511	0.3282	97.75	18.000	NA-NA	HIGH	NA-NA	18	16.919	74/150	97.75	37	IMGVR_UViG_3300029343_000018|3300029343|Ga0243725_1000854
/home/jb/open_problems/medical/dysbiosis/fastq_analysis/qc/CXD568_trim_1.fastq.gz	imgvr_reps.fna	0.2511	0.2106	95.88	18.000	NA-NA	HIGH	NA-NA	18	16.045	22/81	95.88	10	IMGVR_UViG_3300029684_000171|3300029684|Ga0245194_101500
/home/jb/open_problems/medical/dysbiosis/fastq_analysis/qc/CXD568_trim_1.fastq.gz	imgvr_reps.fna	0.2511	0.2040	95.34	18.000	NA-NA	HIGH	NA-NA	18	16.739	23/101	95.34	49	IMGVR_UViG_3300029432_000220|3300029432|Ga0243805_101714
/home/jb/open_problems/medical/dysbiosis/fastq_analysis/qc/CXD568_trim_1.fastq.gz	imgvr_reps.fna	0.2511	0.1404	98.11	18.000	NA-NA	HIGH	NA-NA	18	17.341	41/74	98.11	1	IMGVR_UViG_3300029815_000500|3300029815|Ga0244882_1001306|1-14612
/home/jb/open_problems/medical/dysbiosis/fastq_analysis/qc/CXD568_trim_1.fastq.gz	imgvr_reps.fna	0.2511	0.1297	97.62	18.000	NA-NA	HIGH	NA-NA	18	20.296	27/57	97.62	21	IMGVR_UViG_3300029431_000184|3300029431|Ga0243758_1002745
/home/jb/open_problems/medical/dysbiosis/fastq_analysis/qc/CXD568_trim_1.fastq.gz	imgvr_reps.fna	0.2511	0.2259	96.39	18.000	NA-NA	HIGH	NA-NA	18	16.645	31/97	96.39	5	IMGVR_UViG_3300029543_000125|3300029543|Ga0244989_101068
/home/jb/open_problems/medical/dysbiosis/fastq_analysis/qc/CXD568_trim_1.fastq.gz	imgvr_reps.fna	0.2511	0.2065	96.21	18.000	NA-NA	HIGH	NA-NA	18	18.000	26/86	96.21	47	IMGVR_UViG_3300014800_000015|3300014800|Ga0134399_1000678
/home/jb/open_problems/medical/dysbiosis/fastq_analysis/qc/CXD568_trim_1.fastq.gz	imgvr_reps.fna	0.2372	0.1477	98.65	17.000	NA-NA	HIGH	NA-NA	17	17.261	46/70	98.65	0	IMGVR_UViG_2690316049_000006|2690316049|2690333672
/home/jb/open_problems/medical/dysbiosis/fastq_analysis/qc/CXD568_trim_1.fastq.gz	imgvr_reps.fna	0.2372	0.1435	97.96	17.000	NA-NA	HIGH	NA-NA	17	15.763	38/72	97.96	3	IMGVR_UViG_3300008383_000153|3300008383|Ga0114870_100856
/home/jb/open_problems/medical/dysbiosis/fastq_analysis/qc/CXD568_trim_1.fastq.gz	imgvr_reps.fna	0.2372	0.4000	98.44	17.000	NA-NA	HIGH	NA-NA	17	16.922	115/187	98.44	0	IMGVR_UViG_2609460218_000014|2609460218|2609545590
/home/jb/open_problems/medical/dysbiosis/fastq_analysis/qc/CXD568_trim_1.fastq.gz	imgvr_reps.fna	0.2372	0.1285	98.99	17.000	NA-NA	HIGH	NA-NA	17	12.263	38/52	98.99	0	IMGVR_UViG_3300014947_000086|3300014947|Ga0169813_101567
/home/jb/open_problems/medical/dysbiosis/fastq_analysis/qc/CXD568_trim_1.fastq.gz	imgvr_reps.fna	0.2372	0.2016	95.36	17.000	NA-NA	HIGH	NA-NA	17	15.818	22/96	95.36	6	IMGVR_UViG_3300029692_000303|3300029692|Ga0245170_100617|5354-27568
/home/jb/open_problems/medical/dysbiosis/fastq_analysis/qc/CXD568_trim_1.fastq.gz	imgvr_reps.fna	0.2372	0.1170	96.32	17.000	NA-NA	HIGH	NA-NA	17	17.300	20/64	96.32	1	IMGVR_UViG_2778261214_000016|2778261214|2778290836
/home/jb/open_problems/medical/dysbiosis/fastq_analysis/qc/CXD568_trim_1.fastq.gz	imgvr_reps.fna	0.2372	0.2723	95.30	17.000	NA-NA	HIGH	NA-NA	17	17.889	27/120	95.30	33	IMGVR_UViG_3300013942_000097|3300013942|Ga0117795_1000142
/home/jb/open_problems/medical/dysbiosis/fastq_analysis/qc/CXD568_trim_1.fastq.gz	imgvr_reps.fna	0.2372	0.1484	98.85	17.000	NA-NA	HIGH	NA-NA	17	15.909	44/63	98.85	2	IMGVR_UViG_3300029356_000107|3300029356|Ga0243797_101957
/home/jb/open_problems/medical/dysbiosis/fastq_analysis/qc/CXD568_trim_1.fastq.gz	imgvr_reps.fna	0.2372	0.1553	95.88	17.000	NA-NA	HIGH	NA-NA	17	19.947	19/70	95.88	38	IMGVR_UViG_3300014789_000116|3300014789|Ga0134406_1000722
/home/jb/open_problems/medical/dysbiosis/fastq_analysis/qc/CXD568_trim_1.fastq.gz	imgvr_reps.fna	0.2372	0.3863	95.66	17.000	NA-NA	HIGH	NA-NA	17	13.776	49/194	95.66	70	IMGVR_UViG_3300029542_000209|3300029542|Ga0244933_100533
/home/jb/open_problems/medical/dysbiosis/fastq_analysis/qc/CXD568_trim_1.fastq.gz	imgvr_reps.fna	0.2372	0.1968	96.33	17.000	NA-NA	HIGH	NA-NA	17	10.656	32/102	96.33	25	IMGVR_UViG_3300028958_000059|3300028958|Ga0169756_100076|64651-86334
/home/jb/open_problems/medical/dysbiosis/fastq_analysis/qc/CXD568_trim_1.fastq.gz	imgvr_reps.fna	0.2232	0.1740	100.00	16.000	NA-NA	HIGH	NA-NA	16	17.267	75/75	100.00	0	IMGVR_UViG_2877973648_000005|2877973648|2877973648|3382482-3402857
/home/jb/open_problems/medical/dysbiosis/fastq_analysis/qc/CXD568_trim_1.fastq.gz	imgvr_reps.fna	0.2232	0.2377	99.31	16.000	NA-NA	HIGH	NA-NA	16	16.396	96/119	99.31	22	IMGVR_UViG_3300029103_000230|3300029103|Ga0169220_100532
/home/jb/open_problems/medical/dysbiosis/fastq_analysis/qc/CXD568_trim_1.fastq.gz	imgvr_reps.fna	0.2232	0.1763	95.21	16.000	NA-NA	HIGH	NA-NA	16	16.579	19/87	95.21	42	IMGVR_UViG_3300029316_000156|3300029316|Ga0242768_101595
/home/jb/open_problems/medical/dysbiosis/fastq_analysis/qc/CXD568_trim_1.fastq.gz	imgvr_reps.fna	0.2232	0.1071	95.45	16.000	NA-NA	HIGH	NA-NA	16	14.769	13/55	95.45	1	IMGVR_UViG_3300023499_000133|3300023499|Ga0257052_101884
/home/jb/open_problems/medical/dysbiosis/fastq_analysis/qc/CXD568_trim_1.fastq.gz	imgvr_reps.fna	0.2232	0.1035	95.21	16.000	NA-NA	HIGH	NA-NA	16	15.500	12/55	95.21	0	IMGVR_UViG_2695420576_000002|2695420576|2695449577
/home/jb/open_problems/medical/dysbiosis/fastq_analysis/qc/CXD568_trim_1.fastq.gz	imgvr_reps.fna	0.2232	0.2806	95.81	16.000	NA-NA	HIGH	NA-NA	16	15.628	43/162	95.81	0	IMGVR_UViG_2806310967_000002|2806310967|2806374525
/home/jb/open_problems/medical/dysbiosis/fastq_analysis/qc/CXD568_trim_1.fastq.gz	imgvr_reps.fna	0.2232	0.1143	96.36	16.000	NA-NA	HIGH	NA-NA	16	18.421	19/60	96.36	0	IMGVR_UViG_2534681933_000013|2534681933|2534763487
/home/jb/open_problems/medical/dysbiosis/fastq_analysis/qc/CXD568_trim_1.fastq.gz	imgvr_reps.fna	0.2232	0.1425	96.89	16.000	NA-NA	HIGH	NA-NA	16	16.250	24/64	96.89	11	IMGVR_UViG_3300008620_000090|3300008620|Ga0111272_101047
/home/jb/open_problems/medical/dysbiosis/fastq_analysis/qc/CXD568_trim_1.fastq.gz	imgvr_reps.fna	0.2232	0.2569	98.06	16.000	NA-NA	HIGH	NA-NA	16	15.306	72/132	98.06	33	IMGVR_UViG_3300029467_000067|3300029467|Ga0244104_100890
/home/jb/open_problems/medical/dysbiosis/fastq_analysis/qc/CXD568_trim_1.fastq.gz	imgvr_reps.fna	0.2232	0.3343	98.98	16.000	NA-NA	HIGH	NA-NA	16	16.024	123/169	98.98	41	IMGVR_UViG_3300045988_184635|3300045988|Ga0495776_151158|3-39144
/home/jb/open_problems/medical/dysbiosis/fastq_analysis/qc/CXD568_trim_1.fastq.gz	imgvr_reps.fna	0.2232	0.1270	95.96	16.000	NA-NA	HIGH	NA-NA	16	16.176	17/61	95.96	0	IMGVR_UViG_3300045988_168498|3300045988|Ga0495776_138936
/home/jb/open_problems/medical/dysbiosis/fastq_analysis/qc/CXD568_trim_1.fastq.gz	imgvr_reps.fna	0.2232	0.1320	95.12	16.000	NA-NA	HIGH	NA-NA	16	16.571	14/66	95.12	37	IMGVR_UViG_3300039322_000122|3300039322|Ga0169808_00757
/home/jb/open_problems/medical/dysbiosis/fastq_analysis/qc/CXD568_trim_1.fastq.gz	imgvr_reps.fna	0.2232	0.0783	96.19	16.000	NA-NA	HIGH	NA-NA	16	16.333	15/50	96.19	23	IMGVR_UViG_3300029022_000065|3300029022|Ga0169604_100053|106715-115885
/home/jb/open_problems/medical/dysbiosis/fastq_analysis/qc/CXD568_trim_1.fastq.gz	imgvr_reps.fna	0.2093	0.1826	96.79	15.000	NA-NA	HIGH	NA-NA	15	14.219	32/88	96.79	29	IMGVR_UViG_3300009343_000120|3300009343|Ga0114310_100530
/home/jb/open_problems/medical/dysbiosis/fastq_analysis/qc/CXD568_trim_1.fastq.gz	imgvr_reps.fna	0.2093	0.2647	97.43	15.000	NA-NA	HIGH	NA-NA	15	15.955	67/150	97.43	0	IMGVR_UViG_2667527633_000003|2667527633|2667550463|1360053-1393114
/home/jb/open_problems/medical/dysbiosis/fastq_analysis/qc/CXD568_trim_1.fastq.gz	imgvr_reps.fna	0.2093	0.1054	97.43	15.000	NA-NA	HIGH	NA-NA	15	11.080	25/56	97.43	2	IMGVR_UViG_3300029057_000139|3300029057|Ga0169682_101419
/home/jb/open_problems/medical/dysbiosis/fastq_analysis/qc/CXD568_trim_1.fastq.gz	imgvr_reps.fna	0.2093	0.1905	97.33	15.000	NA-NA	HIGH	NA-NA	15	18.062	48/111	97.33	63	IMGVR_UViG_3300014846_000007|3300014846|Ga0169854_100548
/home/jb/open_problems/medical/dysbiosis/fastq_analysis/qc/CXD568_trim_1.fastq.gz	imgvr_reps.fna	0.2093	0.1839	98.42	15.000	NA-NA	HIGH	NA-NA	15	14.672	64/105	98.42	21	IMGVR_UViG_3300035653_000081|3300035653|Ga0134456_00416
/home/jb/open_problems/medical/dysbiosis/fastq_analysis/qc/CXD568_trim_1.fastq.gz	imgvr_reps.fna	0.2093	0.2295	96.91	15.000	NA-NA	HIGH	NA-NA	15	15.711	45/119	96.91	18	IMGVR_UViG_3300029871_000353|3300029871|Ga0245314_100463|28351-57019
/home/jb/open_problems/medical/dysbiosis/fastq_analysis/qc/CXD568_trim_1.fastq.gz	imgvr_reps.fna	0.2093	0.1053	97.73	15.000	NA-NA	HIGH	NA-NA	15	14.640	25/51	97.73	0	IMGVR_UViG_3300039125_000006|3300039125|Ga0240051_111
/home/jb/open_problems/medical/dysbiosis/fastq_analysis/qc/CXD568_trim_1.fastq.gz	imgvr_reps.fna	0.2093	0.0973	99.81	15.000	NA-NA	HIGH	NA-NA	15	16.000	50/53	99.81	0	IMGVR_UViG_3300007657_000207|3300007657|Ga0105536_102342
/home/jb/open_problems/medical/dysbiosis/fastq_analysis/qc/CXD568_trim_1.fastq.gz	imgvr_reps.fna	0.2093	0.0988	99.67	15.000	NA-NA	HIGH	NA-NA	13	15.000	46/51	99.67	0	IMGVR_UViG_3300029760_000204|3300029760|Ga0242787_102558
/home/jb/open_problems/medical/dysbiosis/fastq_analysis/qc/CXD568_trim_1.fastq.gz	imgvr_reps.fna	0.2093	0.3216	95.99	15.000	NA-NA	HIGH	NA-NA	15	14.560	50/178	95.99	97	IMGVR_UViG_3300045988_020345|3300045988|Ga0495776_071815
/home/jb/open_problems/medical/dysbiosis/fastq_analysis/qc/CXD568_trim_1.fastq.gz	imgvr_reps.fna	0.2093	0.1051	95.17	15.000	NA-NA	HIGH	NA-NA	15	16.455	11/51	95.17	3	IMGVR_UViG_3300029563_000270|3300029563|Ga0245114_101129|9281-22410
/home/jb/open_problems/medical/dysbiosis/fastq_analysis/qc/CXD568_trim_1.fastq.gz	imgvr_reps.fna	0.2093	0.1348	95.10	15.000	NA-NA	HIGH	NA-NA	15	14.938	16/76	95.10	51	IMGVR_UViG_3300029025_000093|3300029025|Ga0169590_100307|1-16838
/home/jb/open_problems/medical/dysbiosis/fastq_analysis/qc/CXD568_trim_1.fastq.gz	imgvr_reps.fna	0.2093	0.2179	95.41	15.000	NA-NA	HIGH	NA-NA	15	15.741	27/116	95.41	1	IMGVR_UViG_2563366901_000001|2563366901|2563395910|107-27316
/home/jb/open_problems/medical/dysbiosis/fastq_analysis/qc/CXD568_trim_1.fastq.gz	imgvr_reps.fna	0.2093	0.0940	97.95	15.000	NA-NA	HIGH	NA-NA	15	15.733	30/57	97.95	16	IMGVR_UViG_3300029251_000412|3300029251|Ga0167475_102264
/home/jb/open_problems/medical/dysbiosis/fastq_analysis/qc/CXD568_trim_1.fastq.gz	imgvr_reps.fna	0.2088	0.1110	97.79	14.963	NA-NA	HIGH	NA-NA	14	14.963	27/54	97.79	0	IMGVR_UViG_3300029212_000209|3300029212|Ga0168695_100298|4587-18484
/home/jb/open_problems/medical/dysbiosis/fastq_analysis/qc/CXD568_trim_1.fastq.gz	imgvr_reps.fna	0.2046	0.1178	97.46	14.667	NA-NA	HIGH	NA-NA	14	14.667	27/60	97.46	5	IMGVR_UViG_2537561928_000020|2537561928|2537609149
/home/jb/open_problems/medical/dysbiosis/fastq_analysis/qc/CXD568_trim_1.fastq.gz	imgvr_reps.fna	0.2028	0.1816	96.14	14.536	NA-NA	HIGH	NA-NA	14	14.536	28/95	96.14	10	IMGVR_UViG_2563366805_000005|2563366805|2563391189
/home/jb/open_problems/medical/dysbiosis/fastq_analysis/qc/CXD568_trim_1.fastq.gz	imgvr_reps.fna	0.2023	0.1848	95.38	14.500	NA-NA	HIGH	NA-NA	14	14.500	24/104	95.38	31	IMGVR_UViG_2778260993_000006|2778260993|2778268351
/home/jb/open_problems/medical/dysbiosis/fastq_analysis/qc/CXD568_trim_1.fastq.gz	imgvr_reps.fna	0.2016	0.1770	95.63	14.450	NA-NA	HIGH	NA-NA	14	14.450	20/80	95.63	15	IMGVR_UViG_3300029768_000359|3300029768|Ga0245196_101040|6529-29476
/home/jb/open_problems/medical/dysbiosis/fastq_analysis/qc/CXD568_trim_1.fastq.gz	imgvr_reps.fna	0.2012	0.1719	96.82	14.424	NA-NA	HIGH	NA-NA	14	14.424	33/90	96.82	0	IMGVR_UViG_3300029725_000100|3300029725|Ga0245208_100949
/home/jb/open_problems/medical/dysbiosis/fastq_analysis/qc/CXD568_trim_1.fastq.gz	imgvr_reps.fna	0.2003	0.2841	96.43	14.354	NA-NA	HIGH	NA-NA	13	14.354	48/148	96.43	49	IMGVR_UViG_3300014958_000138|3300014958|Ga0134421_1000475
/home/jb/open_problems/medical/dysbiosis/fastq_analysis/qc/CXD568_trim_1.fastq.gz	imgvr_reps.fna	0.1975	0.1705	97.10	14.154	NA-NA	HIGH	NA-NA	14	14.154	39/97	97.10	18	IMGVR_UViG_3300029513_000232|3300029513|Ga0244810_100062|78918-101489
/home/jb/open_problems/medical/dysbiosis/fastq_analysis/qc/CXD568_trim_1.fastq.gz	imgvr_reps.fna	0.1962	0.1008	96.04	14.062	NA-NA	HIGH	NA-NA	14	14.062	16/56	96.04	0	IMGVR_UViG_2529292909_000008|2529292909|2529367187
/home/jb/open_problems/medical/dysbiosis/fastq_analysis/qc/CXD568_trim_1.fastq.gz	imgvr_reps.fna	0.1957	0.1281	97.37	14.029	NA-NA	HIGH	NA-NA	14	14.029	35/80	97.37	0	IMGVR_UViG_3300029089_000075|3300029089|Ga0169191_101119
/home/jb/open_problems/medical/dysbiosis/fastq_analysis/qc/CXD568_trim_1.fastq.gz	imgvr_reps.fna	0.1953	0.1334	95.50	14.000	NA-NA	HIGH	NA-NA	14	14.000	18/75	95.50	2	IMGVR_UViG_3300014791_000137|3300014791|Ga0134447_1000696
/home/jb/open_problems/medical/dysbiosis/fastq_analysis/qc/CXD568_trim_1.fastq.gz	imgvr_reps.fna	0.1929	0.1242	95.69	13.826	NA-NA	HIGH	NA-NA	13	13.826	23/90	95.69	10	IMGVR_UViG_3300029878_000153|3300029878|Ga0245327_101674
/home/jb/open_problems/medical/dysbiosis/fastq_analysis/qc/CXD568_trim_1.fastq.gz	imgvr_reps.fna	0.1889	0.1793	95.21	13.542	NA-NA	HIGH	NA-NA	12	13.542	24/110	95.21	23	IMGVR_UViG_3300030086_000049|3300030086|Ga0237952_100221
/home/jb/open_problems/medical/dysbiosis/fastq_analysis/qc/CXD568_trim_1.fastq.gz	imgvr_reps.fna	0.1883	0.0735	96.10	13.500	NA-NA	HIGH	NA-NA	12	13.500	16/55	96.10	28	IMGVR_UViG_3300007299_000052|3300007299|Ga0104319_1002276
/home/jb/open_problems/medical/dysbiosis/fastq_analysis/qc/CXD568_trim_1.fastq.gz	imgvr_reps.fna	0.1871	0.1222	96.00	13.409	NA-NA	HIGH	NA-NA	14	13.409	22/78	96.00	4	IMGVR_UViG_3300029441_000283|3300029441|Ga0243753_1002641
/home/jb/open_problems/medical/dysbiosis/fastq_analysis/qc/CXD568_trim_1.fastq.gz	imgvr_reps.fna	0.1853	0.2262	96.20	13.283	NA-NA	HIGH	NA-NA	13	13.283	46/153	96.20	73	IMGVR_UViG_3300006464_000389|3300006464|Ga0100221_1000131|20544-52442
/home/jb/open_problems/medical/dysbiosis/fastq_analysis/qc/CXD568_trim_1.fastq.gz	imgvr_reps.fna	0.1835	0.1131	95.34	13.154	NA-NA	HIGH	NA-NA	12	13.154	13/57	95.34	22	IMGVR_UViG_3300014537_000057|3300014537|Ga0134397_100783
/home/jb/open_problems/medical/dysbiosis/fastq_analysis/qc/CXD568_trim_1.fastq.gz	imgvr_reps.fna	0.1824	0.3111	99.67	13.075	NA-NA	HIGH	NA-NA	13	13.075	160/177	99.67	0	IMGVR_UViG_2877973648_000004|2877973648|2877973648|2853015-2897584
/home/jb/open_problems/medical/dysbiosis/fastq_analysis/qc/CXD568_trim_1.fastq.gz	imgvr_reps.fna	0.1820	0.1180	96.19	13.048	NA-NA	HIGH	NA-NA	14	13.048	21/70	96.19	0	IMGVR_UViG_3300029508_000064|3300029508|Ga0244830_101200
/home/jb/open_problems/medical/dysbiosis/fastq_analysis/qc/CXD568_trim_1.fastq.gz	imgvr_reps.fna	0.1820	0.1011	100.00	13.048	NA-NA	HIGH	NA-NA	13	13.048	63/63	100.00	0	IMGVR_UViG_3300039358_000118|3300039358|Ga0169240_00877
/home/jb/open_problems/medical/dysbiosis/fastq_analysis/qc/CXD568_trim_1.fastq.gz	imgvr_reps.fna	0.1820	0.1424	98.84	13.047	NA-NA	HIGH	NA-NA	13	13.047	64/92	98.84	14	IMGVR_UViG_3300029041_000102|3300029041|Ga0169684_100771
/home/jb/open_problems/medical/dysbiosis/fastq_analysis/qc/CXD568_trim_1.fastq.gz	imgvr_reps.fna	0.1814	0.1204	96.08	13.000	NA-NA	HIGH	NA-NA	13	13.000	20/69	96.08	15	IMGVR_UViG_2713897054_000017|2713897054|2713938147
/home/jb/open_problems/medical/dysbiosis/fastq_analysis/qc/CXD568_trim_1.fastq.gz	imgvr_reps.fna	0.1814	0.1914	95.04	13.000	NA-NA	HIGH	NA-NA	13	13.000	26/126	95.04	4	IMGVR_UViG_3300039322_000167|3300039322|Ga0169808_00304
/home/jb/open_problems/medical/dysbiosis/fastq_analysis/qc/CXD568_trim_1.fastq.gz	imgvr_reps.fna	0.1804	0.0884	95.47	12.929	NA-NA	HIGH	NA-NA	13	12.929	14/59	95.47	0	IMGVR_UViG_2667527590_000006|2667527590|2667543002
/home/jb/open_problems/medical/dysbiosis/fastq_analysis/qc/CXD568_trim_1.fastq.gz	imgvr_reps.fna	0.1803	0.1944	95.14	12.920	NA-NA	HIGH	NA-NA	13	12.920	25/117	95.14	52	IMGVR_UViG_3300008496_000030|3300008496|Ga0115078_100754
/home/jb/open_problems/medical/dysbiosis/fastq_analysis/qc/CXD568_trim_1.fastq.gz	imgvr_reps.fna	0.1802	0.0953	95.15	12.917	NA-NA	HIGH	NA-NA	12	12.917	12/56	95.15	10	IMGVR_UViG_2579778797_000009|2579778797|2579817017
/home/jb/open_problems/medical/dysbiosis/fastq_analysis/qc/CXD568_trim_1.fastq.gz	imgvr_reps.fna	0.1801	0.0813	97.39	12.909	NA-NA	HIGH	NA-NA	11	12.909	22/50	97.39	16	IMGVR_UViG_3300029650_000174|3300029650|Ga0245264_100340|19919-31715
/home/jb/open_problems/medical/dysbiosis/fastq_analysis/qc/CXD568_trim_1.fastq.gz	imgvr_reps.fna	0.1794	0.2844	95.38	12.857	NA-NA	HIGH	NA-NA	11	12.857	42/182	95.38	11	IMGVR_UViG_3300045988_160199|3300045988|Ga0495776_186900
/home/jb/open_problems/medical/dysbiosis/fastq_analysis/qc/CXD568_trim_1.fastq.gz	imgvr_reps.fna	0.1793	0.1590	99.06	12.854	NA-NA	HIGH	NA-NA	13	12.854	82/110	99.06	11	IMGVR_UViG_3300045988_115735|3300045988|Ga0495776_067351
/home/jb/open_problems/medical/dysbiosis/fastq_analysis/qc/CXD568_trim_1.fastq.gz	imgvr_reps.fna	0.1792	0.1232	95.25	12.842	NA-NA	HIGH	NA-NA	12	12.842	19/86	95.25	0	IMGVR_UViG_2806310984_000011|2806310984|2806375478|55500-73471
/home/jb/open_problems/medical/dysbiosis/fastq_analysis/qc/CXD568_trim_1.fastq.gz	imgvr_reps.fna	0.1784	0.1435	95.04	12.789	NA-NA	HIGH	NA-NA	14	12.789	19/92	95.04	1	IMGVR_UViG_2671181012_000009|2671181012|2671304655
/home/jb/open_problems/medical/dysbiosis/fastq_analysis/qc/CXD568_trim_1.fastq.gz	imgvr_reps.fna	0.1783	0.1303	95.12	12.778	NA-NA	HIGH	NA-NA	14	12.778	18/85	95.12	37	IMGVR_UViG_3300029846_000105|3300029846|Ga0245279_101337
/home/jb/open_problems/medical/dysbiosis/fastq_analysis/qc/CXD568_trim_1.fastq.gz	imgvr_reps.fna	0.1777	0.3077	99.43	12.738	NA-NA	HIGH	NA-NA	12	12.738	160/191	99.43	31	IMGVR_UViG_3300045988_159062|3300045988|Ga0495776_054513
/home/jb/open_problems/medical/dysbiosis/fastq_analysis/qc/CXD568_trim_1.fastq.gz	imgvr_reps.fna	0.1772	0.1625	97.32	12.700	NA-NA	HIGH	NA-NA	14	12.700	40/93	97.32	9	IMGVR_UViG_3300029483_000175|3300029483|Ga0244102_101241
/home/jb/open_problems/medical/dysbiosis/fastq_analysis/qc/CXD568_trim_1.fastq.gz	imgvr_reps.fna	0.1772	0.3590	98.64	12.698	NA-NA	HIGH	NA-NA	13	12.698	159/243	98.64	82	IMGVR_UViG_3300045988_182956|3300045988|Ga0495776_057488
/home/jb/open_problems/medical/dysbiosis/fastq_analysis/qc/CXD568_trim_1.fastq.gz	imgvr_reps.fna	0.1769	0.0862	96.76	12.682	NA-NA	HIGH	NA-NA	14	12.682	22/61	96.76	25	IMGVR_UViG_3300007714_000351|3300007714|Ga0105661_1000872|4579-17319
/home/jb/open_problems/medical/dysbiosis/fastq_analysis/qc/CXD568_trim_1.fastq.gz	imgvr_reps.fna	0.1761	0.0696	97.00	12.619	NA-NA	HIGH	NA-NA	13	12.619	21/54	97.00	0	IMGVR_UViG_3300029095_000188|3300029095|Ga0169229_102204
/home/jb/open_problems/medical/dysbiosis/fastq_analysis/qc/CXD568_trim_1.fastq.gz	imgvr_reps.fna	0.1760	0.1402	96.18	12.615	NA-NA	HIGH	NA-NA	14	12.615	26/87	96.18	3	IMGVR_UViG_2531839130_000009|2531839130|2531864231|5115-25933
/home/jb/open_problems/medical/dysbiosis/fastq_analysis/qc/CXD568_trim_1.fastq.gz	imgvr_reps.fna	0.1758	0.1535	95.03	12.600	NA-NA	HIGH	NA-NA	12	12.600	20/97	95.03	51	IMGVR_UViG_3300029839_000065|3300029839|Ga0245267_100768
/home/jb/open_problems/medical/dysbiosis/fastq_analysis/qc/CXD568_trim_1.fastq.gz	imgvr_reps.fna	0.1751	0.2679	96.09	12.553	NA-NA	HIGH	NA-NA	12	12.553	47/162	96.09	13	IMGVR_UViG_3300029435_000404|3300029435|Ga0243745_1000062|101416-141390
/home/jb/open_problems/medical/dysbiosis/fastq_analysis/qc/CXD568_trim_1.fastq.gz	imgvr_reps.fna	0.1742	0.2356	98.61	12.486	NA-NA	HIGH	NA-NA	13	12.486	107/165	98.61	9	IMGVR_UViG_3300029328_000118|3300029328|Ga0242837_100900
/home/jb/open_problems/medical/dysbiosis/fastq_analysis/qc/CXD568_trim_1.fastq.gz	imgvr_reps.fna	0.1739	0.1307	97.44	12.462	NA-NA	HIGH	NA-NA	12	12.462	39/87	97.44	9	IMGVR_UViG_2671180577_000021|2671180577|2671248914
/home/jb/open_problems/medical/dysbiosis/fastq_analysis/qc/CXD568_trim_1.fastq.gz	imgvr_reps.fna	0.1738	0.1382	95.11	12.455	NA-NA	HIGH	NA-NA	11	12.455	22/104	95.11	9	IMGVR_UViG_3300029777_000303|3300029777|Ga0243715_1001007|5248-26040
/home/jb/open_problems/medical/dysbiosis/fastq_analysis/qc/CXD568_trim_1.fastq.gz	imgvr_reps.fna	0.1730	0.0888	99.68	12.404	NA-NA	HIGH	NA-NA	12	12.404	57/63	99.68	0	IMGVR_UViG_3300029111_000073|3300029111|Ga0168815_101392
/home/jb/open_problems/medical/dysbiosis/fastq_analysis/qc/CXD568_trim_1.fastq.gz	imgvr_reps.fna	0.1729	0.0849	97.62	12.393	NA-NA	HIGH	NA-NA	13	12.393	28/59	97.62	0	IMGVR_UViG_3300029248_000207|3300029248|Ga0168696_1001854
/home/jb/open_problems/medical/dysbiosis/fastq_analysis/qc/CXD568_trim_1.fastq.gz	imgvr_reps.fna	0.1724	0.1022	95.52	12.357	NA-NA	HIGH	NA-NA	13	12.357	14/58	95.52	12	IMGVR_UViG_2563366800_000001|2563366800|2563390783
/home/jb/open_problems/medical/dysbiosis/fastq_analysis/qc/CXD568_trim_1.fastq.gz	imgvr_reps.fna	0.1721	0.0800	96.58	12.333	NA-NA	HIGH	NA-NA	12	12.333	18/53	96.58	23	IMGVR_UViG_3300029706_000204|3300029706|Ga0245271_102539
/home/jb/open_problems/medical/dysbiosis/fastq_analysis/qc/CXD568_trim_1.fastq.gz	imgvr_reps.fna	0.1715	0.0939	97.57	12.294	NA-NA	HIGH	NA-NA	13	12.294	34/73	97.57	10	IMGVR_UViG_3300029023_000037|3300029023|Ga0169679_100886
/home/jb/open_problems/medical/dysbiosis/fastq_analysis/qc/CXD568_trim_1.fastq.gz	imgvr_reps.fna	0.1704	0.1635	95.83	12.214	NA-NA	HIGH	NA-NA	12	12.214	28/105	95.83	55	IMGVR_UViG_3300039336_000142|3300039336|Ga0169848_00694
/home/jb/open_problems/medical/dysbiosis/fastq_analysis/qc/CXD568_trim_1.fastq.gz	imgvr_reps.fna	0.1703	0.1198	96.43	12.208	NA-NA	HIGH	NA-NA	13	12.208	24/74	96.43	1	IMGVR_UViG_2695420503_000019|2695420503|2695439875
/home/jb/open_problems/medical/dysbiosis/fastq_analysis/qc/CXD568_trim_1.fastq.gz	imgvr_reps.fna	0.1700	0.0947	96.34	12.182	NA-NA	HIGH	NA-NA	12	12.182	22/70	96.34	4	IMGVR_UViG_7000000434_000115|7000000434|SRS014287_WUGC_scaffold_39436
/home/jb/open_problems/medical/dysbiosis/fastq_analysis/qc/CXD568_trim_1.fastq.gz	imgvr_reps.fna	0.1686	0.1029	99.95	12.085	NA-NA	HIGH	NA-NA	11	12.085	71/72	99.95	1	IMGVR_UViG_3300030315_000024|3300030315|Ga0238590_100012
/home/jb/open_problems/medical/dysbiosis/fastq_analysis/qc/CXD568_trim_1.fastq.gz	imgvr_reps.fna	0.1685	0.0770	95.40	12.077	NA-NA	HIGH	NA-NA	13	12.077	13/56	95.40	10	IMGVR_UViG_3300029766_000181|3300029766|Ga0242809_102777
/home/jb/open_problems/medical/dysbiosis/fastq_analysis/qc/CXD568_trim_1.fastq.gz	imgvr_reps.fna	0.1677	0.1211	98.63	12.017	NA-NA	HIGH	NA-NA	13	12.017	58/89	98.63	14	IMGVR_UViG_3300030442_000261|3300030442|Ga0168840_101249
/home/jb/open_problems/medical/dysbiosis/fastq_analysis/qc/CXD568_trim_1.fastq.gz	imgvr_reps.fna	0.1672	0.1116	99.31	11.981	NA-NA	HIGH	NA-NA	12	11.981	54/67	99.31	1	IMGVR_UViG_3300029707_000242|3300029707|Ga0245244_101479
/home/jb/open_problems/medical/dysbiosis/fastq_analysis/qc/CXD568_trim_1.fastq.gz	imgvr_reps.fna	0.1653	0.0803	95.29	11.846	NA-NA	HIGH	NA-NA	11	11.846	13/58	95.29	7	IMGVR_UViG_2579778786_000002|2579778786|2579814923
/home/jb/open_problems/medical/dysbiosis/fastq_analysis/qc/CXD568_trim_1.fastq.gz	imgvr_reps.fna	0.1646	0.0847	96.96	11.800	NA-NA	HIGH	NA-NA	11	11.800	20/52	96.96	12	IMGVR_UViG_3300006739_000170|3300006739|Ga0101793_101676
/home/jb/open_problems/medical/dysbiosis/fastq_analysis/qc/CXD568_trim_1.fastq.gz	imgvr_reps.fna	0.1646	0.1126	95.59	11.800	NA-NA	HIGH	NA-NA	12	11.800	20/81	95.59	38	IMGVR_UViG_3300012281_000022|3300012281|Ga0122197_100169
/home/jb/open_problems/medical/dysbiosis/fastq_analysis/qc/CXD568_trim_1.fastq.gz	imgvr_reps.fna	0.1642	0.1412	95.52	11.773	NA-NA	HIGH	NA-NA	12	11.773	22/91	95.52	54	IMGVR_UViG_3300029027_000082|3300029027|Ga0169621_100902
/home/jb/open_problems/medical/dysbiosis/fastq_analysis/qc/CXD568_trim_1.fastq.gz	imgvr_reps.fna	0.1628	0.0723	99.84	11.672	NA-NA	HIGH	NA-NA	11	11.672	58/61	99.84	1	IMGVR_UViG_7000000200_000257|7000000200|SRS023526_Baylor_scaffold_9912
/home/jb/open_problems/medical/dysbiosis/fastq_analysis/qc/CXD568_trim_1.fastq.gz	imgvr_reps.fna	0.1625	0.2274	97.81	11.646	NA-NA	HIGH	NA-NA	13	11.646	82/163	97.81	77	IMGVR_UViG_3300045988_172671|3300045988|Ga0495776_126773
/home/jb/open_problems/medical/dysbiosis/fastq_analysis/qc/CXD568_trim_1.fastq.gz	imgvr_reps.fna	0.1618	0.1267	95.30	11.600	NA-NA	HIGH	NA-NA	13	11.600	20/89	95.30	17	IMGVR_UViG_2936844567_000004|2936844567|2936844616|87796-108249
/home/jb/open_problems/medical/dysbiosis/fastq_analysis/qc/CXD568_trim_1.fastq.gz	imgvr_reps.fna	0.1618	0.0851	95.07	11.600	NA-NA	HIGH	NA-NA	12	11.600	15/72	95.07	16	IMGVR_UViG_3300029481_000147|3300029481|Ga0244053_101720
/home/jb/open_problems/medical/dysbiosis/fastq_analysis/qc/CXD568_trim_1.fastq.gz	imgvr_reps.fna	0.1615	0.0769	96.93	11.579	NA-NA	HIGH	NA-NA	11	11.579	19/50	96.93	21	IMGVR_UViG_3300029764_000127|3300029764|Ga0243769_102263
/home/jb/open_problems/medical/dysbiosis/fastq_analysis/qc/CXD568_trim_1.fastq.gz	imgvr_reps.fna	0.1615	0.0658	98.25	11.576	NA-NA	HIGH	NA-NA	11	11.576	33/57	98.25	0	IMGVR_UViG_3300029556_000082|3300029556|Ga0244975_102638
/home/jb/open_problems/medical/dysbiosis/fastq_analysis/qc/CXD568_trim_1.fastq.gz	imgvr_reps.fna	0.1613	0.0970	96.48	11.560	NA-NA	HIGH	NA-NA	12	11.560	25/76	96.48	32	IMGVR_UViG_3300029494_000285|3300029494|Ga0244011_1002528
/home/jb/open_problems/medical/dysbiosis/fastq_analysis/qc/CXD568_trim_1.fastq.gz	imgvr_reps.fna	0.1612	0.0833	96.52	11.556	NA-NA	HIGH	NA-NA	9	11.556	18/54	96.52	23	IMGVR_UViG_3300007664_000197|3300007664|Ga0105542_1001944
/home/jb/open_problems/medical/dysbiosis/fastq_analysis/qc/CXD568_trim_1.fastq.gz	imgvr_reps.fna	0.1611	0.1202	95.91	11.550	NA-NA	HIGH	NA-NA	11	11.550	20/73	95.91	34	IMGVR_UViG_3300023485_000014|3300023485|Ga0257032_11113
/home/jb/open_problems/medical/dysbiosis/fastq_analysis/qc/CXD568_trim_1.fastq.gz	imgvr_reps.fna	0.1604	0.0738	95.26	11.500	NA-NA	HIGH	NA-NA	12	11.500	12/54	95.26	2	IMGVR_UViG_3300029778_000279|3300029778|Ga0243887_1000420|182-12210
/home/jb/open_problems/medical/dysbiosis/fastq_analysis/qc/CXD568_trim_1.fastq.gz	imgvr_reps.fna	0.1601	0.0766	98.70	11.472	NA-NA	HIGH	NA-NA	9	11.472	36/54	98.70	5	IMGVR_UViG_3300029096_000052|3300029096|Ga0169213_101319
/home/jb/open_problems/medical/dysbiosis/fastq_analysis/qc/CXD568_trim_1.fastq.gz	imgvr_reps.fna	0.1596	0.1705	95.02	11.440	NA-NA	HIGH	NA-NA	12	11.440	25/122	95.02	82	IMGVR_UViG_3300045988_095184|3300045988|Ga0495776_189448
/home/jb/open_problems/medical/dysbiosis/fastq_analysis/qc/CXD568_trim_1.fastq.gz	imgvr_reps.fna	0.1590	0.1440	95.85	11.400	NA-NA	HIGH	NA-NA	11	11.400	25/93	95.85	31	IMGVR_UViG_3300029334_000248|3300029334|Ga0243717_1000320|39997-63662
/home/jb/open_problems/medical/dysbiosis/fastq_analysis/qc/CXD568_trim_1.fastq.gz	imgvr_reps.fna	0.1588	0.0833	95.19	11.385	NA-NA	HIGH	NA-NA	11	11.385	13/60	95.19	24	IMGVR_UViG_3300007990_000013|3300007990|Ga0105971_100103
/home/jb/open_problems/medical/dysbiosis/fastq_analysis/qc/CXD568_trim_1.fastq.gz	imgvr_reps.fna	0.1588	0.0885	95.57	11.385	NA-NA	HIGH	NA-NA	11	11.385	13/53	95.57	0	IMGVR_UViG_3300029093_000159|3300029093|Ga0169226_100808|7434-22004
/home/jb/open_problems/medical/dysbiosis/fastq_analysis/qc/CXD568_trim_1.fastq.gz	imgvr_reps.fna	0.1567	0.0754	95.63	11.231	NA-NA	HIGH	NA-NA	11	11.231	13/52	95.63	1	IMGVR_UViG_3300029816_000084|3300029816|Ga0244888_101546
/home/jb/open_problems/medical/dysbiosis/fastq_analysis/qc/CXD568_trim_1.fastq.gz	imgvr_reps.fna	0.1551	0.0653	97.01	11.120	NA-NA	HIGH	NA-NA	12	11.120	25/64	97.01	35	IMGVR_UViG_3300029089_000094|3300029089|Ga0169191_101807
/home/jb/open_problems/medical/dysbiosis/fastq_analysis/qc/CXD568_trim_1.fastq.gz	imgvr_reps.fna	0.1551	0.2601	95.11	11.119	NA-NA	HIGH	NA-NA	12	11.119	42/199	95.11	57	IMGVR_UViG_3300045988_144689|3300045988|Ga0495776_139891
/home/jb/open_problems/medical/dysbiosis/fastq_analysis/qc/CXD568_trim_1.fastq.gz	imgvr_reps.fna	0.1548	0.1901	98.36	11.092	NA-NA	HIGH	NA-NA	10	11.092	76/127	98.36	37	IMGVR_UViG_2806310872_000001|2806310872|2806367231|15276-47389
/home/jb/open_problems/medical/dysbiosis/fastq_analysis/qc/CXD568_trim_1.fastq.gz	imgvr_reps.fna	0.1535	0.1229	95.63	11.000	NA-NA	HIGH	NA-NA	12	11.000	24/96	95.63	32	IMGVR_UViG_2700989274_000005|2700989274|2701024171|2005652-2026582
/home/jb/open_problems/medical/dysbiosis/fastq_analysis/qc/CXD568_trim_1.fastq.gz	imgvr_reps.fna	0.1535	0.1536	95.95	11.000	NA-NA	HIGH	NA-NA	11	11.000	33/119	95.95	11	IMGVR_UViG_2778260997_000008|2778260997|2778268942
/home/jb/open_problems/medical/dysbiosis/fastq_analysis/qc/CXD568_trim_1.fastq.gz	imgvr_reps.fna	0.1535	0.0829	97.06	11.000	NA-NA	HIGH	NA-NA	12	11.000	23/58	97.06	20	IMGVR_UViG_3300029394_000363|3300029394|Ga0243997_1001848|1-14127
/home/jb/open_problems/medical/dysbiosis/fastq_analysis/qc/CXD568_trim_1.fastq.gz	imgvr_reps.fna	0.1535	0.0712	96.29	11.000	NA-NA	HIGH	NA-NA	12	11.000	22/71	96.29	0	IMGVR_UViG_3300029018_000107|3300029018|Ga0169593_100967
/home/jb/open_problems/medical/dysbiosis/fastq_analysis/qc/CXD568_trim_1.fastq.gz	imgvr_reps.fna	0.1527	0.1343	95.58	10.944	NA-NA	HIGH	NA-NA	11	10.944	18/73	95.58	41	IMGVR_UViG_2936840160_000002|2936840160|2936840181|79518-102509
/home/jb/open_problems/medical/dysbiosis/fastq_analysis/qc/CXD568_trim_1.fastq.gz	imgvr_reps.fna	0.1522	0.0966	96.20	10.909	NA-NA	HIGH	NA-NA	11	10.909	22/73	96.20	2	IMGVR_UViG_3300029012_000052|3300029012|Ga0169674_100592
/home/jb/open_problems/medical/dysbiosis/fastq_analysis/qc/CXD568_trim_1.fastq.gz	imgvr_reps.fna	0.1518	0.1523	96.13	10.879	NA-NA	HIGH	NA-NA	11	10.879	33/112	96.13	62	IMGVR_UViG_3300029419_000022|3300029419|Ga0243913_101398
/home/jb/open_problems/medical/dysbiosis/fastq_analysis/qc/CXD568_trim_1.fastq.gz	imgvr_reps.fna	0.1515	0.2457	97.55	10.856	NA-NA	HIGH	NA-NA	10	10.856	90/194	97.55	35	IMGVR_UViG_3300029128_000095|3300029128|Ga0168745_100572
/home/jb/open_problems/medical/dysbiosis/fastq_analysis/qc/CXD568_trim_1.fastq.gz	imgvr_reps.fna	0.1511	0.0780	95.21	10.833	NA-NA	HIGH	NA-NA	11	10.833	12/55	95.21	1	IMGVR_UViG_3300029094_000108|3300029094|Ga0169183_100588|1-13480
/home/jb/open_problems/medical/dysbiosis/fastq_analysis/qc/CXD568_trim_1.fastq.gz	imgvr_reps.fna	0.1510	0.0901	95.96	10.824	NA-NA	HIGH	NA-NA	11	10.824	17/61	95.96	11	IMGVR_UViG_3300029543_000105|3300029543|Ga0244989_101501
/home/jb/open_problems/medical/dysbiosis/fastq_analysis/qc/CXD568_trim_1.fastq.gz	imgvr_reps.fna	0.1504	0.1885	97.04	10.778	NA-NA	HIGH	NA-NA	12	10.778	54/137	97.04	72	IMGVR_UViG_3300029393_000313|3300029393|Ga0243986_1000140|539-33296
/home/jb/open_problems/medical/dysbiosis/fastq_analysis/qc/CXD568_trim_1.fastq.gz	imgvr_reps.fna	0.1502	0.1893	98.89	10.769	NA-NA	HIGH	NA-NA	10	10.769	104/147	98.89	0	IMGVR_UViG_3300045988_169229|3300045988|Ga0495776_061311
/home/jb/open_problems/medical/dysbiosis/fastq_analysis/qc/CXD568_trim_1.fastq.gz	imgvr_reps.fna	0.1501	0.1136	95.41	10.762	NA-NA	HIGH	NA-NA	11	10.762	21/90	95.41	19	IMGVR_UViG_3300039358_000132|3300039358|Ga0169240_00554
/home/jb/open_problems/medical/dysbiosis/fastq_analysis/qc/CXD568_trim_1.fastq.gz	imgvr_reps.fna	0.1501	0.1206	100.00	10.759	NA-NA	HIGH	NA-NA	11	10.759	87/87	100.00	0	IMGVR_UViG_2877973648_000001|2877973648|2877973648|2134889-2155886
/home/jb/open_problems/medical/dysbiosis/fastq_analysis/qc/CXD568_trim_1.fastq.gz	imgvr_reps.fna	0.1495	0.1255	97.14	10.718	NA-NA	HIGH	NA-NA	11	10.718	39/96	97.14	0	IMGVR_UViG_3300029716_000404|3300029716|Ga0245260_1001580
/home/jb/open_problems/medical/dysbiosis/fastq_analysis/qc/CXD568_trim_1.fastq.gz	imgvr_reps.fna	0.1486	0.0917	96.61	10.652	NA-NA	HIGH	NA-NA	11	10.652	23/67	96.61	0	IMGVR_UViG_3300029571_000311|3300029571|Ga0244922_100015|279568-295692
/home/jb/open_problems/medical/dysbiosis/fastq_analysis/qc/CXD568_trim_1.fastq.gz	imgvr_reps.fna	0.1470	0.0814	95.29	10.538	NA-NA	HIGH	NA-NA	11	10.538	13/58	95.29	1	IMGVR_UViG_3300029436_000052|3300029436|Ga0243833_1002516
/home/jb/open_problems/medical/dysbiosis/fastq_analysis/qc/CXD568_trim_1.fastq.gz	imgvr_reps.fna	0.1468	0.1886	98.81	10.520	NA-NA	HIGH	NA-NA	10	10.520	100/145	98.81	45	IMGVR_UViG_3300045988_147819|3300045988|Ga0495776_159629
/home/jb/open_problems/medical/dysbiosis/fastq_analysis/qc/CXD568_trim_1.fastq.gz	imgvr_reps.fna	0.1466	0.1856	96.21	10.511	NA-NA	HIGH	NA-NA	11	10.511	45/149	96.21	68	IMGVR_UViG_3300023721_000270|3300023721|Ga0257062_100049|3-33088
/home/jb/open_problems/medical/dysbiosis/fastq_analysis/qc/CXD568_trim_1.fastq.gz	imgvr_reps.fna	0.1465	0.1054	95.08	10.500	NA-NA	HIGH	NA-NA	11	10.500	18/86	95.08	40	IMGVR_UViG_3300008101_000231|3300008101|Ga0114024_101160|10431-29235
/home/jb/open_problems/medical/dysbiosis/fastq_analysis/qc/CXD568_trim_1.fastq.gz	imgvr_reps.fna	0.1457	0.1320	97.46	10.444	NA-NA	HIGH	NA-NA	9	10.444	45/100	97.46	2	IMGVR_UViG_3300039371_000037|3300039371|Ga0169245_00008|304217-327888
/home/jb/open_problems/medical/dysbiosis/fastq_analysis/qc/CXD568_trim_1.fastq.gz	imgvr_reps.fna	0.1457	0.0938	95.94	10.444	NA-NA	HIGH	NA-NA	12	10.444	18/65	95.94	42	IMGVR_UViG_2901581195_000004|2901581195|2901581197
/home/jb/open_problems/medical/dysbiosis/fastq_analysis/qc/CXD568_trim_1.fastq.gz	imgvr_reps.fna	0.1455	0.0822	95.26	10.429	NA-NA	HIGH	NA-NA	12	10.429	14/63	95.26	18	IMGVR_UViG_3300029414_000104|3300029414|Ga0243798_101955
/home/jb/open_problems/medical/dysbiosis/fastq_analysis/qc/CXD568_trim_1.fastq.gz	imgvr_reps.fna	0.1454	0.1994	99.25	10.421	NA-NA	HIGH	NA-NA	11	10.421	126/159	99.25	10	IMGVR_UViG_3300045988_009666|3300045988|Ga0495776_062989
/home/jb/open_problems/medical/dysbiosis/fastq_analysis/qc/CXD568_trim_1.fastq.gz	imgvr_reps.fna	0.1452	0.2005	99.79	10.409	NA-NA	HIGH	NA-NA	10	10.409	132/141	99.79	0	IMGVR_UViG_3300045988_051099|3300045988|Ga0495776_021429
/home/jb/open_problems/medical/dysbiosis/fastq_analysis/qc/CXD568_trim_1.fastq.gz	imgvr_reps.fna	0.1451	0.0694	100.00	10.404	NA-NA	HIGH	NA-NA	9	10.404	57/57	100.00	0	IMGVR_UViG_3300029052_000176|3300029052|Ga0169758_101350
/home/jb/open_problems/medical/dysbiosis/fastq_analysis/qc/CXD568_trim_1.fastq.gz	imgvr_reps.fna	0.1449	0.0753	96.40	10.389	NA-NA	HIGH	NA-NA	11	10.389	18/56	96.40	6	IMGVR_UViG_3300006298_000135|3300006298|Ga0099618_100992
/home/jb/open_problems/medical/dysbiosis/fastq_analysis/qc/CXD568_trim_1.fastq.gz	imgvr_reps.fna	0.1449	0.0705	97.85	10.385	NA-NA	HIGH	NA-NA	10	10.385	26/51	97.85	0	IMGVR_UViG_2565956711_000001|2565956711|2565985870|26401-39115
/home/jb/open_problems/medical/dysbiosis/fastq_analysis/qc/CXD568_trim_1.fastq.gz	imgvr_reps.fna	0.1447	0.1347	99.78	10.371	NA-NA	HIGH	NA-NA	11	10.371	97/104	99.78	0	IMGVR_UViG_3300029385_000415|3300029385|Ga0243985_1000138|119175-143501
/home/jb/open_problems/medical/dysbiosis/fastq_analysis/qc/CXD568_trim_1.fastq.gz	imgvr_reps.fna	0.1445	0.1822	99.19	10.356	NA-NA	HIGH	NA-NA	11	10.356	104/134	99.19	0	IMGVR_UViG_3300007097_000015|3300007097|Ga0102537_100318
/home/jb/open_problems/medical/dysbiosis/fastq_analysis/qc/CXD568_trim_1.fastq.gz	imgvr_reps.fna	0.1441	0.0587	98.98	10.325	NA-NA	HIGH	NA-NA	10	10.325	40/55	98.98	0	IMGVR_UViG_3300007717_000336|3300007717|Ga0105662_102572
/home/jb/open_problems/medical/dysbiosis/fastq_analysis/qc/CXD568_trim_1.fastq.gz	imgvr_reps.fna	0.1440	0.0615	100.00	10.321	NA-NA	HIGH	NA-NA	10	10.321	53/53	100.00	0	IMGVR_UViG_3300010262_000043|3300010262|Ga0129317_1002321
/home/jb/open_problems/medical/dysbiosis/fastq_analysis/qc/CXD568_trim_1.fastq.gz	imgvr_reps.fna	0.1434	0.0537	99.27	10.279	NA-NA	HIGH	NA-NA	13	10.279	43/54	99.27	5	IMGVR_UViG_3300029509_000056|3300029509|Ga0244802_101920
/home/jb/open_problems/medical/dysbiosis/fastq_analysis/qc/CXD568_trim_1.fastq.gz	imgvr_reps.fna	0.1433	0.4227	95.16	10.271	NA-NA	HIGH	NA-NA	10	10.271	70/326	95.16	39	IMGVR_UViG_3300029082_000206|3300029082|Ga0169230_100007|84494-161582
/home/jb/open_problems/medical/dysbiosis/fastq_analysis/qc/CXD568_trim_1.fastq.gz	imgvr_reps.fna	0.1427	0.0784	99.94	10.231	NA-NA	HIGH	NA-NA	12	10.231	52/53	99.94	0	IMGVR_UViG_3300039322_000264|3300039322|Ga0169808_00085|241-14602
/home/jb/open_problems/medical/dysbiosis/fastq_analysis/qc/CXD568_trim_1.fastq.gz	imgvr_reps.fna	0.1425	0.1781	95.69	10.211	NA-NA	HIGH	NA-NA	12	10.211	38/149	95.69	70	IMGVR_UViG_3300007043_000137|3300007043|Ga0102536_100588
/home/jb/open_problems/medical/dysbiosis/fastq_analysis/qc/CXD568_trim_1.fastq.gz	imgvr_reps.fna	0.1424	0.1642	96.96	10.208	NA-NA	HIGH	NA-NA	10	10.208	48/125	96.96	11	IMGVR_UViG_2671180884_000022|2671180884|2671289816
/home/jb/open_problems/medical/dysbiosis/fastq_analysis/qc/CXD568_trim_1.fastq.gz	imgvr_reps.fna	0.1421	0.2406	99.05	10.183	NA-NA	HIGH	NA-NA	11	10.183	153/206	99.05	53	IMGVR_UViG_2877973648_000002|2877973648|2877973648|2372481-2416745
/home/jb/open_problems/medical/dysbiosis/fastq_analysis/qc/CXD568_trim_1.fastq.gz	imgvr_reps.fna	0.1420	0.2054	96.91	10.176	NA-NA	HIGH	NA-NA	10	10.176	51/135	96.91	3	IMGVR_UViG_3300010278_000241|3300010278|Ga0129311_1000432
/home/jb/open_problems/medical/dysbiosis/fastq_analysis/qc/CXD568_trim_1.fastq.gz	imgvr_reps.fna	0.1420	0.0565	100.00	10.176	NA-NA	HIGH	NA-NA	7	10.176	51/51	100.00	0	IMGVR_UViG_3300008551_000324|3300008551|Ga0111058_103183
/home/jb/open_problems/medical/dysbiosis/fastq_analysis/qc/CXD568_trim_1.fastq.gz	imgvr_reps.fna	0.1418	0.0753	99.93	10.163	NA-NA	HIGH	NA-NA	8	10.163	49/50	99.93	0	IMGVR_UViG_3300014958_000170|3300014958|Ga0134421_1001470
/home/jb/open_problems/medical/dysbiosis/fastq_analysis/qc/CXD568_trim_1.fastq.gz	imgvr_reps.fna	0.1417	0.0705	96.69	10.158	NA-NA	HIGH	NA-NA	11	10.158	19/54	96.69	0	IMGVR_UViG_2740892421_000017|2740892421|2740982754|35072-48075
/home/jb/open_problems/medical/dysbiosis/fastq_analysis/qc/CXD568_trim_1.fastq.gz	imgvr_reps.fna	0.1412	0.0570	98.14	10.121	NA-NA	HIGH	NA-NA	10	10.121	33/59	98.14	10	IMGVR_UViG_3300029606_000067|3300029606|Ga0242783_101883
/home/jb/open_problems/medical/dysbiosis/fastq_analysis/qc/CXD568_trim_1.fastq.gz	imgvr_reps.fna	0.1408	0.1077	96.82	10.091	NA-NA	HIGH	NA-NA	12	10.091	33/90	96.82	1	IMGVR_UViG_3300029714_000224|3300029714|Ga0245242_1001689
/home/jb/open_problems/medical/dysbiosis/fastq_analysis/qc/CXD568_trim_1.fastq.gz	imgvr_reps.fna	0.1405	0.1429	95.86	10.071	NA-NA	HIGH	NA-NA	9	10.071	28/104	95.86	10	IMGVR_UViG_3300029120_000270|3300029120|Ga0168814_100705
/home/jb/open_problems/medical/dysbiosis/fastq_analysis/qc/CXD568_trim_1.fastq.gz	imgvr_reps.fna	0.1405	0.1326	99.41	10.067	NA-NA	HIGH	NA-NA	10	10.067	89/107	99.41	1	IMGVR_UViG_3300029782_000133|3300029782|Ga0245253_101530
/home/jb/open_problems/medical/dysbiosis/fastq_analysis/qc/CXD568_trim_1.fastq.gz	imgvr_reps.fna	0.1402	0.0836	96.13	10.050	NA-NA	HIGH	NA-NA	10	10.050	20/68	96.13	2	IMGVR_UViG_3300005469_000083|3300005469|Ga0073907_1002965
/home/jb/open_problems/medical/dysbiosis/fastq_analysis/qc/CXD568_trim_1.fastq.gz	imgvr_reps.fna	0.1402	0.1344	96.92	10.049	NA-NA	HIGH	NA-NA	11	10.049	41/108	96.92	39	IMGVR_UViG_3300029437_000216|3300029437|Ga0242826_1001439
/home/jb/open_problems/medical/dysbiosis/fastq_analysis/qc/CXD568_trim_1.fastq.gz	imgvr_reps.fna	0.1401	0.0832	99.16	10.040	NA-NA	HIGH	NA-NA	10	10.040	50/65	99.16	0	IMGVR_UViG_3300029855_000155|3300029855|Ga0245295_1002079
/home/jb/open_problems/medical/dysbiosis/fastq_analysis/qc/CXD568_trim_1.fastq.gz	imgvr_reps.fna	0.1397	0.3222	96.00	10.013	NA-NA	HIGH	NA-NA	10	10.013	76/269	96.00	58	IMGVR_UViG_3300045988_172523|3300045988|Ga0495776_007359
/home/jb/open_problems/medical/dysbiosis/fastq_analysis/qc/CXD568_trim_1.fastq.gz	imgvr_reps.fna	0.1395	0.1063	95.71	10.000	NA-NA	HIGH	NA-NA	11	10.000	18/70	95.71	0	IMGVR_UViG_3300029375_000172|3300029375|Ga0243934_1002298
/home/jb/open_problems/medical/dysbiosis/fastq_analysis/qc/CXD568_trim_1.fastq.gz	imgvr_reps.fna	0.1390	0.0890	99.08	9.963	NA-NA	HIGH	NA-NA	11	9.963	54/72	99.08	2	IMGVR_UViG_3300029574_000124|3300029574|Ga0243862_101326
/home/jb/open_problems/medical/dysbiosis/fastq_analysis/qc/CXD568_trim_1.fastq.gz	imgvr_reps.fna	0.1386	0.0682	96.04	9.938	NA-NA	HIGH	NA-NA	12	9.938	16/56	96.04	13	IMGVR_UViG_3300029494_000144|3300029494|Ga0244011_1003058
/home/jb/open_problems/medical/dysbiosis/fastq_analysis/qc/CXD568_trim_1.fastq.gz	imgvr_reps.fna	0.1386	0.0727	95.43	9.933	NA-NA	HIGH	NA-NA	9	9.933	15/64	95.43	0	IMGVR_UViG_3300029052_000175|3300029052|Ga0169758_101164
/home/jb/open_problems/medical/dysbiosis/fastq_analysis/qc/CXD568_trim_1.fastq.gz	imgvr_reps.fna	0.1384	0.0523	95.26	9.917	NA-NA	HIGH	NA-NA	9	9.917	12/54	95.26	16	IMGVR_UViG_3300029620_000380|3300029620|Ga0245130_100788|22288-32175
/home/jb/open_problems/medical/dysbiosis/fastq_analysis/qc/CXD568_trim_1.fastq.gz	imgvr_reps.fna	0.1382	0.0859	97.65	9.909	NA-NA	HIGH	NA-NA	10	9.909	33/69	97.65	3	IMGVR_UViG_2698536348_000016|2698536348|2698541501
/home/jb/open_problems/medical/dysbiosis/fastq_analysis/qc/CXD568_trim_1.fastq.gz	imgvr_reps.fna	0.1379	0.0829	96.72	9.885	NA-NA	HIGH	NA-NA	10	9.885	26/73	96.72	3	IMGVR_UViG_3300029467_000077|3300029467|Ga0244104_101487
/home/jb/open_problems/medical/dysbiosis/fastq_analysis/qc/CXD568_trim_1.fastq.gz	imgvr_reps.fna	0.1376	0.3105	97.37	9.861	NA-NA	HIGH	NA-NA	9	9.861	108/247	97.37	54	IMGVR_UViG_3300045988_130394|3300045988|Ga0495776_091018
/home/jb/open_problems/medical/dysbiosis/fastq_analysis/qc/CXD568_trim_1.fastq.gz	imgvr_reps.fna	0.1372	0.1109	96.48	9.833	NA-NA	HIGH	NA-NA	10	9.833	30/91	96.48	20	IMGVR_UViG_2870939378_000002|2870939378|2870939385|82768-103887
/home/jb/open_problems/medical/dysbiosis/fastq_analysis/qc/CXD568_trim_1.fastq.gz	imgvr_reps.fna	0.1360	0.0756	95.77	9.750	NA-NA	HIGH	NA-NA	10	9.750	16/61	95.77	0	IMGVR_UViG_3300008640_000216|3300008640|Ga0111422_101519
/home/jb/open_problems/medical/dysbiosis/fastq_analysis/qc/CXD568_trim_1.fastq.gz	imgvr_reps.fna	0.1360	0.1995	95.98	9.750	NA-NA	HIGH	NA-NA	9	9.750	48/171	95.98	17	IMGVR_UViG_3300045988_172182|3300045988|Ga0495776_126334
/home/jb/open_problems/medical/dysbiosis/fastq_analysis/qc/CXD568_trim_1.fastq.gz	imgvr_reps.fna	0.1356	0.1002	99.74	9.718	NA-NA	HIGH	NA-NA	9	9.718	71/77	99.74	0	IMGVR_UViG_3300007362_000330|3300007362|Ga0104788_101221|2550-21868
/home/jb/open_problems/medical/dysbiosis/fastq_analysis/qc/CXD568_trim_1.fastq.gz	imgvr_reps.fna	0.1356	0.1201	98.78	9.716	NA-NA	HIGH	NA-NA	11	9.716	67/98	98.78	30	IMGVR_UViG_3300000278_000005|3300000278|EM209_1000578
/home/jb/open_problems/medical/dysbiosis/fastq_analysis/qc/CXD568_trim_1.fastq.gz	imgvr_reps.fna	0.1354	0.4041	96.38	9.703	NA-NA	HIGH	NA-NA	9	9.703	111/348	96.38	141	IMGVR_UViG_3300045988_041020|3300045988|Ga0495776_149819
/home/jb/open_problems/medical/dysbiosis/fastq_analysis/qc/CXD568_trim_1.fastq.gz	imgvr_reps.fna	0.1351	0.0874	99.76	9.682	NA-NA	HIGH	NA-NA	12	9.682	66/71	99.76	0	IMGVR_UViG_3300029513_000217|3300029513|Ga0244810_100524|21224-38126
/home/jb/open_problems/medical/dysbiosis/fastq_analysis/qc/CXD568_trim_1.fastq.gz	imgvr_reps.fna	0.1350	0.0906	97.20	9.676	NA-NA	HIGH	NA-NA	11	9.676	34/82	97.20	37	IMGVR_UViG_7000000633_000146|7000000633|SRS015065_WUGC_scaffold_9359
/home/jb/open_problems/medical/dysbiosis/fastq_analysis/qc/CXD568_trim_1.fastq.gz	imgvr_reps.fna	0.1349	0.0687	95.26	9.667	NA-NA	HIGH	NA-NA	12	9.667	12/54	95.26	23	IMGVR_UViG_3300007501_000138|3300007501|Ga0104994_101735
/home/jb/open_problems/medical/dysbiosis/fastq_analysis/qc/CXD568_trim_1.fastq.gz	imgvr_reps.fna	0.1346	0.0841	95.81	9.647	NA-NA	HIGH	NA-NA	9	9.647	17/64	95.81	6	IMGVR_UViG_3300029333_000119|3300029333|Ga0243760_102609
/home/jb/open_problems/medical/dysbiosis/fastq_analysis/qc/CXD568_trim_1.fastq.gz	imgvr_reps.fna	0.1335	0.3009	95.68	9.567	NA-NA	HIGH	NA-NA	9	9.567	67/263	95.68	108	IMGVR_UViG_2837047301_000003|2837047301|2837047311
/home/jb/open_problems/medical/dysbiosis/fastq_analysis/qc/CXD568_trim_1.fastq.gz	imgvr_reps.fna	0.1330	0.0978	95.13	9.529	NA-NA	HIGH	NA-NA	10	9.529	17/80	95.13	0	IMGVR_UViG_2671180841_000005|2671180841|2671285255
/home/jb/open_problems/medical/dysbiosis/fastq_analysis/qc/CXD568_trim_1.fastq.gz	imgvr_reps.fna	0.1311	0.1441	97.14	9.396	NA-NA	HIGH	NA-NA	9	9.396	48/118	97.14	36	IMGVR_UViG_3300045988_120355|3300045988|Ga0495776_052592
/home/jb/open_problems/medical/dysbiosis/fastq_analysis/qc/CXD568_trim_1.fastq.gz	imgvr_reps.fna	0.1296	0.0604	98.28	9.290	NA-NA	HIGH	NA-NA	9	9.290	31/53	98.28	14	IMGVR_UViG_3300014570_000163|3300014570|Ga0134400_1001123
/home/jb/open_problems/medical/dysbiosis/fastq_analysis/qc/CXD568_trim_1.fastq.gz	imgvr_reps.fna	0.1291	0.4630	97.69	9.250	NA-NA	HIGH	NA-NA	9	9.250	196/405	97.69	0	IMGVR_UViG_3300029724_000142|3300029724|Ga0245182_100027|6922-100686
/home/jb/open_problems/medical/dysbiosis/fastq_analysis/qc/CXD568_trim_1.fastq.gz	imgvr_reps.fna	0.1291	0.0766	97.64	9.250	NA-NA	HIGH	NA-NA	12	9.250	32/67	97.64	22	IMGVR_UViG_3300014535_000081|3300014535|Ga0169873_101301
/home/jb/open_problems/medical/dysbiosis/fastq_analysis/qc/CXD568_trim_1.fastq.gz	imgvr_reps.fna	0.1287	0.0609	96.24	9.222	NA-NA	HIGH	NA-NA	11	9.222	18/59	96.24	27	IMGVR_UViG_3300029742_000306|3300029742|Ga0245239_101974|1-12363
/home/jb/open_problems/medical/dysbiosis/fastq_analysis/qc/CXD568_trim_1.fastq.gz	imgvr_reps.fna	0.1284	0.1458	96.52	9.200	NA-NA	HIGH	NA-NA	9	9.200	40/120	96.52	41	IMGVR_UViG_3300029360_000240|3300029360|Ga0243814_1001544
/home/jb/open_problems/medical/dysbiosis/fastq_analysis/qc/CXD568_trim_1.fastq.gz	imgvr_reps.fna	0.1279	0.1485	95.99	9.167	NA-NA	HIGH	NA-NA	9	9.167	36/128	95.99	4	IMGVR_UViG_3300029712_000223|3300029712|Ga0245206_101474
/home/jb/open_problems/medical/dysbiosis/fastq_analysis/qc/CXD568_trim_1.fastq.gz	imgvr_reps.fna	0.1277	0.0794	96.08	9.150	NA-NA	HIGH	NA-NA	8	9.150	20/69	96.08	2	IMGVR_UViG_3300029742_000302|3300029742|Ga0245239_101177|13892-30145
/home/jb/open_problems/medical/dysbiosis/fastq_analysis/qc/CXD568_trim_1.fastq.gz	imgvr_reps.fna	0.1276	0.1781	97.06	9.143	NA-NA	HIGH	NA-NA	10	9.143	63/159	97.06	50	IMGVR_UViG_3300023545_000019|3300023545|Ga0257041_100697
/home/jb/open_problems/medical/dysbiosis/fastq_analysis/qc/CXD568_trim_1.fastq.gz	imgvr_reps.fna	0.1275	0.0560	99.95	9.141	NA-NA	HIGH	NA-NA	12	9.141	64/65	99.95	1	IMGVR_UViG_3300029452_000102|3300029452|Ga0244083_100366|2-11482
/home/jb/open_problems/medical/dysbiosis/fastq_analysis/qc/CXD568_trim_1.fastq.gz	imgvr_reps.fna	0.1274	0.1266	97.10	9.128	NA-NA	HIGH	NA-NA	8	9.128	39/97	97.10	52	IMGVR_UViG_3300045988_043053|3300045988|Ga0495776_045706
/home/jb/open_problems/medical/dysbiosis/fastq_analysis/qc/CXD568_trim_1.fastq.gz	imgvr_reps.fna	0.1258	0.2305	95.88	9.020	NA-NA	HIGH	NA-NA	10	9.020	51/188	95.88	1	IMGVR_UViG_3300023312_000355|3300023312|Ga0256721_100001|453264-501142
/home/jb/open_problems/medical/dysbiosis/fastq_analysis/qc/CXD568_trim_1.fastq.gz	imgvr_reps.fna	0.1249	0.0610	99.51	8.953	NA-NA	HIGH	NA-NA	9	8.953	43/50	99.51	0	IMGVR_UViG_3300008672_000324|3300008672|Ga0111519_101223|227-12997
/home/jb/open_problems/medical/dysbiosis/fastq_analysis/qc/CXD568_trim_1.fastq.gz	imgvr_reps.fna	0.1247	0.0738	98.49	8.938	NA-NA	HIGH	NA-NA	9	8.938	48/77	98.49	0	IMGVR_UViG_3300029608_000207|3300029608|Ga0245152_101870
/home/jb/open_problems/medical/dysbiosis/fastq_analysis/qc/CXD568_trim_1.fastq.gz	imgvr_reps.fna	0.1242	0.0854	95.74	8.900	NA-NA	HIGH	NA-NA	7	8.900	20/77	95.74	23	IMGVR_UViG_3300008360_000324|3300008360|Ga0114875_1001932
/home/jb/open_problems/medical/dysbiosis/fastq_analysis/qc/CXD568_trim_1.fastq.gz	imgvr_reps.fna	0.1239	0.1108	99.89	8.882	NA-NA	HIGH	NA-NA	9	8.882	85/88	99.89	0	IMGVR_UViG_3300045988_102762|3300045988|Ga0495776_023781
/home/jb/open_problems/medical/dysbiosis/fastq_analysis/qc/CXD568_trim_1.fastq.gz	imgvr_reps.fna	0.1236	0.0561	95.92	8.857	NA-NA	HIGH	NA-NA	12	8.857	14/51	95.92	0	IMGVR_UViG_3300029018_000135|3300029018|Ga0169593_100028|2-11865
/home/jb/open_problems/medical/dysbiosis/fastq_analysis/qc/CXD568_trim_1.fastq.gz	imgvr_reps.fna	0.1228	0.0634	95.95	8.800	NA-NA	HIGH	NA-NA	10	8.800	15/54	95.95	0	IMGVR_UViG_2526164596_000007|2526164596|2526179897
/home/jb/open_problems/medical/dysbiosis/fastq_analysis/qc/CXD568_trim_1.fastq.gz	imgvr_reps.fna	0.1223	0.0513	95.69	8.769	NA-NA	HIGH	NA-NA	8	8.769	13/51	95.69	30	IMGVR_UViG_3300029505_000105|3300029505|Ga0244823_100221|81957-92913
/home/jb/open_problems/medical/dysbiosis/fastq_analysis/qc/CXD568_trim_1.fastq.gz	imgvr_reps.fna	0.1221	0.0541	95.50	8.750	NA-NA	HIGH	NA-NA	9	8.750	12/50	95.50	22	IMGVR_UViG_3300029444_000303|3300029444|Ga0243728_1002610
/home/jb/open_problems/medical/dysbiosis/fastq_analysis/qc/CXD568_trim_1.fastq.gz	imgvr_reps.fna	0.1220	0.1181	98.89	8.744	NA-NA	HIGH	NA-NA	8	8.744	82/116	98.89	0	IMGVR_UViG_3300029315_000130|3300029315|Ga0242753_101335
/home/jb/open_problems/medical/dysbiosis/fastq_analysis/qc/CXD568_trim_1.fastq.gz	imgvr_reps.fna	0.1219	0.1627	98.87	8.740	NA-NA	HIGH	NA-NA	10	8.740	104/148	98.87	3	IMGVR_UViG_3300029108_000160|3300029108|Ga0169642_100223|3-34877
/home/jb/open_problems/medical/dysbiosis/fastq_analysis/qc/CXD568_trim_1.fastq.gz	imgvr_reps.fna	0.1218	0.2112	96.28	8.729	NA-NA	HIGH	NA-NA	8	8.729	59/191	96.28	129	IMGVR_UViG_3300029698_000323|3300029698|Ga0245184_100127|96560-141890
/home/jb/open_problems/medical/dysbiosis/fastq_analysis/qc/CXD568_trim_1.fastq.gz	imgvr_reps.fna	0.1214	0.1042	95.30	8.700	NA-NA	HIGH	NA-NA	8	8.700	20/89	95.30	5	IMGVR_UViG_3300029607_000194|3300029607|Ga0244907_101192
/home/jb/open_problems/medical/dysbiosis/fastq_analysis/qc/CXD568_trim_1.fastq.gz	imgvr_reps.fna	0.1207	0.0498	99.69	8.653	NA-NA	HIGH	NA-NA	8	8.653	49/54	99.69	0	IMGVR_UViG_3300029197_000149|3300029197|Ga0167473_100668|13232-24012
/home/jb/open_problems/medical/dysbiosis/fastq_analysis/qc/CXD568_trim_1.fastq.gz	imgvr_reps.fna	0.1198	0.1117	95.38	8.583	NA-NA	HIGH	NA-NA	9	8.583	24/104	95.38	33	IMGVR_UViG_3300045988_162814|3300045988|Ga0495776_070139
/home/jb/open_problems/medical/dysbiosis/fastq_analysis/qc/CXD568_trim_1.fastq.gz	imgvr_reps.fna	0.1196	0.0911	96.10	8.571	NA-NA	HIGH	NA-NA	8	8.571	28/96	96.10	8	IMGVR_UViG_3300007714_000241|3300007714|Ga0105661_1001053
/home/jb/open_problems/medical/dysbiosis/fastq_analysis/qc/CXD568_trim_1.fastq.gz	imgvr_reps.fna	0.1186	0.0640	98.52	8.500	NA-NA	HIGH	NA-NA	7	8.500	34/54	98.52	16	IMGVR_UViG_3300029523_000182|3300029523|Ga0244821_101743
/home/jb/open_problems/medical/dysbiosis/fastq_analysis/qc/CXD568_trim_1.fastq.gz	imgvr_reps.fna	0.1183	0.2633	96.07	8.481	NA-NA	HIGH	NA-NA	10	8.481	77/267	96.07	38	IMGVR_UViG_7000000334_000150|7000000334|SRS015217_WUGC_scaffold_31525
/home/jb/open_problems/medical/dysbiosis/fastq_analysis/qc/CXD568_trim_1.fastq.gz	imgvr_reps.fna	0.1181	0.1964	98.27	8.467	NA-NA	HIGH	NA-NA	8	8.467	107/184	98.27	18	IMGVR_UViG_3300014527_000067|3300014527|Ga0169738_100018|173079-216536
/home/jb/open_problems/medical/dysbiosis/fastq_analysis/qc/CXD568_trim_1.fastq.gz	imgvr_reps.fna	0.1178	0.1041	95.60	8.440	NA-NA	HIGH	NA-NA	8	8.440	25/101	95.60	54	IMGVR_UViG_3300035649_000114|3300035649|Ga0134437_00218|13247-36361
/home/jb/open_problems/medical/dysbiosis/fastq_analysis/qc/CXD568_trim_1.fastq.gz	imgvr_reps.fna	0.1171	0.0944	95.63	8.391	NA-NA	HIGH	NA-NA	7	8.391	23/92	95.63	13	IMGVR_UViG_3300029096_000057|3300029096|Ga0169213_100726
/home/jb/open_problems/medical/dysbiosis/fastq_analysis/qc/CXD568_trim_1.fastq.gz	imgvr_reps.fna	0.1170	0.2683	96.14	8.390	NA-NA	HIGH	NA-NA	8	8.390	77/261	96.14	152	IMGVR_UViG_3300045988_078585|3300045988|Ga0495776_036397
/home/jb/open_problems/medical/dysbiosis/fastq_analysis/qc/CXD568_trim_1.fastq.gz	imgvr_reps.fna	0.1168	0.0752	95.83	8.375	NA-NA	HIGH	NA-NA	11	8.375	16/60	95.83	16	IMGVR_UViG_3300023486_000150|3300023486|Ga0257044_11098
/home/jb/open_problems/medical/dysbiosis/fastq_analysis/qc/CXD568_trim_1.fastq.gz	imgvr_reps.fna	0.1167	0.5082	99.52	8.367	NA-NA	HIGH	NA-NA	8	8.367	422/490	99.52	0	IMGVR_UViG_2854072351_000001|2854072351|2854072373|191904-305691
/home/jb/open_problems/medical/dysbiosis/fastq_analysis/qc/CXD568_trim_1.fastq.gz	imgvr_reps.fna	0.1160	0.0838	99.16	8.312	NA-NA	HIGH	NA-NA	9	8.312	64/83	99.16	1	IMGVR_UViG_3300006298_000141|3300006298|Ga0099618_100660
/home/jb/open_problems/medical/dysbiosis/fastq_analysis/qc/CXD568_trim_1.fastq.gz	imgvr_reps.fna	0.1156	0.0977	95.31	8.286	NA-NA	HIGH	NA-NA	8	8.286	21/93	95.31	31	IMGVR_UViG_3300014941_000011|3300014941|Ga0134385_100358
/home/jb/open_problems/medical/dysbiosis/fastq_analysis/qc/CXD568_trim_1.fastq.gz	imgvr_reps.fna	0.1144	0.0684	96.00	8.200	NA-NA	HIGH	NA-NA	8	8.200	20/71	96.00	30	IMGVR_UViG_3300007361_000143|3300007361|Ga0104787_101799
/home/jb/open_problems/medical/dysbiosis/fastq_analysis/qc/CXD568_trim_1.fastq.gz	imgvr_reps.fna	0.1144	0.0869	95.75	8.200	NA-NA	HIGH	NA-NA	8	8.200	25/96	95.75	33	IMGVR_UViG_3300029251_000076|3300029251|Ga0167475_101303
/home/jb/open_problems/medical/dysbiosis/fastq_analysis/qc/CXD568_trim_1.fastq.gz	imgvr_reps.fna	0.1143	0.1470	95.06	8.192	NA-NA	HIGH	NA-NA	9	8.192	26/125	95.06	0	IMGVR_UViG_3300045988_175579|3300045988|Ga0495776_104095
/home/jb/open_problems/medical/dysbiosis/fastq_analysis/qc/CXD568_trim_1.fastq.gz	imgvr_reps.fna	0.1141	0.1106	96.17	8.179	NA-NA	HIGH	NA-NA	10	8.179	28/94	96.17	35	IMGVR_UViG_3300028997_000005|3300028997|Ga0169671_100255
/home/jb/open_problems/medical/dysbiosis/fastq_analysis/qc/CXD568_trim_1.fastq.gz	imgvr_reps.fna	0.1137	0.0648	97.52	8.147	NA-NA	HIGH	NA-NA	8	8.147	34/74	97.52	17	IMGVR_UViG_2576861539_000003|2576861539|2576895590|9420-24310
/home/jb/open_problems/medical/dysbiosis/fastq_analysis/qc/CXD568_trim_1.fastq.gz	imgvr_reps.fna	0.1137	0.1179	96.23	8.146	NA-NA	HIGH	NA-NA	8	8.146	41/135	96.23	66	IMGVR_UViG_3300029589_000332|3300029589|Ga0245106_100728|2-27125
/home/jb/open_problems/medical/dysbiosis/fastq_analysis/qc/CXD568_trim_1.fastq.gz	imgvr_reps.fna	0.1131	0.0993	96.24	8.103	NA-NA	HIGH	NA-NA	6	8.103	29/95	96.24	34	IMGVR_UViG_3300029389_000432|3300029389|Ga0243995_1000119|65396-88356
/home/jb/open_problems/medical/dysbiosis/fastq_analysis/qc/CXD568_trim_1.fastq.gz	imgvr_reps.fna	0.1130	0.1526	98.90	8.102	NA-NA	HIGH	NA-NA	8	8.102	98/138	98.90	4	IMGVR_UViG_3300045988_138491|3300045988|Ga0495776_143967
/home/jb/open_problems/medical/dysbiosis/fastq_analysis/qc/CXD568_trim_1.fastq.gz	imgvr_reps.fna	0.1128	0.0692	97.61	8.086	NA-NA	HIGH	NA-NA	9	8.086	35/74	97.61	27	IMGVR_UViG_3300039352_000018|3300039352|Ga0169247_0258
/home/jb/open_problems/medical/dysbiosis/fastq_analysis/qc/CXD568_trim_1.fastq.gz	imgvr_reps.fna	0.1124	0.0649	99.71	8.056	NA-NA	HIGH	NA-NA	8	8.056	54/59	99.71	0	IMGVR_UViG_3300029339_000282|3300029339|Ga0242823_1002385
/home/jb/open_problems/medical/dysbiosis/fastq_analysis/qc/CXD568_trim_1.fastq.gz	imgvr_reps.fna	0.1116	0.0789	95.51	8.000	NA-NA	HIGH	NA-NA	8	8.000	19/79	95.51	52	IMGVR_UViG_3300029734_000176|3300029734|Ga0245168_101656
/home/jb/open_problems/medical/dysbiosis/fastq_analysis/qc/CXD568_trim_1.fastq.gz	imgvr_reps.fna	0.1114	0.0737	99.76	7.984	NA-NA	HIGH	NA-NA	8	7.984	64/69	99.76	0	IMGVR_UViG_3300029052_000179|3300029052|Ga0169758_100833
/home/jb/open_problems/medical/dysbiosis/fastq_analysis/qc/CXD568_trim_1.fastq.gz	imgvr_reps.fna	0.1113	0.1402	96.94	7.981	NA-NA	HIGH	NA-NA	7	7.981	53/139	96.94	49	IMGVR_UViG_3300008705_000209|3300008705|Ga0113869_1000778
/home/jb/open_problems/medical/dysbiosis/fastq_analysis/qc/CXD568_trim_1.fastq.gz	imgvr_reps.fna	0.1110	0.0814	96.08	7.958	NA-NA	HIGH	NA-NA	8	7.958	24/83	96.08	23	IMGVR_UViG_3300030387_000193|3300030387|Ga0168759_101212
/home/jb/open_problems/medical/dysbiosis/fastq_analysis/qc/CXD568_trim_1.fastq.gz	imgvr_reps.fna	0.1108	0.1994	97.36	7.943	NA-NA	HIGH	NA-NA	7	7.943	88/202	97.36	0	IMGVR_UViG_3300029665_000083|3300029665|Ga0243765_100384
/home/jb/open_problems/medical/dysbiosis/fastq_analysis/qc/CXD568_trim_1.fastq.gz	imgvr_reps.fna	0.1105	0.0676	98.81	7.918	NA-NA	HIGH	NA-NA	7	7.918	49/71	98.81	0	IMGVR_UViG_7000000077_000066|7000000077|C471090
/home/jb/open_problems/medical/dysbiosis/fastq_analysis/qc/CXD568_trim_1.fastq.gz	imgvr_reps.fna	0.1099	0.0725	99.90	7.875	NA-NA	HIGH	NA-NA	7	7.875	64/66	99.90	0	IMGVR_UViG_3300029339_000290|3300029339|Ga0242823_1002111
/home/jb/open_problems/medical/dysbiosis/fastq_analysis/qc/CXD568_trim_1.fastq.gz	imgvr_reps.fna	0.1098	0.1492	95.47	7.868	NA-NA	HIGH	NA-NA	9	7.868	38/160	95.47	20	IMGVR_UViG_3300014549_000147|3300014549|Ga0134379_100050|511-36042
/home/jb/open_problems/medical/dysbiosis/fastq_analysis/qc/CXD568_trim_1.fastq.gz	imgvr_reps.fna	0.1096	0.0551	95.52	7.857	NA-NA	HIGH	NA-NA	9	7.857	14/58	95.52	0	IMGVR_UViG_2617270950_000005|2617270950|2617319222
/home/jb/open_problems/medical/dysbiosis/fastq_analysis/qc/CXD568_trim_1.fastq.gz	imgvr_reps.fna	0.1096	0.0908	97.09	7.853	NA-NA	HIGH	NA-NA	8	7.853	34/85	97.09	36	IMGVR_UViG_3300008103_000233|3300008103|Ga0114180_101227
/home/jb/open_problems/medical/dysbiosis/fastq_analysis/qc/CXD568_trim_1.fastq.gz	imgvr_reps.fna	0.1086	0.5506	97.70	7.784	NA-NA	HIGH	NA-NA	7	7.784	282/581	97.70	140	IMGVR_UViG_3300029694_000340|3300029694|Ga0245247_100044|3-132533
/home/jb/open_problems/medical/dysbiosis/fastq_analysis/qc/CXD568_trim_1.fastq.gz	imgvr_reps.fna	0.1079	0.1107	99.18	7.730	NA-NA	HIGH	NA-NA	8	7.730	89/115	99.18	0	IMGVR_UViG_3300045988_061680|3300045988|Ga0495776_088196
/home/jb/open_problems/medical/dysbiosis/fastq_analysis/qc/CXD568_trim_1.fastq.gz	imgvr_reps.fna	0.1074	0.1194	97.30	7.698	NA-NA	HIGH	NA-NA	7	7.698	63/147	97.30	48	IMGVR_UViG_3300008523_000024|3300008523|Ga0115231_1000738
/home/jb/open_problems/medical/dysbiosis/fastq_analysis/qc/CXD568_trim_1.fastq.gz	imgvr_reps.fna	0.1073	0.0553	95.09	7.692	NA-NA	HIGH	NA-NA	7	7.692	13/62	95.09	7	IMGVR_UViG_3300029554_000207|3300029554|Ga0245041_101511
/home/jb/open_problems/medical/dysbiosis/fastq_analysis/qc/CXD568_trim_1.fastq.gz	imgvr_reps.fna	0.1070	0.0598	98.32	7.667	NA-NA	HIGH	NA-NA	6	7.667	45/76	98.32	0	IMGVR_UViG_3300014028_000074|3300014028|Ga0117810_1000351
/home/jb/open_problems/medical/dysbiosis/fastq_analysis/qc/CXD568_trim_1.fastq.gz	imgvr_reps.fna	0.1065	0.0748	95.59	7.632	NA-NA	HIGH	NA-NA	7	7.632	19/77	95.59	21	IMGVR_UViG_3300029237_000345|3300029237|Ga0167477_101012
/home/jb/open_problems/medical/dysbiosis/fastq_analysis/qc/CXD568_trim_1.fastq.gz	imgvr_reps.fna	0.1064	0.0540	97.35	7.630	NA-NA	HIGH	NA-NA	6	7.630	27/62	97.35	1	IMGVR_UViG_3300029476_000154|3300029476|Ga0244146_101757
/home/jb/open_problems/medical/dysbiosis/fastq_analysis/qc/CXD568_trim_1.fastq.gz	imgvr_reps.fna	0.1059	0.0786	95.66	7.593	NA-NA	HIGH	NA-NA	8	7.593	27/107	95.66	76	IMGVR_UViG_3300029493_000381|3300029493|Ga0244010_1000243|72260-91657
/home/jb/open_problems/medical/dysbiosis/fastq_analysis/qc/CXD568_trim_1.fastq.gz	imgvr_reps.fna	0.1050	0.0473	99.06	7.526	NA-NA	HIGH	NA-NA	9	7.526	38/51	99.06	4	IMGVR_UViG_3300029128_000036|3300029128|Ga0168745_102245
/home/jb/open_problems/medical/dysbiosis/fastq_analysis/qc/CXD568_trim_1.fastq.gz	imgvr_reps.fna	0.1049	0.0885	96.37	7.519	NA-NA	HIGH	NA-NA	7	7.519	27/85	96.37	37	IMGVR_UViG_3300029540_000142|3300029540|Ga0244948_101040
/home/jb/open_problems/medical/dysbiosis/fastq_analysis/qc/CXD568_trim_1.fastq.gz	imgvr_reps.fna	0.1045	0.0486	98.78	7.488	NA-NA	HIGH	NA-NA	9	7.488	41/60	98.78	3	IMGVR_UViG_3300039322_000244|3300039322|Ga0169808_01079
/home/jb/open_problems/medical/dysbiosis/fastq_analysis/qc/CXD568_trim_1.fastq.gz	imgvr_reps.fna	0.1044	0.1068	95.09	7.480	NA-NA	HIGH	NA-NA	8	7.480	25/119	95.09	39	IMGVR_UViG_2849827911_000003|2849827911|2849827932
/home/jb/open_problems/medical/dysbiosis/fastq_analysis/qc/CXD568_trim_1.fastq.gz	imgvr_reps.fna	0.1041	0.3397	99.96	7.462	NA-NA	HIGH	NA-NA	6	7.462	364/369	99.96	0	IMGVR_UViG_3300045988_178601|3300045988|Ga0495776_039656
/home/jb/open_problems/medical/dysbiosis/fastq_analysis/qc/CXD568_trim_1.fastq.gz	imgvr_reps.fna	0.1040	0.1505	96.44	7.451	NA-NA	HIGH	NA-NA	6	7.451	51/157	96.44	11	IMGVR_UViG_3300029711_000277|3300029711|Ga0245193_100402|42419-80247
/home/jb/open_problems/medical/dysbiosis/fastq_analysis/qc/CXD568_trim_1.fastq.gz	imgvr_reps.fna	0.1030	0.0664	95.75	7.385	NA-NA	HIGH	NA-NA	7	7.385	13/50	95.75	32	IMGVR_UViG_3300030418_000020|3300030418|Ga0238512_100029
/home/jb/open_problems/medical/dysbiosis/fastq_analysis/qc/CXD568_trim_1.fastq.gz	imgvr_reps.fna	0.1028	0.0600	96.36	7.368	NA-NA	HIGH	NA-NA	6	7.368	19/60	96.36	29	IMGVR_UViG_3300028987_000060|3300028987|Ga0169644_100488
/home/jb/open_problems/medical/dysbiosis/fastq_analysis/qc/CXD568_trim_1.fastq.gz	imgvr_reps.fna	0.1028	0.0693	96.70	7.367	NA-NA	HIGH	NA-NA	8	7.367	30/85	96.70	0	IMGVR_UViG_3300029016_000047|3300029016|Ga0169614_100924
/home/jb/open_problems/medical/dysbiosis/fastq_analysis/qc/CXD568_trim_1.fastq.gz	imgvr_reps.fna	0.1025	0.1387	98.06	7.350	NA-NA	HIGH	NA-NA	7	7.350	80/147	98.06	0	IMGVR_UViG_3300029608_000258|3300029608|Ga0245152_100761
/home/jb/open_problems/medical/dysbiosis/fastq_analysis/qc/CXD568_trim_1.fastq.gz	imgvr_reps.fna	0.1023	0.1490	95.98	7.333	NA-NA	HIGH	NA-NA	5	7.333	48/171	95.98	67	IMGVR_UViG_2882847703_000003|2882847703|2882847770|51-38114
/home/jb/open_problems/medical/dysbiosis/fastq_analysis/qc/CXD568_trim_1.fastq.gz	imgvr_reps.fna	0.1022	0.0861	97.38	7.326	NA-NA	HIGH	NA-NA	7	7.326	43/98	97.38	0	IMGVR_UViG_3300014963_000723|3300014963|Ga0134523_1003552
/home/jb/open_problems/medical/dysbiosis/fastq_analysis/qc/CXD568_trim_1.fastq.gz	imgvr_reps.fna	0.1022	0.1135	99.85	7.325	NA-NA	HIGH	NA-NA	7	7.325	123/129	99.85	6	IMGVR_UViG_7000000433_000039|7000000433|SRS050752_LANL_scaffold_24340
/home/jb/open_problems/medical/dysbiosis/fastq_analysis/qc/CXD568_trim_1.fastq.gz	imgvr_reps.fna	0.1018	0.2189	99.34	7.295	NA-NA	HIGH	NA-NA	7	7.295	193/237	99.34	0	IMGVR_UViG_2833376260_000003|2833376260|2833376293|81172-137374
/home/jb/open_problems/medical/dysbiosis/fastq_analysis/qc/CXD568_trim_1.fastq.gz	imgvr_reps.fna	0.1011	0.0629	97.14	7.250	NA-NA	HIGH	NA-NA	7	7.250	24/59	97.14	26	IMGVR_UViG_3300008672_000242|3300008672|Ga0111519_102054
/home/jb/open_problems/medical/dysbiosis/fastq_analysis/qc/CXD568_trim_1.fastq.gz	imgvr_reps.fna	0.1010	0.1830	96.10	7.242	NA-NA	HIGH	NA-NA	5	7.242	62/213	96.10	145	IMGVR_UViG_3300029762_000130|3300029762|Ga0245183_100507
/home/jb/open_problems/medical/dysbiosis/fastq_analysis/qc/CXD568_trim_1.fastq.gz	imgvr_reps.fna	0.1010	0.2968	97.29	7.242	NA-NA	HIGH	NA-NA	6	7.242	149/349	97.29	145	IMGVR_UViG_3300029292_000256|3300029292|Ga0167469_100069|32407-109190
/home/jb/open_problems/medical/dysbiosis/fastq_analysis/qc/CXD568_trim_1.fastq.gz	imgvr_reps.fna	0.1010	0.0831	95.95	7.240	NA-NA	HIGH	NA-NA	7	7.240	25/90	95.95	1	IMGVR_UViG_3300006464_000220|3300006464|Ga0100221_1001394
/home/jb/open_problems/medical/dysbiosis/fastq_analysis/qc/CXD568_trim_1.fastq.gz	imgvr_reps.fna	0.1010	0.0713	95.94	7.238	NA-NA	HIGH	NA-NA	8	7.238	21/76	95.94	22	IMGVR_UViG_3300029020_000102|3300029020|Ga0169702_100798
/home/jb/open_problems/medical/dysbiosis/fastq_analysis/qc/CXD568_trim_1.fastq.gz	imgvr_reps.fna	0.1004	0.1512	97.13	7.194	NA-NA	HIGH	NA-NA	7	7.194	62/153	97.13	0	IMGVR_UViG_3300045988_098572|3300045988|Ga0495776_025758
/home/jb/open_problems/medical/dysbiosis/fastq_analysis/qc/CXD568_trim_1.fastq.gz	imgvr_reps.fna	0.1002	0.2005	95.76	7.182	NA-NA	HIGH	NA-NA	7	7.182	55/211	95.76	18	IMGVR_UViG_3300029387_000105|3300029387|Ga0243994_100466
/home/jb/open_problems/medical/dysbiosis/fastq_analysis/qc/CXD568_trim_1.fastq.gz	imgvr_reps.fna	0.0997	0.0952	96.52	7.143	NA-NA	HIGH	NA-NA	7	7.143	35/105	96.52	57	IMGVR_UViG_3300029465_000089|3300029465|Ga0244121_100821
/home/jb/open_problems/medical/dysbiosis/fastq_analysis/qc/CXD568_trim_1.fastq.gz	imgvr_reps.fna	0.0996	0.0521	99.89	7.140	NA-NA	HIGH	NA-NA	6	7.140	57/59	99.89	0	IMGVR_UViG_3300029767_000339|3300029767|Ga0243804_100577|43620-57283
/home/jb/open_problems/medical/dysbiosis/fastq_analysis/qc/CXD568_trim_1.fastq.gz	imgvr_reps.fna	0.0991	0.2207	97.52	7.102	NA-NA	HIGH	NA-NA	7	7.102	118/257	97.52	139	IMGVR_UViG_3300008622_000371|3300008622|Ga0111363_100032|45924-104145
/home/jb/open_problems/medical/dysbiosis/fastq_analysis/qc/CXD568_trim_1.fastq.gz	imgvr_reps.fna	0.0973	0.1021	96.18	6.971	NA-NA	HIGH	NA-NA	6	6.971	35/117	96.18	8	IMGVR_UViG_3300029441_000265|3300029441|Ga0243753_1001787
/home/jb/open_problems/medical/dysbiosis/fastq_analysis/qc/CXD568_trim_1.fastq.gz	imgvr_reps.fna	0.0973	0.0453	98.13	6.971	NA-NA	HIGH	NA-NA	5	6.971	34/61	98.13	6	IMGVR_UViG_3300029018_000069|3300029018|Ga0169593_100964
/home/jb/open_problems/medical/dysbiosis/fastq_analysis/qc/CXD568_trim_1.fastq.gz	imgvr_reps.fna	0.0972	0.0575	97.33	6.969	NA-NA	HIGH	NA-NA	5	6.969	32/74	97.33	0	IMGVR_UViG_3300029709_000287|3300029709|Ga0245177_102354
/home/jb/open_problems/medical/dysbiosis/fastq_analysis/qc/CXD568_trim_1.fastq.gz	imgvr_reps.fna	0.0967	0.0595	95.07	6.933	NA-NA	HIGH	NA-NA	6	6.933	15/72	95.07	8	IMGVR_UViG_3300029874_000218|3300029874|Ga0245322_101817
/home/jb/open_problems/medical/dysbiosis/fastq_analysis/qc/CXD568_trim_1.fastq.gz	imgvr_reps.fna	0.0967	0.0555	95.31	6.929	NA-NA	HIGH	NA-NA	6	6.929	14/62	95.31	21	IMGVR_UViG_3300029852_000263|3300029852|Ga0245291_102155
/home/jb/open_problems/medical/dysbiosis/fastq_analysis/qc/CXD568_trim_1.fastq.gz	imgvr_reps.fna	0.0966	0.0640	96.36	6.923	NA-NA	HIGH	NA-NA	6	6.923	26/82	96.36	16	IMGVR_UViG_3300029220_000201|3300029220|Ga0168707_100996
/home/jb/open_problems/medical/dysbiosis/fastq_analysis/qc/CXD568_trim_1.fastq.gz	imgvr_reps.fna	0.0962	0.0972	99.97	6.894	NA-NA	HIGH	NA-NA	7	6.894	104/105	99.97	0	IMGVR_UViG_3300029586_000021|3300029586|Ga0243865_1001197
/home/jb/open_problems/medical/dysbiosis/fastq_analysis/qc/CXD568_trim_1.fastq.gz	imgvr_reps.fna	0.0959	0.0617	96.35	6.875	NA-NA	HIGH	NA-NA	7	6.875	24/76	96.35	2	IMGVR_UViG_3300029381_000396|3300029381|Ga0243902_1002517
/home/jb/open_problems/medical/dysbiosis/fastq_analysis/qc/CXD568_trim_1.fastq.gz	imgvr_reps.fna	0.0948	0.0471	97.24	6.793	NA-NA	HIGH	NA-NA	7	6.793	29/69	97.24	0	IMGVR_UViG_3300029218_000142|3300029218|Ga0168718_101351
/home/jb/open_problems/medical/dysbiosis/fastq_analysis/qc/CXD568_trim_1.fastq.gz	imgvr_reps.fna	0.0948	0.0626	97.09	6.792	NA-NA	HIGH	NA-NA	7	6.792	24/60	97.09	0	IMGVR_UViG_7000000142_000043|7000000142|SRS016753_Baylor_scaffold_781
/home/jb/open_problems/medical/dysbiosis/fastq_analysis/qc/CXD568_trim_1.fastq.gz	imgvr_reps.fna	0.0945	0.0728	95.11	6.773	NA-NA	HIGH	NA-NA	7	6.773	22/104	95.11	20	IMGVR_UViG_3300007796_000308|3300007796|Ga0105889_100879|1-20136
/home/jb/open_problems/medical/dysbiosis/fastq_analysis/qc/CXD568_trim_1.fastq.gz	imgvr_reps.fna	0.0944	0.0504	97.19	6.769	NA-NA	HIGH	NA-NA	7	6.769	26/63	97.19	12	IMGVR_UViG_3300006747_000133|3300006747|Ga0101801_101463
/home/jb/open_problems/medical/dysbiosis/fastq_analysis/qc/CXD568_trim_1.fastq.gz	imgvr_reps.fna	0.0942	0.0592	98.75	6.750	NA-NA	HIGH	NA-NA	8	6.750	48/71	98.75	12	IMGVR_UViG_3300029457_000077|3300029457|Ga0244117_100962
/home/jb/open_problems/medical/dysbiosis/fastq_analysis/qc/CXD568_trim_1.fastq.gz	imgvr_reps.fna	0.0936	0.0608	98.61	6.708	NA-NA	HIGH	NA-NA	7	6.708	48/74	98.61	5	IMGVR_UViG_3300029351_000066|3300029351|Ga0242803_100772
/home/jb/open_problems/medical/dysbiosis/fastq_analysis/qc/CXD568_trim_1.fastq.gz	imgvr_reps.fna	0.0934	0.0657	99.19	6.695	NA-NA	HIGH	NA-NA	7	6.695	59/76	99.19	0	IMGVR_UViG_3300029124_000275|3300029124|Ga0169224_1000844
/home/jb/open_problems/medical/dysbiosis/fastq_analysis/qc/CXD568_trim_1.fastq.gz	imgvr_reps.fna	0.0933	0.0479	100.00	6.684	NA-NA	HIGH	NA-NA	7	6.684	57/57	100.00	0	IMGVR_UViG_3300029332_000054|3300029332|Ga0243782_102473
/home/jb/open_problems/medical/dysbiosis/fastq_analysis/qc/CXD568_trim_1.fastq.gz	imgvr_reps.fna	0.0930	0.0562	96.40	6.667	NA-NA	HIGH	NA-NA	7	6.667	18/56	96.40	32	IMGVR_UViG_3300029401_000146|3300029401|Ga0242819_101476
/home/jb/open_problems/medical/dysbiosis/fastq_analysis/qc/CXD568_trim_1.fastq.gz	imgvr_reps.fna	0.0929	0.1019	96.09	6.658	NA-NA	HIGH	NA-NA	7	6.658	38/131	96.09	61	IMGVR_UViG_3300008712_000076|3300008712|Ga0113873_100791
/home/jb/open_problems/medical/dysbiosis/fastq_analysis/qc/CXD568_trim_1.fastq.gz	imgvr_reps.fna	0.0929	0.0562	96.52	6.655	NA-NA	HIGH	NA-NA	7	6.655	29/87	96.52	0	IMGVR_UViG_7000000587_000103|7000000587|SRS023971_Baylor_scaffold_3896
/home/jb/open_problems/medical/dysbiosis/fastq_analysis/qc/CXD568_trim_1.fastq.gz	imgvr_reps.fna	0.0928	0.0845	95.46	6.652	NA-NA	HIGH	NA-NA	5	6.652	23/97	95.46	16	IMGVR_UViG_3300029851_000225|3300029851|Ga0245290_100019|253153-276960
/home/jb/open_problems/medical/dysbiosis/fastq_analysis/qc/CXD568_trim_1.fastq.gz	imgvr_reps.fna	0.0928	0.0845	97.04	6.649	NA-NA	HIGH	NA-NA	3	6.649	37/94	97.04	44	IMGVR_UViG_3300039369_000043|3300039369|Ga0169263_00040|1-23812
/home/jb/open_problems/medical/dysbiosis/fastq_analysis/qc/CXD568_trim_1.fastq.gz	imgvr_reps.fna	0.0925	0.1066	95.43	6.633	NA-NA	HIGH	NA-NA	14	6.633	30/128	95.43	78	IMGVR_UViG_2839391462_000001|2839391462|2839391477|27886-57984
/home/jb/open_problems/medical/dysbiosis/fastq_analysis/qc/CXD568_trim_1.fastq.gz	imgvr_reps.fna	0.0925	0.1924	95.24	6.633	NA-NA	HIGH	NA-NA	6	6.633	49/222	95.24	17	IMGVR_UViG_3300039382_000183|3300039382|Ga0169844_000048
/home/jb/open_problems/medical/dysbiosis/fastq_analysis/qc/CXD568_trim_1.fastq.gz	imgvr_reps.fna	0.0925	0.0851	97.28	6.630	NA-NA	HIGH	NA-NA	7	6.630	46/108	97.28	40	IMGVR_UViG_3300029589_000166|3300029589|Ga0245106_101369
/home/jb/open_problems/medical/dysbiosis/fastq_analysis/qc/CXD568_trim_1.fastq.gz	imgvr_reps.fna	0.0924	0.0417	97.04	6.625	NA-NA	HIGH	NA-NA	4	6.625	24/61	97.04	0	IMGVR_UViG_3300029794_000070|3300029794|Ga0243854_1003338
/home/jb/open_problems/medical/dysbiosis/fastq_analysis/qc/CXD568_trim_1.fastq.gz	imgvr_reps.fna	0.0921	0.0565	95.15	6.600	NA-NA	HIGH	NA-NA	8	6.600	15/70	95.15	0	IMGVR_UViG_3300029037_000177|3300029037|Ga0169705_100372|9537-25581
/home/jb/open_problems/medical/dysbiosis/fastq_analysis/qc/CXD568_trim_1.fastq.gz	imgvr_reps.fna	0.0917	0.3754	95.72	6.573	NA-NA	HIGH	NA-NA	6	6.573	124/481	95.72	224	IMGVR_UViG_3300045988_171614|3300045988|Ga0495776_074408
/home/jb/open_problems/medical/dysbiosis/fastq_analysis/qc/CXD568_trim_1.fastq.gz	imgvr_reps.fna	0.0912	0.0967	96.29	6.538	NA-NA	HIGH	NA-NA	6	6.538	39/126	96.29	27	IMGVR_UViG_3300029482_000076|3300029482|Ga0244120_100934
/home/jb/open_problems/medical/dysbiosis/fastq_analysis/qc/CXD568_trim_1.fastq.gz	imgvr_reps.fna	0.0912	0.0611	99.01	6.534	NA-NA	HIGH	NA-NA	5	6.534	58/79	99.01	9	IMGVR_UViG_3300029381_000451|3300029381|Ga0243902_1002390
/home/jb/open_problems/medical/dysbiosis/fastq_analysis/qc/CXD568_trim_1.fastq.gz	imgvr_reps.fna	0.0911	0.0693	97.38	6.528	NA-NA	HIGH	NA-NA	7	6.528	36/82	97.38	37	IMGVR_UViG_3300004827_000016|3300004827|Ga0071340_100047
/home/jb/open_problems/medical/dysbiosis/fastq_analysis/qc/CXD568_trim_1.fastq.gz	imgvr_reps.fna	0.0895	0.0434	95.38	6.417	NA-NA	HIGH	NA-NA	7	6.417	12/52	95.38	12	IMGVR_UViG_3300029410_000300|3300029410|Ga0242843_101148|2-12684
/home/jb/open_problems/medical/dysbiosis/fastq_analysis/qc/CXD568_trim_1.fastq.gz	imgvr_reps.fna	0.0893	0.0538	96.48	6.400	NA-NA	HIGH	NA-NA	6	6.400	25/76	96.48	0	IMGVR_UViG_3300029413_000141|3300029413|Ga0243792_1001514
/home/jb/open_problems/medical/dysbiosis/fastq_analysis/qc/CXD568_trim_1.fastq.gz	imgvr_reps.fna	0.0893	0.0487	99.94	6.400	NA-NA	HIGH	NA-NA	6	6.400	55/56	99.94	0	IMGVR_UViG_3300030319_000212|3300030319|Ga0244979_101957
/home/jb/open_problems/medical/dysbiosis/fastq_analysis/qc/CXD568_trim_1.fastq.gz	imgvr_reps.fna	0.0890	0.0659	98.64	6.382	NA-NA	HIGH	NA-NA	6	6.382	55/84	98.64	10	IMGVR_UViG_3300029133_000212|3300029133|Ga0168787_101198
/home/jb/open_problems/medical/dysbiosis/fastq_analysis/qc/CXD568_trim_1.fastq.gz	imgvr_reps.fna	0.0884	0.0576	96.89	6.333	NA-NA	HIGH	NA-NA	6	6.333	30/80	96.89	44	IMGVR_UViG_3300029132_000149|3300029132|Ga0168796_101484
/home/jb/open_problems/medical/dysbiosis/fastq_analysis/qc/CXD568_trim_1.fastq.gz	imgvr_reps.fna	0.0884	0.1317	96.06	6.333	NA-NA	HIGH	NA-NA	6	6.333	48/167	96.06	1	IMGVR_UViG_3300045988_171708|3300045988|Ga0495776_043815
/home/jb/open_problems/medical/dysbiosis/fastq_analysis/qc/CXD568_trim_1.fastq.gz	imgvr_reps.fna	0.0883	0.1624	95.19	6.326	NA-NA	HIGH	NA-NA	5	6.326	46/212	95.19	5	IMGVR_UViG_3300014531_000048|3300014531|Ga0169866_100282
/home/jb/open_problems/medical/dysbiosis/fastq_analysis/qc/CXD568_trim_1.fastq.gz	imgvr_reps.fna	0.0878	0.0518	95.49	6.294	NA-NA	HIGH	NA-NA	6	6.294	17/71	95.49	21	IMGVR_UViG_7000000300_000160|7000000300|SRS043701_LANL_scaffold_3564|3-15406
/home/jb/open_problems/medical/dysbiosis/fastq_analysis/qc/CXD568_trim_1.fastq.gz	imgvr_reps.fna	0.0878	0.0650	95.69	6.292	NA-NA	HIGH	NA-NA	6	6.292	24/94	95.69	34	IMGVR_UViG_3300029847_000229|3300029847|Ga0245281_101495
/home/jb/open_problems/medical/dysbiosis/fastq_analysis/qc/CXD568_trim_1.fastq.gz	imgvr_reps.fna	0.0877	0.1574	97.59	6.286	NA-NA	HIGH	NA-NA	7	6.286	98/209	97.59	104	IMGVR_UViG_3300029419_000278|3300029419|Ga0243913_100132|9759-56682
/home/jb/open_problems/medical/dysbiosis/fastq_analysis/qc/CXD568_trim_1.fastq.gz	imgvr_reps.fna	0.0875	0.0466	98.01	6.270	NA-NA	HIGH	NA-NA	5	6.270	37/69	98.01	0	IMGVR_UViG_3300029406_000256|3300029406|Ga0242805_100207|70117-84044
/home/jb/open_problems/medical/dysbiosis/fastq_analysis/qc/CXD568_trim_1.fastq.gz	imgvr_reps.fna	0.0873	0.1137	97.43	6.254	NA-NA	HIGH	NA-NA	6	6.254	63/141	97.43	60	IMGVR_UViG_3300029758_000209|3300029758|Ga0242784_100556|1-34074
/home/jb/open_problems/medical/dysbiosis/fastq_analysis/qc/CXD568_trim_1.fastq.gz	imgvr_reps.fna	0.0872	0.0681	96.59	6.250	NA-NA	HIGH	NA-NA	6	6.250	28/82	96.59	25	IMGVR_UViG_3300029506_000035|3300029506|Ga0244846_100619
/home/jb/open_problems/medical/dysbiosis/fastq_analysis/qc/CXD568_trim_1.fastq.gz	imgvr_reps.fna	0.0870	0.1363	96.37	6.236	NA-NA	HIGH	NA-NA	7	6.236	55/173	96.37	2	IMGVR_UViG_3300029743_000139|3300029743|Ga0245246_100797
/home/jb/open_problems/medical/dysbiosis/fastq_analysis/qc/CXD568_trim_1.fastq.gz	imgvr_reps.fna	0.0868	0.0543	99.08	6.222	NA-NA	HIGH	NA-NA	6	6.222	54/72	99.08	2	IMGVR_UViG_3300029010_000022|3300029010|Ga0169625_100998
/home/jb/open_problems/medical/dysbiosis/fastq_analysis/qc/CXD568_trim_1.fastq.gz	imgvr_reps.fna	0.0866	0.0942	95.10	6.208	NA-NA	HIGH	NA-NA	7	6.208	24/114	95.10	47	IMGVR_UViG_3300007805_000180|3300007805|Ga0105637_100659
/home/jb/open_problems/medical/dysbiosis/fastq_analysis/qc/CXD568_trim_1.fastq.gz	imgvr_reps.fna	0.0858	0.1194	97.92	6.151	NA-NA	HIGH	NA-NA	6	6.151	86/165	97.92	39	IMGVR_UViG_3300008599_000020|3300008599|Ga0111091_100509
/home/jb/open_problems/medical/dysbiosis/fastq_analysis/qc/CXD568_trim_1.fastq.gz	imgvr_reps.fna	0.0850	0.0380	95.17	6.091	NA-NA	HIGH	NA-NA	6	6.091	11/51	95.17	4	IMGVR_UViG_3300029098_000066|3300029098|Ga0169171_101373
/home/jb/open_problems/medical/dysbiosis/fastq_analysis/qc/CXD568_trim_1.fastq.gz	imgvr_reps.fna	0.0845	0.0491	95.49	6.059	NA-NA	HIGH	NA-NA	5	6.059	17/71	95.49	12	IMGVR_UViG_3300023504_000223|3300023504|Ga0257038_102242
/home/jb/open_problems/medical/dysbiosis/fastq_analysis/qc/CXD568_trim_1.fastq.gz	imgvr_reps.fna	0.0840	0.0841	99.76	6.018	NA-NA	HIGH	NA-NA	6	6.018	114/123	99.76	0	IMGVR_UViG_3300006525_000420|3300006525|Ga0101027_100265|33010-59182
/home/jb/open_problems/medical/dysbiosis/fastq_analysis/qc/CXD568_trim_1.fastq.gz	imgvr_reps.fna	0.0837	0.0574	96.48	6.000	NA-NA	HIGH	NA-NA	4	6.000	31/94	96.48	53	IMGVR_UViG_2898033785_000009|2898033785|2898033842|3576-21507
/home/jb/open_problems/medical/dysbiosis/fastq_analysis/qc/CXD568_trim_1.fastq.gz	imgvr_reps.fna	0.0837	0.0470	95.07	6.000	NA-NA	HIGH	NA-NA	5	6.000	15/72	95.07	20	IMGVR_UViG_3300007991_000341|3300007991|Ga0105643_100933|13550-28236
/home/jb/open_problems/medical/dysbiosis/fastq_analysis/qc/CXD568_trim_1.fastq.gz	imgvr_reps.fna	0.0837	0.0799	96.01	6.000	NA-NA	HIGH	NA-NA	7	6.000	30/106	96.01	50	IMGVR_UViG_3300045988_054388|3300045988|Ga0495776_049377
/home/jb/open_problems/medical/dysbiosis/fastq_analysis/qc/CXD568_trim_1.fastq.gz	imgvr_reps.fna	0.0831	0.1319	97.54	5.958	NA-NA	HIGH	NA-NA	6	5.958	72/156	97.54	50	IMGVR_UViG_3300029008_000079|3300029008|Ga0169638_100085|2834-44290
/home/jb/open_problems/medical/dysbiosis/fastq_analysis/qc/CXD568_trim_1.fastq.gz	imgvr_reps.fna	0.0831	0.0546	99.82	5.956	NA-NA	HIGH	NA-NA	6	5.956	68/72	99.82	0	IMGVR_UViG_3300029428_000036|3300029428|Ga0242788_101771
/home/jb/open_problems/medical/dysbiosis/fastq_analysis/qc/CXD568_trim_1.fastq.gz	imgvr_reps.fna	0.0829	0.0526	97.32	5.941	NA-NA	HIGH	NA-NA	3	5.941	34/79	97.32	6	IMGVR_UViG_3300029355_000112|3300029355|Ga0243784_101576
/home/jb/open_problems/medical/dysbiosis/fastq_analysis/qc/CXD568_trim_1.fastq.gz	imgvr_reps.fna	0.0827	0.0471	99.55	5.925	NA-NA	HIGH	NA-NA	6	5.925	53/61	99.55	0	IMGVR_UViG_3300029471_000207|3300029471|Ga0244196_100320|2-14892
/home/jb/open_problems/medical/dysbiosis/fastq_analysis/qc/CXD568_trim_1.fastq.gz	imgvr_reps.fna	0.0819	0.0979	95.50	5.871	NA-NA	HIGH	NA-NA	4	5.871	31/129	95.50	60	IMGVR_UViG_3300006739_000299|3300006739|Ga0101793_100076|64083-95326
/home/jb/open_problems/medical/dysbiosis/fastq_analysis/qc/CXD568_trim_1.fastq.gz	imgvr_reps.fna	0.0819	0.0927	95.30	5.871	NA-NA	HIGH	NA-NA	6	5.871	31/138	95.30	67	IMGVR_UViG_3300029517_000097|3300029517|Ga0244792_100896
/home/jb/open_problems/medical/dysbiosis/fastq_analysis/qc/CXD568_trim_1.fastq.gz	imgvr_reps.fna	0.0819	0.0467	99.38	5.869	NA-NA	HIGH	NA-NA	12	5.869	61/74	99.38	4	IMGVR_UViG_2854222423_000001|2854222423|2854222509
/home/jb/open_problems/medical/dysbiosis/fastq_analysis/qc/CXD568_trim_1.fastq.gz	imgvr_reps.fna	0.0815	0.0570	98.99	5.842	NA-NA	HIGH	NA-NA	4	5.842	57/78	98.99	0	IMGVR_UViG_3300023538_000013|3300023538|Ga0257033_10663
/home/jb/open_problems/medical/dysbiosis/fastq_analysis/qc/CXD568_trim_1.fastq.gz	imgvr_reps.fna	0.0806	0.2714	96.01	5.780	NA-NA	HIGH	NA-NA	6	5.780	100/353	96.01	1	IMGVR_UViG_3300029553_000005|3300029553|Ga0245115_100156
/home/jb/open_problems/medical/dysbiosis/fastq_analysis/qc/CXD568_trim_1.fastq.gz	imgvr_reps.fna	0.0806	0.0597	98.81	5.776	NA-NA	HIGH	NA-NA	6	5.776	49/71	98.81	0	IMGVR_UViG_3300029668_000018|3300029668|Ga0245235_101134
/home/jb/open_problems/medical/dysbiosis/fastq_analysis/qc/CXD568_trim_1.fastq.gz	imgvr_reps.fna	0.0804	0.0434	95.96	5.765	NA-NA	HIGH	NA-NA	5	5.765	17/61	95.96	14	IMGVR_UViG_3300007524_000069|3300007524|Ga0105481_1001638
/home/jb/open_problems/medical/dysbiosis/fastq_analysis/qc/CXD568_trim_1.fastq.gz	imgvr_reps.fna	0.0804	0.0442	95.98	5.762	NA-NA	HIGH	NA-NA	5	5.762	21/75	95.98	9	IMGVR_UViG_3300029409_000263|3300029409|Ga0243858_101216|212-14596
/home/jb/open_problems/medical/dysbiosis/fastq_analysis/qc/CXD568_trim_1.fastq.gz	imgvr_reps.fna	0.0803	0.0752	98.64	5.759	NA-NA	HIGH	NA-NA	6	5.759	83/127	98.64	20	IMGVR_UViG_2849758459_000003|2849758459|2849758468|23384-47830
/home/jb/open_problems/medical/dysbiosis/fastq_analysis/qc/CXD568_trim_1.fastq.gz	imgvr_reps.fna	0.0802	0.0439	95.22	5.750	NA-NA	HIGH	NA-NA	7	5.750	16/73	95.22	0	IMGVR_UViG_3300008100_000197|3300008100|Ga0114174_101059
/home/jb/open_problems/medical/dysbiosis/fastq_analysis/qc/CXD568_trim_1.fastq.gz	imgvr_reps.fna	0.0802	0.0947	98.74	5.747	NA-NA	HIGH	NA-NA	5	5.747	79/117	98.74	19	IMGVR_UViG_3300023718_000197|3300023718|Ga0257036_10001|765780-796643
/home/jb/open_problems/medical/dysbiosis/fastq_analysis/qc/CXD568_trim_1.fastq.gz	imgvr_reps.fna	0.0799	0.0694	98.22	5.730	NA-NA	HIGH	NA-NA	5	5.730	63/110	98.22	0	IMGVR_UViG_3300014958_000182|3300014958|Ga0134421_1000912
/home/jb/open_problems/medical/dysbiosis/fastq_analysis/qc/CXD568_trim_1.fastq.gz	imgvr_reps.fna	0.0798	0.0398	98.57	5.718	NA-NA	HIGH	NA-NA	5	5.718	39/61	98.57	5	IMGVR_UViG_3300030029_000227|3300030029|Ga0245284_1002192
/home/jb/open_problems/medical/dysbiosis/fastq_analysis/qc/CXD568_trim_1.fastq.gz	imgvr_reps.fna	0.0795	0.1355	95.21	5.698	NA-NA	HIGH	NA-NA	6	5.698	43/197	95.21	52	IMGVR_UViG_3300029574_000201|3300029574|Ga0243862_100025|1315-45882
/home/jb/open_problems/medical/dysbiosis/fastq_analysis/qc/CXD568_trim_1.fastq.gz	imgvr_reps.fna	0.0795	0.0357	97.01	5.696	NA-NA	HIGH	NA-NA	5	5.696	23/59	97.01	1	IMGVR_UViG_3300029357_000113|3300029357|Ga0243847_103002
/home/jb/open_problems/medical/dysbiosis/fastq_analysis/qc/CXD568_trim_1.fastq.gz	imgvr_reps.fna	0.0794	0.0751	95.60	5.690	NA-NA	HIGH	NA-NA	5	5.690	29/117	95.60	11	IMGVR_UViG_3300029228_000171|3300029228|Ga0167501_100720
/home/jb/open_problems/medical/dysbiosis/fastq_analysis/qc/CXD568_trim_1.fastq.gz	imgvr_reps.fna	0.0791	0.1152	96.15	5.667	NA-NA	HIGH	NA-NA	6	5.667	51/172	96.15	11	IMGVR_UViG_3300029391_000188|3300029391|Ga0243992_100908
/home/jb/open_problems/medical/dysbiosis/fastq_analysis/qc/CXD568_trim_1.fastq.gz	imgvr_reps.fna	0.0791	0.0453	95.43	5.667	NA-NA	HIGH	NA-NA	6	5.667	15/64	95.43	17	IMGVR_UViG_3300014934_000076|3300014934|Ga0169773_100793
/home/jb/open_problems/medical/dysbiosis/fastq_analysis/qc/CXD568_trim_1.fastq.gz	imgvr_reps.fna	0.0788	0.0407	98.13	5.647	NA-NA	HIGH	NA-NA	5	5.647	34/61	98.13	0	IMGVR_UViG_3300029573_000059|3300029573|Ga0245101_102105
/home/jb/open_problems/medical/dysbiosis/fastq_analysis/qc/CXD568_trim_1.fastq.gz	imgvr_reps.fna	0.0784	0.0747	99.30	5.617	NA-NA	HIGH	NA-NA	6	5.617	94/117	99.30	0	IMGVR_UViG_3300045988_104581|3300045988|Ga0495776_090323
/home/jb/open_problems/medical/dysbiosis/fastq_analysis/qc/CXD568_trim_1.fastq.gz	imgvr_reps.fna	0.0783	0.1112	98.92	5.610	NA-NA	HIGH	NA-NA	6	5.610	105/147	98.92	23	IMGVR_UViG_3300045988_119758|3300045988|Ga0495776_087508
/home/jb/open_problems/medical/dysbiosis/fastq_analysis/qc/CXD568_trim_1.fastq.gz	imgvr_reps.fna	0.0781	0.0889	99.90	5.597	NA-NA	HIGH	NA-NA	6	5.597	124/128	99.90	0	IMGVR_UViG_3300029192_000096|3300029192|Ga0168705_100192|31089-60839
/home/jb/open_problems/medical/dysbiosis/fastq_analysis/qc/CXD568_trim_1.fastq.gz	imgvr_reps.fna	0.0778	0.0717	98.02	5.579	NA-NA	HIGH	NA-NA	6	5.579	57/106	98.02	0	IMGVR_UViG_3300045988_119942|3300045988|Ga0495776_109555
/home/jb/open_problems/medical/dysbiosis/fastq_analysis/qc/CXD568_trim_1.fastq.gz	imgvr_reps.fna	0.0775	0.0722	98.95	5.554	NA-NA	HIGH	NA-NA	5	5.554	83/115	98.95	2	IMGVR_UViG_3300007524_000226|3300007524|Ga0105481_1000869
/home/jb/open_problems/medical/dysbiosis/fastq_analysis/qc/CXD568_trim_1.fastq.gz	imgvr_reps.fna	0.0763	0.0816	95.80	5.469	NA-NA	HIGH	NA-NA	6	5.469	32/121	95.80	37	IMGVR_UViG_3300045988_169637|3300045988|Ga0495776_131846
/home/jb/open_problems/medical/dysbiosis/fastq_analysis/qc/CXD568_trim_1.fastq.gz	imgvr_reps.fna	0.0762	0.0904	96.01	5.462	NA-NA	HIGH	NA-NA	5	5.462	39/138	96.01	3	IMGVR_UViG_3300029414_000132|3300029414|Ga0243798_101122
/home/jb/open_problems/medical/dysbiosis/fastq_analysis/qc/CXD568_trim_1.fastq.gz	imgvr_reps.fna	0.0762	0.0388	98.85	5.459	NA-NA	HIGH	NA-NA	5	5.459	37/53	98.85	0	IMGVR_UViG_3300014958_000036|3300014958|Ga0134421_1001529
/home/jb/open_problems/medical/dysbiosis/fastq_analysis/qc/CXD568_trim_1.fastq.gz	imgvr_reps.fna	0.0753	0.1070	95.57	5.395	NA-NA	HIGH	NA-NA	5	5.395	38/155	95.57	89	IMGVR_UViG_3300029619_000180|3300029619|Ga0245131_1000963
/home/jb/open_problems/medical/dysbiosis/fastq_analysis/qc/CXD568_trim_1.fastq.gz	imgvr_reps.fna	0.0748	0.0342	96.92	5.364	NA-NA	HIGH	NA-NA	5	5.364	22/58	96.92	0	IMGVR_UViG_3300029127_000146|3300029127|Ga0168774_101801
/home/jb/open_problems/medical/dysbiosis/fastq_analysis/qc/CXD568_trim_1.fastq.gz	imgvr_reps.fna	0.0748	0.0558	97.19	5.361	NA-NA	HIGH	NA-NA	7	5.361	36/87	97.19	0	IMGVR_UViG_3300029789_000183|3300029789|Ga0243734_1001220
/home/jb/open_problems/medical/dysbiosis/fastq_analysis/qc/CXD568_trim_1.fastq.gz	imgvr_reps.fna	0.0747	0.0453	95.12	5.357	NA-NA	HIGH	NA-NA	6	5.357	14/66	95.12	4	IMGVR_UViG_3300029706_000205|3300029706|Ga0245271_101924
/home/jb/open_problems/medical/dysbiosis/fastq_analysis/qc/CXD568_trim_1.fastq.gz	imgvr_reps.fna	0.0747	0.1069	97.77	5.356	NA-NA	HIGH	NA-NA	5	5.356	90/181	97.77	0	IMGVR_UViG_3300045988_171963|3300045988|Ga0495776_044949
/home/jb/open_problems/medical/dysbiosis/fastq_analysis/qc/CXD568_trim_1.fastq.gz	imgvr_reps.fna	0.0744	0.0772	96.01	5.333	NA-NA	HIGH	NA-NA	5	5.333	30/106	96.01	35	IMGVR_UViG_3300029840_000317|3300029840|Ga0245268_100016|290424-317537
/home/jb/open_problems/medical/dysbiosis/fastq_analysis/qc/CXD568_trim_1.fastq.gz	imgvr_reps.fna	0.0738	0.0609	95.59	5.292	NA-NA	HIGH	NA-NA	5	5.292	24/97	95.59	20	IMGVR_UViG_3300014754_000016|3300014754|Ga0134378_100537
/home/jb/open_problems/medical/dysbiosis/fastq_analysis/qc/CXD568_trim_1.fastq.gz	imgvr_reps.fna	0.0737	0.1864	95.29	5.281	NA-NA	HIGH	NA-NA	5	5.281	64/286	95.29	54	IMGVR_UViG_3300029481_000164|3300029481|Ga0244053_100202|461-66564
/home/jb/open_problems/medical/dysbiosis/fastq_analysis/qc/CXD568_trim_1.fastq.gz	imgvr_reps.fna	0.0736	0.1995	96.21	5.275	NA-NA	HIGH	NA-NA	5	5.275	91/301	96.21	6	IMGVR_UViG_3300029622_000477|3300029622|Ga0245124_1000151|78785-149637
/home/jb/open_problems/medical/dysbiosis/fastq_analysis/qc/CXD568_trim_1.fastq.gz	imgvr_reps.fna	0.0736	0.2014	96.67	5.272	NA-NA	HIGH	NA-NA	5	5.272	103/294	96.67	35	IMGVR_UViG_3300029605_000149|3300029605|Ga0245145_100428
/home/jb/open_problems/medical/dysbiosis/fastq_analysis/qc/CXD568_trim_1.fastq.gz	imgvr_reps.fna	0.0734	0.0396	95.97	5.263	NA-NA	HIGH	NA-NA	6	5.263	19/68	95.97	20	IMGVR_UViG_7000000444_000097|7000000444|SRS063985_LANL_scaffold_8871
/home/jb/open_problems/medical/dysbiosis/fastq_analysis/qc/CXD568_trim_1.fastq.gz	imgvr_reps.fna	0.0727	0.0331	95.68	5.214	NA-NA	HIGH	NA-NA	7	5.214	14/55	95.68	1	IMGVR_UViG_3300029459_000103|3300029459|Ga0244094_101287
/home/jb/open_problems/medical/dysbiosis/fastq_analysis/qc/CXD568_trim_1.fastq.gz	imgvr_reps.fna	0.0725	0.0453	96.00	5.200	NA-NA	HIGH	NA-NA	7	5.200	20/71	96.00	23	IMGVR_UViG_3300006502_000136|3300006502|Ga0100528_101547
/home/jb/open_problems/medical/dysbiosis/fastq_analysis/qc/CXD568_trim_1.fastq.gz	imgvr_reps.fna	0.0723	0.0629	97.10	5.179	NA-NA	HIGH	NA-NA	5	5.179	39/97	97.10	32	IMGVR_UViG_3300045988_087377|3300045988|Ga0495776_107088
/home/jb/open_problems/medical/dysbiosis/fastq_analysis/qc/CXD568_trim_1.fastq.gz	imgvr_reps.fna	0.0721	0.0571	97.60	5.171	NA-NA	HIGH	NA-NA	4	5.171	41/87	97.60	11	IMGVR_UViG_3300029763_000139|3300029763|Ga0243796_101668
/home/jb/open_problems/medical/dysbiosis/fastq_analysis/qc/CXD568_trim_1.fastq.gz	imgvr_reps.fna	0.0718	0.0366	98.02	5.143	NA-NA	HIGH	NA-NA	5	5.143	28/52	98.02	16	IMGVR_UViG_3300006525_000193|3300006525|Ga0101027_102077
/home/jb/open_problems/medical/dysbiosis/fastq_analysis/qc/CXD568_trim_1.fastq.gz	imgvr_reps.fna	0.0718	0.0311	98.15	5.143	NA-NA	HIGH	NA-NA	5	5.143	28/50	98.15	0	IMGVR_UViG_3300029715_000423|3300029715|Ga0245215_1000166|12774-24096
/home/jb/open_problems/medical/dysbiosis/fastq_analysis/qc/CXD568_trim_1.fastq.gz	imgvr_reps.fna	0.0712	0.0431	96.08	5.100	NA-NA	HIGH	NA-NA	4	5.100	20/69	96.08	26	IMGVR_UViG_3300029563_000137|3300029563|Ga0245114_101808
/home/jb/open_problems/medical/dysbiosis/fastq_analysis/qc/CXD568_trim_1.fastq.gz	imgvr_reps.fna	0.0707	0.0787	98.27	5.064	NA-NA	HIGH	NA-NA	5	5.064	78/134	98.27	0	IMGVR_UViG_7000000401_000104|7000000401|SRS011271_WUGC_scaffold_40738
/home/jb/open_problems/medical/dysbiosis/fastq_analysis/qc/CXD568_trim_1.fastq.gz	imgvr_reps.fna	0.0704	0.0348	96.71	5.045	NA-NA	HIGH	NA-NA	6	5.045	22/62	96.71	17	IMGVR_UViG_7000000434_000008|7000000434|C2013436
/home/jb/open_problems/medical/dysbiosis/fastq_analysis/qc/CXD568_trim_1.fastq.gz	imgvr_reps.fna	0.0704	0.0441	96.52	5.045	NA-NA	HIGH	NA-NA	5	5.045	22/66	96.52	20	IMGVR_UViG_3300014787_000154|3300014787|Ga0134384_1000908
/home/jb/open_problems/medical/dysbiosis/fastq_analysis/qc/CXD568_trim_1.fastq.gz	imgvr_reps.fna	0.0700	0.1034	96.28	5.020	NA-NA	HIGH	NA-NA	5	5.020	51/165	96.28	57	IMGVR_UViG_3300029844_000251|3300029844|Ga0245276_1000735
/home/jb/open_problems/medical/dysbiosis/fastq_analysis/qc/CXD568_trim_1.fastq.gz	imgvr_reps.fna	0.0700	0.0462	99.48	5.018	NA-NA	HIGH	NA-NA	5	5.018	57/67	99.48	0	IMGVR_UViG_3300007804_000113|3300007804|Ga0105665_101011
/home/jb/open_problems/medical/dysbiosis/fastq_analysis/qc/CXD568_trim_1.fastq.gz	imgvr_reps.fna	0.0700	0.0414	99.79	5.017	NA-NA	HIGH	NA-NA	5	5.017	59/63	99.79	0	IMGVR_UViG_3300029752_000219|3300029752|Ga0243766_100451|36803-52257
/home/jb/open_problems/medical/dysbiosis/fastq_analysis/qc/CXD568_trim_1.fastq.gz	imgvr_reps.fna	0.0698	0.0745	95.54	5.000	NA-NA	HIGH	NA-NA	5	5.000	35/144	95.54	78	IMGVR_UViG_3300029358_000332|3300029358|Ga0243818_1000321|48224-76143
/home/jb/open_problems/medical/dysbiosis/fastq_analysis/qc/CXD568_trim_1.fastq.gz	imgvr_reps.fna	0.0698	0.0396	95.24	5.000	NA-NA	HIGH	NA-NA	5	5.000	13/59	95.24	0	IMGVR_UViG_3300006298_000125|3300006298|Ga0099618_100884
/home/jb/open_problems/medical/dysbiosis/fastq_analysis/qc/CXD568_trim_1.fastq.gz	imgvr_reps.fna	0.0698	0.0961	95.63	5.000	NA-NA	HIGH	NA-NA	5	5.000	40/160	95.63	60	IMGVR_UViG_3300039378_000178|3300039378|Ga0169856_000233
/home/jb/open_problems/medical/dysbiosis/fastq_analysis/qc/CXD568_trim_1.fastq.gz	imgvr_reps.fna	0.0698	0.0547	98.08	5.000	NA-NA	HIGH	NA-NA	5	5.000	46/84	98.08	4	IMGVR_UViG_3300045988_153507|3300045988|Ga0495776_107918
/home/jb/open_problems/medical/dysbiosis/fastq_analysis/qc/CXD568_trim_1.fastq.gz	imgvr_reps.fna	0.0689	0.0288	96.34	4.941	NA-NA	HIGH	NA-NA	5	4.941	17/54	96.34	4	IMGVR_UViG_3300029752_000153|3300029752|Ga0243766_102494
/home/jb/open_problems/medical/dysbiosis/fastq_analysis/qc/CXD568_trim_1.fastq.gz	imgvr_reps.fna	0.0688	0.1168	99.78	4.930	NA-NA	HIGH	NA-NA	5	4.930	185/198	99.78	0	IMGVR_UViG_3300029794_000439|3300029794|Ga0243854_1000469|26121-70501
/home/jb/open_problems/medical/dysbiosis/fastq_analysis/qc/CXD568_trim_1.fastq.gz	imgvr_reps.fna	0.0685	0.0382	96.38	4.909	NA-NA	HIGH	NA-NA	5	4.909	22/69	96.38	16	IMGVR_UViG_3300008406_000217|3300008406|Ga0115224_1001480
/home/jb/open_problems/medical/dysbiosis/fastq_analysis/qc/CXD568_trim_1.fastq.gz	imgvr_reps.fna	0.0684	0.0349	96.72	4.905	NA-NA	HIGH	NA-NA	5	4.905	21/59	96.72	0	IMGVR_UViG_3300018492_000319|3300018492|Ga0194154_1159753
/home/jb/open_problems/medical/dysbiosis/fastq_analysis/qc/CXD568_trim_1.fastq.gz	imgvr_reps.fna	0.0684	0.0664	96.52	4.902	NA-NA	HIGH	NA-NA	5	4.902	41/123	96.52	0	IMGVR_UViG_3300006747_000213|3300006747|Ga0101801_100106|187-25552
/home/jb/open_problems/medical/dysbiosis/fastq_analysis/qc/CXD568_trim_1.fastq.gz	imgvr_reps.fna	0.0683	0.0801	99.68	4.897	NA-NA	HIGH	NA-NA	5	4.897	116/128	99.68	0	IMGVR_UViG_3300029715_000495|3300029715|Ga0245215_1000697|11280-41910
/home/jb/open_problems/medical/dysbiosis/fastq_analysis/qc/CXD568_trim_1.fastq.gz	imgvr_reps.fna	0.0681	0.1106	95.85	4.880	NA-NA	HIGH	NA-NA	5	4.880	50/186	95.85	0	IMGVR_UViG_3300029747_000174|3300029747|Ga0245228_100858
/home/jb/open_problems/medical/dysbiosis/fastq_analysis/qc/CXD568_trim_1.fastq.gz	imgvr_reps.fna	0.0674	0.0414	99.85	4.831	NA-NA	HIGH	NA-NA	3	4.831	65/68	99.85	0	IMGVR_UViG_3300023486_000247|3300023486|Ga0257044_10462|23978-40048
/home/jb/open_problems/medical/dysbiosis/fastq_analysis/qc/CXD568_trim_1.fastq.gz	imgvr_reps.fna	0.0673	0.0294	99.76	4.824	NA-NA	HIGH	NA-NA	5	4.824	51/55	99.76	0	IMGVR_UViG_3300029859_000311|3300029859|Ga0245304_102500|1718-13139
/home/jb/open_problems/medical/dysbiosis/fastq_analysis/qc/CXD568_trim_1.fastq.gz	imgvr_reps.fna	0.0670	0.0425	95.15	4.800	NA-NA	HIGH	NA-NA	4	4.800	15/70	95.15	3	IMGVR_UViG_3300014572_000075|3300014572|Ga0134457_1000693
/home/jb/open_problems/medical/dysbiosis/fastq_analysis/qc/CXD568_trim_1.fastq.gz	imgvr_reps.fna	0.0670	0.0609	95.72	4.800	NA-NA	HIGH	NA-NA	4	4.800	25/97	95.72	26	IMGVR_UViG_3300029234_000148|3300029234|Ga0168698_101293
/home/jb/open_problems/medical/dysbiosis/fastq_analysis/qc/CXD568_trim_1.fastq.gz	imgvr_reps.fna	0.0668	0.0539	97.83	4.786	NA-NA	HIGH	NA-NA	4	4.786	42/83	97.83	4	IMGVR_UViG_3300029475_000052|3300029475|Ga0244097_101158
/home/jb/open_problems/medical/dysbiosis/fastq_analysis/qc/CXD568_trim_1.fastq.gz	imgvr_reps.fna	0.0667	0.0421	96.35	4.778	NA-NA	HIGH	NA-NA	5	4.778	18/57	96.35	0	IMGVR_UViG_3300029739_000114|3300029739|Ga0245187_101697
/home/jb/open_problems/medical/dysbiosis/fastq_analysis/qc/CXD568_trim_1.fastq.gz	imgvr_reps.fna	0.0663	0.0320	98.76	4.750	NA-NA	HIGH	NA-NA	5	4.750	36/53	98.76	0	IMGVR_UViG_3300014551_000088|3300014551|Ga0134380_100263|33714-46327
/home/jb/open_problems/medical/dysbiosis/fastq_analysis/qc/CXD568_trim_1.fastq.gz	imgvr_reps.fna	0.0662	0.0455	97.91	4.744	NA-NA	HIGH	NA-NA	4	4.744	39/75	97.91	0	IMGVR_UViG_3300045988_060461|3300045988|Ga0495776_039202
/home/jb/open_problems/medical/dysbiosis/fastq_analysis/qc/CXD568_trim_1.fastq.gz	imgvr_reps.fna	0.0658	0.0408	95.03	4.714	NA-NA	HIGH	NA-NA	3	4.714	14/68	95.03	38	IMGVR_UViG_3300039380_000096|3300039380|Ga0169855_00431
/home/jb/open_problems/medical/dysbiosis/fastq_analysis/qc/CXD568_trim_1.fastq.gz	imgvr_reps.fna	0.0657	0.1453	95.40	4.712	NA-NA	HIGH	NA-NA	3	4.712	59/254	95.40	93	IMGVR_UViG_3300029227_000100|3300029227|Ga0168687_100334
/home/jb/open_problems/medical/dysbiosis/fastq_analysis/qc/CXD568_trim_1.fastq.gz	imgvr_reps.fna	0.0654	0.0549	99.47	4.689	NA-NA	HIGH	NA-NA	4	4.689	90/106	99.47	0	IMGVR_UViG_3300045988_125674|3300045988|Ga0495776_065479
/home/jb/open_problems/medical/dysbiosis/fastq_analysis/qc/CXD568_trim_1.fastq.gz	imgvr_reps.fna	0.0651	0.0308	95.48	4.667	NA-NA	HIGH	NA-NA	4	4.667	15/63	95.48	4	IMGVR_UViG_3300008081_000183|3300008081|Ga0113559_102575
/home/jb/open_problems/medical/dysbiosis/fastq_analysis/qc/CXD568_trim_1.fastq.gz	imgvr_reps.fna	0.0651	0.0617	96.27	4.667	NA-NA	HIGH	NA-NA	5	4.667	36/117	96.27	13	IMGVR_UViG_3300006258_000167|3300006258|Ga0099398_100695
/home/jb/open_problems/medical/dysbiosis/fastq_analysis/qc/CXD568_trim_1.fastq.gz	imgvr_reps.fna	0.0651	0.0515	95.18	4.667	NA-NA	HIGH	NA-NA	4	4.667	21/97	95.18	2	IMGVR_UViG_3300029750_000098|3300029750|Ga0242832_101120
/home/jb/open_problems/medical/dysbiosis/fastq_analysis/qc/CXD568_trim_1.fastq.gz	imgvr_reps.fna	0.0649	0.0514	97.91	4.655	NA-NA	HIGH	NA-NA	4	4.655	55/106	97.91	6	IMGVR_UViG_3300008520_000162|3300008520|Ga0111044_101793
/home/jb/open_problems/medical/dysbiosis/fastq_analysis/qc/CXD568_trim_1.fastq.gz	imgvr_reps.fna	0.0646	0.0358	99.67	4.630	NA-NA	HIGH	NA-NA	6	4.630	46/51	99.67	0	IMGVR_UViG_3300006523_000183|3300006523|Ga0101039_100591|10491-24973
/home/jb/open_problems/medical/dysbiosis/fastq_analysis/qc/CXD568_trim_1.fastq.gz	imgvr_reps.fna	0.0645	0.0292	96.39	4.625	NA-NA	HIGH	NA-NA	4	4.625	16/50	96.39	10	IMGVR_UViG_3300029555_000242|3300029555|Ga0245053_100014|222961-234778
/home/jb/open_problems/medical/dysbiosis/fastq_analysis/qc/CXD568_trim_1.fastq.gz	imgvr_reps.fna	0.0642	0.0984	97.58	4.605	NA-NA	HIGH	NA-NA	5	4.605	86/184	97.58	34	IMGVR_UViG_3300045988_010066|3300045988|Ga0495776_071442
/home/jb/open_problems/medical/dysbiosis/fastq_analysis/qc/CXD568_trim_1.fastq.gz	imgvr_reps.fna	0.0642	0.0543	95.90	4.600	NA-NA	HIGH	NA-NA	5	4.600	30/110	95.90	57	IMGVR_UViG_3300029383_000105|3300029383|Ga0243931_100278|39765-61863
/home/jb/open_problems/medical/dysbiosis/fastq_analysis/qc/CXD568_trim_1.fastq.gz	imgvr_reps.fna	0.0639	0.0660	97.51	4.582	NA-NA	HIGH	NA-NA	5	4.582	55/120	97.51	2	IMGVR_UViG_3300029038_000201|3300029038|Ga0169645_100301|2-26990
/home/jb/open_problems/medical/dysbiosis/fastq_analysis/qc/CXD568_trim_1.fastq.gz	imgvr_reps.fna	0.0638	0.0501	99.30	4.571	NA-NA	HIGH	NA-NA	4	4.571	70/87	99.30	10	IMGVR_UViG_3300029424_000274|3300029424|Ga0243789_1001341
/home/jb/open_problems/medical/dysbiosis/fastq_analysis/qc/CXD568_trim_1.fastq.gz	imgvr_reps.fna	0.0634	0.0861	96.00	4.548	NA-NA	HIGH	NA-NA	5	4.548	42/149	96.00	1	IMGVR_UViG_3300029719_000214|3300029719|Ga0245179_1001075
/home/jb/open_problems/medical/dysbiosis/fastq_analysis/qc/CXD568_trim_1.fastq.gz	imgvr_reps.fna	0.0631	0.1117	97.55	4.524	NA-NA	HIGH	NA-NA	4	4.524	82/177	97.55	2	IMGVR_UViG_3300045988_168397|3300045988|Ga0495776_185176
/home/jb/open_problems/medical/dysbiosis/fastq_analysis/qc/CXD568_trim_1.fastq.gz	imgvr_reps.fna	0.0630	0.0684	95.96	4.514	NA-NA	HIGH	NA-NA	9	4.514	37/133	95.96	1	IMGVR_UViG_3300023480_000046|3300023480|Ga0257051_10386
/home/jb/open_problems/medical/dysbiosis/fastq_analysis/qc/CXD568_trim_1.fastq.gz	imgvr_reps.fna	0.0628	0.0458	95.63	4.500	NA-NA	HIGH	NA-NA	4	4.500	20/80	95.63	13	IMGVR_UViG_3300029372_000129|3300029372|Ga0243963_101447
/home/jb/open_problems/medical/dysbiosis/fastq_analysis/qc/CXD568_trim_1.fastq.gz	imgvr_reps.fna	0.0622	0.0554	97.10	4.459	NA-NA	HIGH	NA-NA	4	4.459	37/92	97.10	0	IMGVR_UViG_3300029117_000057|3300029117|Ga0168818_100743
/home/jb/open_problems/medical/dysbiosis/fastq_analysis/qc/CXD568_trim_1.fastq.gz	imgvr_reps.fna	0.0622	0.0843	99.75	4.456	NA-NA	HIGH	NA-NA	4	4.456	136/147	99.75	0	IMGVR_UViG_7000000626_000084|7000000626|SRS064557_LANL_scaffold_6895
/home/jb/open_problems/medical/dysbiosis/fastq_analysis/qc/CXD568_trim_1.fastq.gz	imgvr_reps.fna	0.0619	0.0770	95.76	4.439	NA-NA	HIGH	NA-NA	5	4.439	41/157	95.76	49	IMGVR_UViG_3300045988_069622|3300045988|Ga0495776_160112
/home/jb/open_problems/medical/dysbiosis/fastq_analysis/qc/CXD568_trim_1.fastq.gz	imgvr_reps.fna	0.0619	0.0519	99.41	4.438	NA-NA	HIGH	NA-NA	4	4.438	64/77	99.41	5	IMGVR_UViG_3300023493_000106|3300023493|Ga0257031_101210
/home/jb/open_problems/medical/dysbiosis/fastq_analysis/qc/CXD568_trim_1.fastq.gz	imgvr_reps.fna	0.0616	0.0897	97.54	4.417	NA-NA	HIGH	NA-NA	4	4.417	72/156	97.54	65	IMGVR_UViG_3300029759_000149|3300029759|Ga0243843_100934
/home/jb/open_problems/medical/dysbiosis/fastq_analysis/qc/CXD568_trim_1.fastq.gz	imgvr_reps.fna	0.0614	0.0830	95.27	4.400	NA-NA	HIGH	NA-NA	3	4.400	35/157	95.27	24	IMGVR_UViG_3300029074_000021|3300029074|Ga0169214_10311
/home/jb/open_problems/medical/dysbiosis/fastq_analysis/qc/CXD568_trim_1.fastq.gz	imgvr_reps.fna	0.0613	0.0843	97.41	4.394	NA-NA	HIGH	NA-NA	4	4.394	66/149	97.41	0	IMGVR_UViG_3300029354_000130|3300029354|Ga0243832_101135
/home/jb/open_problems/medical/dysbiosis/fastq_analysis/qc/CXD568_trim_1.fastq.gz	imgvr_reps.fna	0.0611	0.1042	95.61	4.378	NA-NA	HIGH	NA-NA	4	4.378	45/181	95.61	107	IMGVR_UViG_2920251457_000001|2920251457|2920251556
/home/jb/open_problems/medical/dysbiosis/fastq_analysis/qc/CXD568_trim_1.fastq.gz	imgvr_reps.fna	0.0610	0.0446	95.06	4.375	NA-NA	HIGH	NA-NA	5	4.375	16/77	95.06	0	IMGVR_UViG_3300029292_000133|3300029292|Ga0167469_101115
/home/jb/open_problems/medical/dysbiosis/fastq_analysis/qc/CXD568_trim_1.fastq.gz	imgvr_reps.fna	0.0609	0.0273	95.23	4.364	NA-NA	HIGH	NA-NA	4	4.364	11/50	95.23	0	IMGVR_UViG_3300029845_000365|3300029845|Ga0245277_1000168|309-12038
/home/jb/open_problems/medical/dysbiosis/fastq_analysis/qc/CXD568_trim_1.fastq.gz	imgvr_reps.fna	0.0602	0.0820	96.10	4.318	NA-NA	HIGH	NA-NA	3	4.318	44/151	96.10	69	IMGVR_UViG_2541047504_000002|2541047504|2541141689
/home/jb/open_problems/medical/dysbiosis/fastq_analysis/qc/CXD568_trim_1.fastq.gz	imgvr_reps.fna	0.0602	0.0531	97.28	4.312	NA-NA	HIGH	NA-NA	4	4.312	48/113	97.28	30	IMGVR_UViG_3300029087_000082|3300029087|Ga0169172_100420
/home/jb/open_problems/medical/dysbiosis/fastq_analysis/qc/CXD568_trim_1.fastq.gz	imgvr_reps.fna	0.0600	0.1305	96.51	4.304	NA-NA	HIGH	NA-NA	4	4.304	79/238	96.51	156	IMGVR_UViG_3300007361_000266|3300007361|Ga0104787_100212|14087-70878
/home/jb/open_problems/medical/dysbiosis/fastq_analysis/qc/CXD568_trim_1.fastq.gz	imgvr_reps.fna	0.0599	0.1317	98.16	4.290	NA-NA	HIGH	NA-NA	3	4.290	131/233	98.16	61	IMGVR_UViG_3300045988_177201|3300045988|Ga0495776_037469
/home/jb/open_problems/medical/dysbiosis/fastq_analysis/qc/CXD568_trim_1.fastq.gz	imgvr_reps.fna	0.0597	0.1290	95.06	4.278	NA-NA	HIGH	NA-NA	4	4.278	54/260	95.06	8	IMGVR_UViG_3300029098_000074|3300029098|Ga0169171_100355
/home/jb/open_problems/medical/dysbiosis/fastq_analysis/qc/CXD568_trim_1.fastq.gz	imgvr_reps.fna	0.0594	0.0510	96.12	4.259	NA-NA	HIGH	NA-NA	3	4.259	27/92	96.12	16	IMGVR_UViG_3300029416_000301|3300029416|Ga0243860_101068|2-22437
/home/jb/open_problems/medical/dysbiosis/fastq_analysis/qc/CXD568_trim_1.fastq.gz	imgvr_reps.fna	0.0594	0.0865	97.91	4.259	NA-NA	HIGH	NA-NA	4	4.259	81/156	97.91	0	IMGVR_UViG_3300014761_000011|3300014761|Ga0134438_100198
/home/jb/open_problems/medical/dysbiosis/fastq_analysis/qc/CXD568_trim_1.fastq.gz	imgvr_reps.fna	0.0593	0.0328	95.35	4.250	NA-NA	HIGH	NA-NA	3	4.250	16/70	95.35	0	IMGVR_UViG_3300014515_000006|3300014515|Ga0169874_100257
/home/jb/open_problems/medical/dysbiosis/fastq_analysis/qc/CXD568_trim_1.fastq.gz	imgvr_reps.fna	0.0590	0.0294	95.63	4.231	NA-NA	HIGH	NA-NA	3	4.231	13/52	95.63	4	IMGVR_UViG_7000000380_000081|7000000380|SRS015663_WUGC_scaffold_38268
/home/jb/open_problems/medical/dysbiosis/fastq_analysis/qc/CXD568_trim_1.fastq.gz	imgvr_reps.fna	0.0590	0.0352	99.67	4.231	NA-NA	HIGH	NA-NA	4	4.231	65/72	99.67	0	IMGVR_UViG_3300029765_000019|3300029765|Ga0243842_101763
/home/jb/open_problems/medical/dysbiosis/fastq_analysis/qc/CXD568_trim_1.fastq.gz	imgvr_reps.fna	0.0590	0.0608	98.94	4.230	NA-NA	HIGH	NA-NA	4	4.230	87/121	98.94	3	IMGVR_UViG_3300045988_132656|3300045988|Ga0495776_088479
/home/jb/open_problems/medical/dysbiosis/fastq_analysis/qc/CXD568_trim_1.fastq.gz	imgvr_reps.fna	0.0589	0.0253	96.76	4.222	NA-NA	HIGH	NA-NA	4	4.222	18/50	96.76	5	IMGVR_UViG_3300029714_000353|3300029714|Ga0245242_1002785
/home/jb/open_problems/medical/dysbiosis/fastq_analysis/qc/CXD568_trim_1.fastq.gz	imgvr_reps.fna	0.0588	0.0380	98.91	4.212	NA-NA	HIGH	NA-NA	4	4.212	52/73	98.91	0	IMGVR_UViG_3300006298_000223|3300006298|Ga0099618_100645|501-17383
/home/jb/open_problems/medical/dysbiosis/fastq_analysis/qc/CXD568_trim_1.fastq.gz	imgvr_reps.fna	0.0583	0.0341	99.83	4.181	NA-NA	HIGH	NA-NA	4	4.181	72/76	99.83	0	IMGVR_UViG_3300029759_000036|3300029759|Ga0243843_102027
/home/jb/open_problems/medical/dysbiosis/fastq_analysis/qc/CXD568_trim_1.fastq.gz	imgvr_reps.fna	0.0581	0.0290	96.61	4.167	NA-NA	HIGH	NA-NA	6	4.167	24/70	96.61	8	IMGVR_UViG_3300029590_000287|3300029590|Ga0245099_1003358
/home/jb/open_problems/medical/dysbiosis/fastq_analysis/qc/CXD568_trim_1.fastq.gz	imgvr_reps.fna	0.0581	0.0291	99.45	4.167	NA-NA	HIGH	NA-NA	4	4.167	48/57	99.45	0	IMGVR_UViG_3300029759_000039|3300029759|Ga0243843_102316
/home/jb/open_problems/medical/dysbiosis/fastq_analysis/qc/CXD568_trim_1.fastq.gz	imgvr_reps.fna	0.0581	0.0285	98.17	4.161	NA-NA	HIGH	NA-NA	4	4.161	31/55	98.17	0	IMGVR_UViG_3300045988_146018|3300045988|Ga0495776_140867
/home/jb/open_problems/medical/dysbiosis/fastq_analysis/qc/CXD568_trim_1.fastq.gz	imgvr_reps.fna	0.0580	0.0996	96.27	4.156	NA-NA	HIGH	NA-NA	4	4.156	64/208	96.27	29	IMGVR_UViG_3300029664_000120|3300029664|Ga0245211_100062|43417-88316
/home/jb/open_problems/medical/dysbiosis/fastq_analysis/qc/CXD568_trim_1.fastq.gz	imgvr_reps.fna	0.0576	0.0363	96.95	4.130	NA-NA	HIGH	NA-NA	4	4.130	23/60	96.95	1	IMGVR_UViG_3300029776_000252|3300029776|Ga0243759_102201
/home/jb/open_problems/medical/dysbiosis/fastq_analysis/qc/CXD568_trim_1.fastq.gz	imgvr_reps.fna	0.0571	0.0567	96.87	4.091	NA-NA	HIGH	NA-NA	4	4.091	44/118	96.87	2	IMGVR_UViG_2900021453_000003|2900021453|2900021455|3161108-3187075
/home/jb/open_problems/medical/dysbiosis/fastq_analysis/qc/CXD568_trim_1.fastq.gz	imgvr_reps.fna	0.0570	0.0754	96.93	4.085	NA-NA	HIGH	NA-NA	3	4.085	59/155	96.93	0	IMGVR_UViG_3300029435_000190|3300029435|Ga0243745_1000748
/home/jb/open_problems/medical/dysbiosis/fastq_analysis/qc/CXD568_trim_1.fastq.gz	imgvr_reps.fna	0.0569	0.0314	99.15	4.075	NA-NA	HIGH	NA-NA	4	4.075	53/69	99.15	0	IMGVR_UViG_3300029019_000009|3300029019|Ga0169654_100633
/home/jb/open_problems/medical/dysbiosis/fastq_analysis/qc/CXD568_trim_1.fastq.gz	imgvr_reps.fna	0.0565	0.0356	96.33	4.048	NA-NA	HIGH	NA-NA	4	4.048	21/67	96.33	15	IMGVR_UViG_2936936303_000002|2936936303|2936936469
/home/jb/open_problems/medical/dysbiosis/fastq_analysis/qc/CXD568_trim_1.fastq.gz	imgvr_reps.fna	0.0565	0.0276	96.89	4.048	NA-NA	HIGH	NA-NA	4	4.048	21/56	96.89	0	IMGVR_UViG_3300029480_000097|3300029480|Ga0244079_102109
/home/jb/open_problems/medical/dysbiosis/fastq_analysis/qc/CXD568_trim_1.fastq.gz	imgvr_reps.fna	0.0563	0.0267	97.54	4.033	NA-NA	HIGH	NA-NA	4	4.033	30/65	97.54	0	IMGVR_UViG_3300014749_000056|3300014749|Ga0169785_100838
/home/jb/open_problems/medical/dysbiosis/fastq_analysis/qc/CXD568_trim_1.fastq.gz	imgvr_reps.fna	0.0558	0.0364	95.85	4.000	NA-NA	HIGH	NA-NA	4	4.000	18/67	95.85	27	IMGVR_UViG_3300008561_000121|3300008561|Ga0111060_100776
/home/jb/open_problems/medical/dysbiosis/fastq_analysis/qc/CXD568_trim_1.fastq.gz	imgvr_reps.fna	0.0556	0.0511	99.16	3.987	NA-NA	HIGH	NA-NA	4	3.987	77/100	99.16	0	IMGVR_UViG_3300008619_000017|3300008619|Ga0111235_100477
/home/jb/open_problems/medical/dysbiosis/fastq_analysis/qc/CXD568_trim_1.fastq.gz	imgvr_reps.fna	0.0555	0.0508	97.12	3.976	NA-NA	HIGH	NA-NA	3	3.976	42/104	97.12	30	IMGVR_UViG_3300029031_000131|3300029031|Ga0169626_100765
/home/jb/open_problems/medical/dysbiosis/fastq_analysis/qc/CXD568_trim_1.fastq.gz	imgvr_reps.fna	0.0553	0.0928	99.35	3.967	NA-NA	HIGH	NA-NA	4	3.967	152/186	99.35	2	IMGVR_UViG_3300045988_183869|3300045988|Ga0495776_151745
/home/jb/open_problems/medical/dysbiosis/fastq_analysis/qc/CXD568_trim_1.fastq.gz	imgvr_reps.fna	0.0552	0.0287	97.46	3.957	NA-NA	HIGH	NA-NA	4	3.957	23/51	97.46	0	IMGVR_UViG_3300029610_000234|3300029610|Ga0245132_102103
/home/jb/open_problems/medical/dysbiosis/fastq_analysis/qc/CXD568_trim_1.fastq.gz	imgvr_reps.fna	0.0551	0.0311	96.41	3.947	NA-NA	HIGH	NA-NA	4	3.947	19/59	96.41	1	IMGVR_UViG_3300029377_000215|3300029377|Ga0243903_1002712
/home/jb/open_problems/medical/dysbiosis/fastq_analysis/qc/CXD568_trim_1.fastq.gz	imgvr_reps.fna	0.0551	0.0877	96.43	3.946	NA-NA	HIGH	NA-NA	3	3.946	56/173	96.43	21	IMGVR_UViG_3300029615_000416|3300029615|Ga0245146_100123|3-41646
/home/jb/open_problems/medical/dysbiosis/fastq_analysis/qc/CXD568_trim_1.fastq.gz	imgvr_reps.fna	0.0549	0.0293	95.83	3.938	NA-NA	HIGH	NA-NA	4	3.938	16/60	95.83	0	IMGVR_UViG_3300029365_000304|3300029365|Ga0243866_1003143
/home/jb/open_problems/medical/dysbiosis/fastq_analysis/qc/CXD568_trim_1.fastq.gz	imgvr_reps.fna	0.0548	0.0407	97.86	3.929	NA-NA	HIGH	NA-NA	3	3.929	42/82	97.86	0	IMGVR_UViG_2806310968_000004|2806310968|2806374576|34454-53867
/home/jb/open_problems/medical/dysbiosis/fastq_analysis/qc/CXD568_trim_1.fastq.gz	imgvr_reps.fna	0.0546	0.0210	95.44	3.917	NA-NA	HIGH	NA-NA	5	3.917	12/51	95.44	30	IMGVR_UViG_3300029749_000464|3300029749|Ga0245202_1003527
/home/jb/open_problems/medical/dysbiosis/fastq_analysis/qc/CXD568_trim_1.fastq.gz	imgvr_reps.fna	0.0545	0.1119	95.47	3.906	NA-NA	HIGH	NA-NA	4	3.906	53/223	95.47	132	IMGVR_UViG_3300029755_000221|3300029755|Ga0243846_100112|7037-60724
/home/jb/open_problems/medical/dysbiosis/fastq_analysis/qc/CXD568_trim_1.fastq.gz	imgvr_reps.fna	0.0545	0.0350	96.47	3.905	NA-NA	LOW	NA-NA	2	3.905	21/64	96.47	1	IMGVR_UViG_3300029213_000104|3300029213|Ga0168697_101223
/home/jb/open_problems/medical/dysbiosis/fastq_analysis/qc/CXD568_trim_1.fastq.gz	imgvr_reps.fna	0.0543	0.0411	95.32	3.895	NA-NA	HIGH	NA-NA	3	3.895	19/84	95.32	0	IMGVR_UViG_3300029536_000068|3300029536|Ga0244918_100965
/home/jb/open_problems/medical/dysbiosis/fastq_analysis/qc/CXD568_trim_1.fastq.gz	imgvr_reps.fna	0.0543	0.0318	96.30	3.889	NA-NA	HIGH	NA-NA	4	3.889	18/58	96.30	25	IMGVR_UViG_2513237311_000011|2513237311|2513267996|51556-66891
/home/jb/open_problems/medical/dysbiosis/fastq_analysis/qc/CXD568_trim_1.fastq.gz	imgvr_reps.fna	0.0543	0.0406	95.19	3.889	NA-NA	HIGH	NA-NA	3	3.889	18/83	95.19	30	IMGVR_UViG_3300029219_000031|3300029219|Ga0168709_100632
/home/jb/open_problems/medical/dysbiosis/fastq_analysis/qc/CXD568_trim_1.fastq.gz	imgvr_reps.fna	0.0542	0.0349	95.28	3.882	NA-NA	HIGH	NA-NA	3	3.882	17/76	95.28	11	IMGVR_UViG_3300006747_000137|3300006747|Ga0101801_101229
/home/jb/open_problems/medical/dysbiosis/fastq_analysis/qc/CXD568_trim_1.fastq.gz	imgvr_reps.fna	0.0542	0.0734	96.57	3.881	NA-NA	HIGH	NA-NA	4	3.881	59/174	96.57	28	IMGVR_UViG_3300029134_000019|3300029134|Ga0168775_100853
/home/jb/open_problems/medical/dysbiosis/fastq_analysis/qc/CXD568_trim_1.fastq.gz	imgvr_reps.fna	0.0541	0.0982	96.15	3.875	NA-NA	HIGH	NA-NA	4	3.875	56/189	96.15	80	IMGVR_UViG_3300045988_144626|3300045988|Ga0495776_170621
/home/jb/open_problems/medical/dysbiosis/fastq_analysis/qc/CXD568_trim_1.fastq.gz	imgvr_reps.fna	0.0540	0.0362	96.10	3.870	NA-NA	HIGH	NA-NA	4	3.870	23/79	96.10	41	IMGVR_UViG_3300029353_000212|3300029353|Ga0243845_101877
/home/jb/open_problems/medical/dysbiosis/fastq_analysis/qc/CXD568_trim_1.fastq.gz	imgvr_reps.fna	0.0539	0.0259	95.78	3.867	NA-NA	HIGH	NA-NA	4	3.867	15/57	95.78	1	IMGVR_UViG_3300007312_000142|3300007312|Ga0104941_101358
/home/jb/open_problems/medical/dysbiosis/fastq_analysis/qc/CXD568_trim_1.fastq.gz	imgvr_reps.fna	0.0539	0.0353	95.11	3.867	NA-NA	HIGH	NA-NA	4	3.867	15/71	95.11	22	IMGVR_UViG_3300045988_139278|3300045988|Ga0495776_037099
/home/jb/open_problems/medical/dysbiosis/fastq_analysis/qc/CXD568_trim_1.fastq.gz	imgvr_reps.fna	0.0538	0.0322	97.12	3.857	NA-NA	HIGH	NA-NA	4	3.857	21/52	97.12	0	IMGVR_UViG_3300023719_000273|3300023719|Ga0257059_100072|25230-40847
/home/jb/open_problems/medical/dysbiosis/fastq_analysis/qc/CXD568_trim_1.fastq.gz	imgvr_reps.fna	0.0533	0.0433	99.61	3.824	NA-NA	HIGH	NA-NA	4	3.824	85/96	99.61	3	IMGVR_UViG_3300045988_143108|3300045988|Ga0495776_105301
/home/jb/open_problems/medical/dysbiosis/fastq_analysis/qc/CXD568_trim_1.fastq.gz	imgvr_reps.fna	0.0533	0.0357	98.37	3.822	NA-NA	HIGH	NA-NA	4	3.822	45/75	98.37	0	IMGVR_UViG_3300029524_000043|3300029524|Ga0244794_101682
/home/jb/open_problems/medical/dysbiosis/fastq_analysis/qc/CXD568_trim_1.fastq.gz	imgvr_reps.fna	0.0529	0.0368	97.79	3.789	NA-NA	HIGH	NA-NA	4	3.789	38/76	97.79	0	IMGVR_UViG_3300029372_000276|3300029372|Ga0243963_100670|95-18284
/home/jb/open_problems/medical/dysbiosis/fastq_analysis/qc/CXD568_trim_1.fastq.gz	imgvr_reps.fna	0.0525	0.0273	96.83	3.762	NA-NA	HIGH	NA-NA	3	3.762	21/57	96.83	0	IMGVR_UViG_3300008491_000192|3300008491|Ga0111008_100870|6369-19942
/home/jb/open_problems/medical/dysbiosis/fastq_analysis/qc/CXD568_trim_1.fastq.gz	imgvr_reps.fna	0.0524	0.0217	98.20	3.759	NA-NA	HIGH	NA-NA	4	3.759	29/51	98.20	2	IMGVR_UViG_3300029653_000124|3300029653|Ga0245224_101579
/home/jb/open_problems/medical/dysbiosis/fastq_analysis/qc/CXD568_trim_1.fastq.gz	imgvr_reps.fna	0.0523	0.0683	99.54	3.752	NA-NA	HIGH	NA-NA	3	3.752	129/149	99.54	0	IMGVR_UViG_3300007361_000308|3300007361|Ga0104787_100234|20187-54280
/home/jb/open_problems/medical/dysbiosis/fastq_analysis/qc/CXD568_trim_1.fastq.gz	imgvr_reps.fna	0.0523	0.0280	96.57	3.750	NA-NA	HIGH	NA-NA	3	3.750	20/59	96.57	0	IMGVR_UViG_3300028997_000052|3300028997|Ga0169671_100591
/home/jb/open_problems/medical/dysbiosis/fastq_analysis/qc/CXD568_trim_1.fastq.gz	imgvr_reps.fna	0.0519	0.0257	98.21	3.719	NA-NA	HIGH	NA-NA	3	3.719	32/56	98.21	5	IMGVR_UViG_3300029437_000211|3300029437|Ga0242826_1002865
/home/jb/open_problems/medical/dysbiosis/fastq_analysis/qc/CXD568_trim_1.fastq.gz	imgvr_reps.fna	0.0518	0.0448	98.11	3.712	NA-NA	HIGH	NA-NA	3	3.712	52/94	98.11	37	IMGVR_UViG_3300029435_000410|3300029435|Ga0243745_1000176|56668-79271
/home/jb/open_problems/medical/dysbiosis/fastq_analysis/qc/CXD568_trim_1.fastq.gz	imgvr_reps.fna	0.0517	0.1078	96.42	3.707	NA-NA	HIGH	NA-NA	3	3.707	75/232	96.42	1	IMGVR_UViG_3300029839_000041|3300029839|Ga0245267_100271
/home/jb/open_problems/medical/dysbiosis/fastq_analysis/qc/CXD568_trim_1.fastq.gz	imgvr_reps.fna	0.0512	0.0233	95.78	3.667	NA-NA	HIGH	NA-NA	4	3.667	15/57	95.78	39	IMGVR_UViG_3300029776_000269|3300029776|Ga0243759_100465|39455-51340
/home/jb/open_problems/medical/dysbiosis/fastq_analysis/qc/CXD568_trim_1.fastq.gz	imgvr_reps.fna	0.0512	0.0240	99.60	3.667	NA-NA	HIGH	NA-NA	3	3.667	45/51	99.60	0	IMGVR_UViG_3300014783_000149|3300014783|Ga0134390_101392
/home/jb/open_problems/medical/dysbiosis/fastq_analysis/qc/CXD568_trim_1.fastq.gz	imgvr_reps.fna	0.0510	0.0298	96.95	3.654	NA-NA	HIGH	NA-NA	3	3.654	26/68	96.95	0	IMGVR_UViG_3300029876_000360|3300029876|Ga0245325_100118|2-15283
/home/jb/open_problems/medical/dysbiosis/fastq_analysis/qc/CXD568_trim_1.fastq.gz	imgvr_reps.fna	0.0509	0.0957	97.69	3.648	NA-NA	HIGH	NA-NA	4	3.648	91/188	97.69	59	IMGVR_UViG_3300045988_179276|3300045988|Ga0495776_028228
/home/jb/open_problems/medical/dysbiosis/fastq_analysis/qc/CXD568_trim_1.fastq.gz	imgvr_reps.fna	0.0507	0.0215	97.32	3.636	NA-NA	HIGH	NA-NA	4	3.636	22/51	97.32	0	IMGVR_UViG_3300029706_000297|3300029706|Ga0245271_100177|92542-103636
/home/jb/open_problems/medical/dysbiosis/fastq_analysis/qc/CXD568_trim_1.fastq.gz	imgvr_reps.fna	0.0506	0.1172	95.42	3.627	NA-NA	HIGH	NA-NA	3	3.627	59/252	95.42	2	IMGVR_UViG_3300029360_000238|3300029360|Ga0243814_1000644
/home/jb/open_problems/medical/dysbiosis/fastq_analysis/qc/CXD568_trim_1.fastq.gz	imgvr_reps.fna	0.0506	0.0302	96.84	3.625	NA-NA	HIGH	NA-NA	3	3.625	24/65	96.84	5	IMGVR_UViG_3300029711_000226|3300029711|Ga0245193_102016
/home/jb/open_problems/medical/dysbiosis/fastq_analysis/qc/CXD568_trim_1.fastq.gz	imgvr_reps.fna	0.0504	0.0614	97.75	3.611	NA-NA	HIGH	NA-NA	3	3.611	72/146	97.75	51	IMGVR_UViG_3300045988_009798|3300045988|Ga0495776_118983
/home/jb/open_problems/medical/dysbiosis/fastq_analysis/qc/CXD568_trim_1.fastq.gz	imgvr_reps.fna	0.0504	0.0440	96.76	3.611	NA-NA	HIGH	NA-NA	4	3.611	36/100	96.76	38	IMGVR_UViG_3300045988_128795|3300045988|Ga0495776_066403
/home/jb/open_problems/medical/dysbiosis/fastq_analysis/qc/CXD568_trim_1.fastq.gz	imgvr_reps.fna	0.0503	0.0984	96.21	3.603	NA-NA	HIGH	NA-NA	4	3.603	68/225	96.21	88	IMGVR_UViG_3300029438_000328|3300029438|Ga0243733_1000414|4792-55980
/home/jb/open_problems/medical/dysbiosis/fastq_analysis/qc/CXD568_trim_1.fastq.gz	imgvr_reps.fna	0.0502	0.1069	96.87	3.598	NA-NA	HIGH	NA-NA	3	3.598	97/260	96.87	38	IMGVR_UViG_3300029427_000256|3300029427|Ga0243889_1000228|13108-68787
/home/jb/open_problems/medical/dysbiosis/fastq_analysis/qc/CXD568_trim_1.fastq.gz	imgvr_reps.fna	0.0502	0.0732	96.85	3.597	NA-NA	HIGH	NA-NA	3	3.597	62/167	96.85	26	IMGVR_UViG_3300029292_000290|3300029292|Ga0167469_100158|3-38147
/home/jb/open_problems/medical/dysbiosis/fastq_analysis/qc/CXD568_trim_1.fastq.gz	imgvr_reps.fna	0.0502	0.0730	100.00	3.596	NA-NA	HIGH	NA-NA	4	3.596	156/156	100.00	0	IMGVR_UViG_3300045988_179991|3300045988|Ga0495776_181318
/home/jb/open_problems/medical/dysbiosis/fastq_analysis/qc/CXD568_trim_1.fastq.gz	imgvr_reps.fna	0.0499	0.0312	98.14	3.576	NA-NA	HIGH	NA-NA	3	3.576	33/59	98.14	2	IMGVR_UViG_3300029542_000213|3300029542|Ga0244933_100003|268173-284540
/home/jb/open_problems/medical/dysbiosis/fastq_analysis/qc/CXD568_trim_1.fastq.gz	imgvr_reps.fna	0.0498	0.0275	96.47	3.571	NA-NA	HIGH	NA-NA	4	3.571	21/64	96.47	1	IMGVR_UViG_3300023505_000203|3300023505|Ga0257035_101678
/home/jb/open_problems/medical/dysbiosis/fastq_analysis/qc/CXD568_trim_1.fastq.gz	imgvr_reps.fna	0.0498	0.0324	95.17	3.571	NA-NA	HIGH	NA-NA	4	3.571	14/65	95.17	0	IMGVR_UViG_3300029400_000090|3300029400|Ga0243781_101092
/home/jb/open_problems/medical/dysbiosis/fastq_analysis/qc/CXD568_trim_1.fastq.gz	imgvr_reps.fna	0.0497	0.0237	96.10	3.562	NA-NA	HIGH	NA-NA	3	3.562	16/55	96.10	20	IMGVR_UViG_3300030352_000093|3300030352|Ga0244219_101648
/home/jb/open_problems/medical/dysbiosis/fastq_analysis/qc/CXD568_trim_1.fastq.gz	imgvr_reps.fna	0.0496	0.0464	95.88	3.552	NA-NA	HIGH	NA-NA	4	3.552	29/107	95.88	3	IMGVR_UViG_3300029720_000261|3300029720|Ga0245229_1001416
/home/jb/open_problems/medical/dysbiosis/fastq_analysis/qc/CXD568_trim_1.fastq.gz	imgvr_reps.fna	0.0492	0.1143	95.40	3.527	NA-NA	HIGH	NA-NA	3	3.527	55/237	95.40	69	IMGVR_UViG_3300045988_173458|3300045988|Ga0495776_073363
/home/jb/open_problems/medical/dysbiosis/fastq_analysis/qc/CXD568_trim_1.fastq.gz	imgvr_reps.fna	0.0492	0.0390	95.03	3.524	NA-NA	HIGH	NA-NA	3	3.524	21/102	95.03	28	IMGVR_UViG_3300029423_000261|3300029423|Ga0243802_101661
/home/jb/open_problems/medical/dysbiosis/fastq_analysis/qc/CXD568_trim_1.fastq.gz	imgvr_reps.fna	0.0488	0.0332	95.48	3.500	NA-NA	HIGH	NA-NA	3	3.500	20/84	95.48	13	IMGVR_UViG_3300029231_000035|3300029231|Ga0168725_101017
/home/jb/open_problems/medical/dysbiosis/fastq_analysis/qc/CXD568_trim_1.fastq.gz	imgvr_reps.fna	0.0488	0.0497	97.11	3.500	NA-NA	HIGH	NA-NA	4	3.500	46/114	97.11	0	IMGVR_UViG_3300035644_000148|3300035644|Ga0134398_00610
/home/jb/open_problems/medical/dysbiosis/fastq_analysis/qc/CXD568_trim_1.fastq.gz	imgvr_reps.fna	0.0485	0.0382	95.25	3.476	NA-NA	HIGH	NA-NA	3	3.476	21/95	95.25	2	IMGVR_UViG_3300029717_000291|3300029717|Ga0245160_1001668
/home/jb/open_problems/medical/dysbiosis/fastq_analysis/qc/CXD568_trim_1.fastq.gz	imgvr_reps.fna	0.0484	0.0438	97.97	3.467	NA-NA	HIGH	NA-NA	3	3.467	45/85	97.97	20	IMGVR_UViG_3300014944_000116|3300014944|Ga0134440_100059|72927-96577
/home/jb/open_problems/medical/dysbiosis/fastq_analysis/qc/CXD568_trim_1.fastq.gz	imgvr_reps.fna	0.0484	0.0546	95.81	3.467	NA-NA	HIGH	NA-NA	3	3.467	30/113	95.81	0	IMGVR_UViG_3300029749_000223|3300029749|Ga0245202_1001065
/home/jb/open_problems/medical/dysbiosis/fastq_analysis/qc/CXD568_trim_1.fastq.gz	imgvr_reps.fna	0.0483	0.1111	98.17	3.463	NA-NA	HIGH	NA-NA	3	3.463	149/264	98.17	0	IMGVR_UViG_3300006739_000176|3300006739|Ga0101793_100207
/home/jb/open_problems/medical/dysbiosis/fastq_analysis/qc/CXD568_trim_1.fastq.gz	imgvr_reps.fna	0.0483	0.0248	95.63	3.462	NA-NA	LOW	NA-NA	1	3.462	13/52	95.63	12	IMGVR_UViG_3300014771_000063|3300014771|Ga0169781_101526
/home/jb/open_problems/medical/dysbiosis/fastq_analysis/qc/CXD568_trim_1.fastq.gz	imgvr_reps.fna	0.0482	0.0640	96.34	3.455	NA-NA	HIGH	NA-NA	3	3.455	44/140	96.34	72	IMGVR_UViG_3300029664_000096|3300029664|Ga0245211_100247|3495-38198
/home/jb/open_problems/medical/dysbiosis/fastq_analysis/qc/CXD568_trim_1.fastq.gz	imgvr_reps.fna	0.0480	0.0255	97.22	3.440	NA-NA	HIGH	NA-NA	3	3.440	25/60	97.22	0	IMGVR_UViG_3300008301_000016|3300008301|Ga0114871_100589
/home/jb/open_problems/medical/dysbiosis/fastq_analysis/qc/CXD568_trim_1.fastq.gz	imgvr_reps.fna	0.0478	0.0328	96.86	3.423	NA-NA	HIGH	NA-NA	4	3.423	26/70	96.86	9	IMGVR_UViG_3300008672_000318|3300008672|Ga0111519_100596|3-17930
/home/jb/open_problems/medical/dysbiosis/fastq_analysis/qc/CXD568_trim_1.fastq.gz	imgvr_reps.fna	0.0477	0.0695	97.27	3.420	NA-NA	HIGH	NA-NA	3	3.420	69/163	97.27	2	IMGVR_UViG_3300029027_000124|3300029027|Ga0169621_100434
/home/jb/open_problems/medical/dysbiosis/fastq_analysis/qc/CXD568_trim_1.fastq.gz	imgvr_reps.fna	0.0477	0.0241	95.15	3.417	NA-NA	HIGH	NA-NA	4	3.417	12/56	95.15	19	IMGVR_UViG_3300029540_000255|3300029540|Ga0244948_100338|42535-55762
/home/jb/open_problems/medical/dysbiosis/fastq_analysis/qc/CXD568_trim_1.fastq.gz	imgvr_reps.fna	0.0474	0.0817	97.51	3.398	NA-NA	HIGH	NA-NA	3	3.398	88/192	97.51	0	IMGVR_UViG_3300045988_147512|3300045988|Ga0495776_180019
/home/jb/open_problems/medical/dysbiosis/fastq_analysis/qc/CXD568_trim_1.fastq.gz	imgvr_reps.fna	0.0472	0.0212	99.61	3.383	NA-NA	HIGH	NA-NA	3	3.383	47/53	99.61	0	IMGVR_UViG_3300006463_000484|3300006463|Ga0100176_1002089|1-11723
/home/jb/open_problems/medical/dysbiosis/fastq_analysis/qc/CXD568_trim_1.fastq.gz	imgvr_reps.fna	0.0472	0.0365	99.41	3.380	NA-NA	HIGH	NA-NA	3	3.380	79/95	99.41	4	IMGVR_UViG_3300029057_000207|3300029057|Ga0169682_100854
/home/jb/open_problems/medical/dysbiosis/fastq_analysis/qc/CXD568_trim_1.fastq.gz	imgvr_reps.fna	0.0471	0.0768	95.46	3.378	NA-NA	HIGH	NA-NA	3	3.378	45/190	95.46	64	IMGVR_UViG_3300008520_000025|3300008520|Ga0111044_100811
/home/jb/open_problems/medical/dysbiosis/fastq_analysis/qc/CXD568_trim_1.fastq.gz	imgvr_reps.fna	0.0467	0.0623	97.15	3.350	NA-NA	HIGH	NA-NA	3	3.350	60/147	97.15	14	IMGVR_UViG_3300006523_000010|3300006523|Ga0101039_100439
/home/jb/open_problems/medical/dysbiosis/fastq_analysis/qc/CXD568_trim_1.fastq.gz	imgvr_reps.fna	0.0463	0.0251	97.42	3.321	NA-NA	HIGH	NA-NA	4	3.321	28/63	97.42	0	IMGVR_UViG_3300029887_000301|3300029887|Ga0245331_1001828
/home/jb/open_problems/medical/dysbiosis/fastq_analysis/qc/CXD568_trim_1.fastq.gz	imgvr_reps.fna	0.0461	0.0207	97.53	3.304	NA-NA	HIGH	NA-NA	3	3.304	23/50	97.53	1	IMGVR_UViG_3300007498_000198|3300007498|Ga0104980_101723
/home/jb/open_problems/medical/dysbiosis/fastq_analysis/qc/CXD568_trim_1.fastq.gz	imgvr_reps.fna	0.0461	0.0504	98.23	3.301	NA-NA	HIGH	NA-NA	3	3.301	73/127	98.23	16	IMGVR_UViG_3300014794_000192|3300014794|Ga0134448_1000317|3-28596
/home/jb/open_problems/medical/dysbiosis/fastq_analysis/qc/CXD568_trim_1.fastq.gz	imgvr_reps.fna	0.0460	0.0621	97.64	3.300	NA-NA	HIGH	NA-NA	3	3.300	70/147	97.64	37	IMGVR_UViG_3300029028_000040|3300029028|Ga0169666_100585
/home/jb/open_problems/medical/dysbiosis/fastq_analysis/qc/CXD568_trim_1.fastq.gz	imgvr_reps.fna	0.0460	0.0320	96.52	3.296	NA-NA	HIGH	NA-NA	3	3.296	27/81	96.52	20	IMGVR_UViG_3300029486_000199|3300029486|Ga0244145_101621
/home/jb/open_problems/medical/dysbiosis/fastq_analysis/qc/CXD568_trim_1.fastq.gz	imgvr_reps.fna	0.0458	0.0445	96.05	3.286	NA-NA	HIGH	NA-NA	3	3.286	35/122	96.05	70	IMGVR_UViG_3300029421_000284|3300029421|Ga0243844_101112|3-25346
/home/jb/open_problems/medical/dysbiosis/fastq_analysis/qc/CXD568_trim_1.fastq.gz	imgvr_reps.fna	0.0458	0.0383	96.65	3.281	NA-NA	HIGH	NA-NA	3	3.281	32/92	96.65	9	IMGVR_UViG_3300029587_000045|3300029587|Ga0245119_101518
/home/jb/open_problems/medical/dysbiosis/fastq_analysis/qc/CXD568_trim_1.fastq.gz	imgvr_reps.fna	0.0456	0.0429	98.14	3.269	NA-NA	HIGH	NA-NA	3	3.269	52/93	98.14	0	IMGVR_UViG_3300045988_102272|3300045988|Ga0495776_184176
/home/jb/open_problems/medical/dysbiosis/fastq_analysis/qc/CXD568_trim_1.fastq.gz	imgvr_reps.fna	0.0455	0.0499	96.20	3.258	NA-NA	HIGH	NA-NA	3	3.258	31/103	96.20	5	IMGVR_UViG_3300029887_000254|3300029887|Ga0245331_1000940
/home/jb/open_problems/medical/dysbiosis/fastq_analysis/qc/CXD568_trim_1.fastq.gz	imgvr_reps.fna	0.0454	0.0634	98.69	3.252	NA-NA	HIGH	NA-NA	3	3.252	123/185	98.69	9	IMGVR_UViG_3300039349_000023|3300039349|Ga0169239_0027
/home/jb/open_problems/medical/dysbiosis/fastq_analysis/qc/CXD568_trim_1.fastq.gz	imgvr_reps.fna	0.0453	0.0463	97.55	3.244	NA-NA	HIGH	NA-NA	3	3.244	45/97	97.55	37	IMGVR_UViG_3300029049_000021|3300029049|Ga0169693_100649
/home/jb/open_problems/medical/dysbiosis/fastq_analysis/qc/CXD568_trim_1.fastq.gz	imgvr_reps.fna	0.0450	0.0598	97.45	3.225	NA-NA	HIGH	NA-NA	3	3.225	71/158	97.45	45	IMGVR_UViG_3300029609_000280|3300029609|Ga0245148_100874
/home/jb/open_problems/medical/dysbiosis/fastq_analysis/qc/CXD568_trim_1.fastq.gz	imgvr_reps.fna	0.0449	0.0526	99.76	3.216	NA-NA	HIGH	NA-NA	3	3.216	116/125	99.76	0	IMGVR_UViG_3300045988_111670|3300045988|Ga0495776_189470
/home/jb/open_problems/medical/dysbiosis/fastq_analysis/qc/CXD568_trim_1.fastq.gz	imgvr_reps.fna	0.0448	0.0165	97.48	3.208	NA-NA	LOW	NA-NA	2	3.208	24/53	97.48	8	IMGVR_UViG_3300029474_000249|3300029474|Ga0244136_100504|5295-14947
/home/jb/open_problems/medical/dysbiosis/fastq_analysis/qc/CXD568_trim_1.fastq.gz	imgvr_reps.fna	0.0446	0.0443	96.08	3.194	NA-NA	HIGH	NA-NA	3	3.194	31/107	96.08	13	IMGVR_UViG_3300029608_000269|3300029608|Ga0245152_101099
/home/jb/open_problems/medical/dysbiosis/fastq_analysis/qc/CXD568_trim_1.fastq.gz	imgvr_reps.fna	0.0444	0.0278	98.23	3.184	NA-NA	HIGH	NA-NA	3	3.184	38/66	98.23	0	IMGVR_UViG_3300029575_000216|3300029575|Ga0244903_100192|69696-86031
/home/jb/open_problems/medical/dysbiosis/fastq_analysis/qc/CXD568_trim_1.fastq.gz	imgvr_reps.fna	0.0442	0.0984	96.05	3.169	NA-NA	HIGH	NA-NA	3	3.169	71/248	96.05	67	IMGVR_UViG_3300045988_067922|3300045988|Ga0495776_073800
/home/jb/open_problems/medical/dysbiosis/fastq_analysis/qc/CXD568_trim_1.fastq.gz	imgvr_reps.fna	0.0441	0.0960	96.70	3.159	NA-NA	HIGH	NA-NA	3	3.159	82/232	96.70	61	IMGVR_UViG_3300029385_000147|3300029385|Ga0243985_1000502
/home/jb/open_problems/medical/dysbiosis/fastq_analysis/qc/CXD568_trim_1.fastq.gz	imgvr_reps.fna	0.0439	0.0249	96.22	3.150	NA-NA	HIGH	NA-NA	3	3.150	20/66	96.22	0	IMGVR_UViG_3300029381_000310|3300029381|Ga0243902_1002905
/home/jb/open_problems/medical/dysbiosis/fastq_analysis/qc/CXD568_trim_1.fastq.gz	imgvr_reps.fna	0.0437	0.0243	95.53	3.133	NA-NA	HIGH	NA-NA	3	3.133	15/62	95.53	24	IMGVR_UViG_3300029380_000409|3300029380|Ga0243900_1003209
/home/jb/open_problems/medical/dysbiosis/fastq_analysis/qc/CXD568_trim_1.fastq.gz	imgvr_reps.fna	0.0437	0.0817	97.05	3.133	NA-NA	HIGH	NA-NA	3	3.133	83/210	97.05	46	IMGVR_UViG_3300029214_000213|3300029214|Ga0168682_100128|1-48849
/home/jb/open_problems/medical/dysbiosis/fastq_analysis/qc/CXD568_trim_1.fastq.gz	imgvr_reps.fna	0.0437	0.0235	99.75	3.131	NA-NA	HIGH	NA-NA	3	3.131	61/66	99.75	0	IMGVR_UViG_3300029360_000232|3300029360|Ga0243814_1003157
/home/jb/open_problems/medical/dysbiosis/fastq_analysis/qc/CXD568_trim_1.fastq.gz	imgvr_reps.fna	0.0436	0.0586	95.95	3.125	NA-NA	HIGH	NA-NA	3	3.125	40/144	95.95	64	IMGVR_UViG_3300029848_000302|3300029848|Ga0245285_1000194|21473-56573
/home/jb/open_problems/medical/dysbiosis/fastq_analysis/qc/CXD568_trim_1.fastq.gz	imgvr_reps.fna	0.0435	0.0311	96.78	3.121	NA-NA	HIGH	NA-NA	3	3.121	33/91	96.78	39	IMGVR_UViG_3300029709_000257|3300029709|Ga0245177_101986
/home/jb/open_problems/medical/dysbiosis/fastq_analysis/qc/CXD568_trim_1.fastq.gz	imgvr_reps.fna	0.0434	0.0715	95.32	3.111	NA-NA	HIGH	NA-NA	3	3.111	45/199	95.32	32	IMGVR_UViG_3300045988_148958|3300045988|Ga0495776_157719
/home/jb/open_problems/medical/dysbiosis/fastq_analysis/qc/CXD568_trim_1.fastq.gz	imgvr_reps.fna	0.0434	0.0504	96.22	3.108	NA-NA	HIGH	NA-NA	3	3.108	37/122	96.22	31	IMGVR_UViG_3300029055_000018|3300029055|Ga0169617_100472
/home/jb/open_problems/medical/dysbiosis/fastq_analysis/qc/CXD568_trim_1.fastq.gz	imgvr_reps.fna	0.0433	0.0249	97.24	3.103	NA-NA	HIGH	NA-NA	3	3.103	29/69	97.24	0	IMGVR_UViG_3300029516_000154|3300029516|Ga0244799_102134
/home/jb/open_problems/medical/dysbiosis/fastq_analysis/qc/CXD568_trim_1.fastq.gz	imgvr_reps.fna	0.0428	0.0571	95.00	3.065	NA-NA	HIGH	NA-NA	3	3.065	31/152	95.00	60	IMGVR_UViG_3300029250_000320|3300029250|Ga0167474_1000179|58368-93269
/home/jb/open_problems/medical/dysbiosis/fastq_analysis/qc/CXD568_trim_1.fastq.gz	imgvr_reps.fna	0.0427	0.0872	97.47	3.058	NA-NA	HIGH	NA-NA	3	3.058	104/230	97.47	23	IMGVR_UViG_3300045988_146080|3300045988|Ga0495776_077362
/home/jb/open_problems/medical/dysbiosis/fastq_analysis/qc/CXD568_trim_1.fastq.gz	imgvr_reps.fna	0.0424	0.0331	96.35	3.042	NA-NA	HIGH	NA-NA	3	3.042	24/76	96.35	14	IMGVR_UViG_3300029379_000177|3300029379|Ga0243906_1001704
/home/jb/open_problems/medical/dysbiosis/fastq_analysis/qc/CXD568_trim_1.fastq.gz	imgvr_reps.fna	0.0421	0.0627	96.02	3.020	NA-NA	HIGH	NA-NA	3	3.020	50/176	96.02	47	IMGVR_UViG_7000000231_000253|7000000231|SRS014613_WUGC_scaffold_1630|1-38889
/home/jb/open_problems/medical/dysbiosis/fastq_analysis/qc/CXD568_trim_1.fastq.gz	imgvr_reps.fna	0.0421	0.0609	96.44	3.019	NA-NA	HIGH	NA-NA	3	3.019	52/160	96.44	31	IMGVR_UViG_3300029887_000032|3300029887|Ga0245331_1000729
/home/jb/open_problems/medical/dysbiosis/fastq_analysis/qc/CXD568_trim_1.fastq.gz	imgvr_reps.fna	0.0419	0.0436	95.27	3.000	NA-NA	HIGH	NA-NA	3	3.000	31/139	95.27	64	IMGVR_UViG_3300029335_000188|3300029335|Ga0243762_101523
/home/jb/open_problems/medical/dysbiosis/fastq_analysis/qc/CXD568_trim_1.fastq.gz	imgvr_reps.fna	0.0419	0.0513	96.66	3.000	NA-NA	HIGH	NA-NA	3	3.000	54/155	96.66	26	IMGVR_UViG_3300007650_000246|3300007650|Ga0105532_100320|14194-46249
/home/jb/open_problems/medical/dysbiosis/fastq_analysis/qc/CXD568_trim_1.fastq.gz	imgvr_reps.fna	0.0415	0.0452	96.28	2.976	NA-NA	HIGH	NA-NA	4	2.976	41/133	96.28	58	IMGVR_UViG_3300014542_000116|3300014542|Ga0134454_100313
/home/jb/open_problems/medical/dysbiosis/fastq_analysis/qc/CXD568_trim_1.fastq.gz	imgvr_reps.fna	0.0415	0.0692	97.10	2.973	NA-NA	HIGH	NA-NA	3	2.973	75/187	97.10	0	IMGVR_UViG_3300045988_096023|3300045988|Ga0495776_139405
/home/jb/open_problems/medical/dysbiosis/fastq_analysis/qc/CXD568_trim_1.fastq.gz	imgvr_reps.fna	0.0414	0.0679	99.62	2.970	NA-NA	HIGH	NA-NA	3	2.970	169/190	99.62	1	IMGVR_UViG_3300045988_007281|3300045988|Ga0495776_018616
/home/jb/open_problems/medical/dysbiosis/fastq_analysis/qc/CXD568_trim_1.fastq.gz	imgvr_reps.fna	0.0413	0.0255	99.75	2.959	NA-NA	HIGH	NA-NA	3	2.959	49/53	99.75	0	IMGVR_UViG_3300014783_000082|3300014783|Ga0134390_101095
/home/jb/open_problems/medical/dysbiosis/fastq_analysis/qc/CXD568_trim_1.fastq.gz	imgvr_reps.fna	0.0410	0.0195	96.52	2.941	NA-NA	LOW	NA-NA	2	2.941	17/51	96.52	0	IMGVR_UViG_3300029732_000172|3300029732|Ga0245266_102096
/home/jb/open_problems/medical/dysbiosis/fastq_analysis/qc/CXD568_trim_1.fastq.gz	imgvr_reps.fna	0.0407	0.0635	95.14	2.914	NA-NA	HIGH	NA-NA	3	2.914	35/164	95.14	42	IMGVR_UViG_3300029660_000156|3300029660|Ga0242817_100520
/home/jb/open_problems/medical/dysbiosis/fastq_analysis/qc/CXD568_trim_1.fastq.gz	imgvr_reps.fna	0.0406	0.0984	97.81	2.910	NA-NA	HIGH	NA-NA	3	2.910	133/264	97.81	25	IMGVR_UViG_3300014824_000008|3300014824|Ga0134492_1000428
/home/jb/open_problems/medical/dysbiosis/fastq_analysis/qc/CXD568_trim_1.fastq.gz	imgvr_reps.fna	0.0400	0.0179	99.06	2.868	NA-NA	HIGH	NA-NA	3	2.868	38/51	99.06	7	IMGVR_UViG_3300029621_000409|3300029621|Ga0245126_1000994|3-11711
/home/jb/open_problems/medical/dysbiosis/fastq_analysis/qc/CXD568_trim_1.fastq.gz	imgvr_reps.fna	0.0397	0.0256	95.09	2.846	NA-NA	LOW	NA-NA	2	2.846	13/62	95.09	28	IMGVR_UViG_3300007796_000150|3300007796|Ga0105889_101727
/home/jb/open_problems/medical/dysbiosis/fastq_analysis/qc/CXD568_trim_1.fastq.gz	imgvr_reps.fna	0.0394	0.0173	97.84	2.828	NA-NA	HIGH	NA-NA	3	2.828	29/57	97.84	0	IMGVR_UViG_3300029371_000098|3300029371|Ga0243958_101616
/home/jb/open_problems/medical/dysbiosis/fastq_analysis/qc/CXD568_trim_1.fastq.gz	imgvr_reps.fna	0.0386	0.0516	95.43	2.763	NA-NA	HIGH	NA-NA	3	2.763	38/162	95.43	34	IMGVR_UViG_3300029438_000230|3300029438|Ga0243733_1000750
/home/jb/open_problems/medical/dysbiosis/fastq_analysis/qc/CXD568_trim_1.fastq.gz	imgvr_reps.fna	0.0381	0.0554	97.52	2.730	NA-NA	HIGH	NA-NA	3	2.730	74/161	97.52	21	IMGVR_UViG_3300029554_000029|3300029554|Ga0245041_100499
/home/jb/open_problems/medical/dysbiosis/fastq_analysis/qc/CXD568_trim_1.fastq.gz	imgvr_reps.fna	0.0380	0.0280	95.88	2.727	NA-NA	HIGH	NA-NA	3	2.727	22/81	95.88	28	IMGVR_UViG_3300006463_000259|3300006463|Ga0100176_1001795
/home/jb/open_problems/medical/dysbiosis/fastq_analysis/qc/CXD568_trim_1.fastq.gz	imgvr_reps.fna	0.0380	0.0164	95.05	2.727	NA-NA	HIGH	NA-NA	3	2.727	11/53	95.05	11	IMGVR_UViG_3300029518_000110|3300029518|Ga0244795_102318
/home/jb/open_problems/medical/dysbiosis/fastq_analysis/qc/CXD568_trim_1.fastq.gz	imgvr_reps.fna	0.0378	0.0334	96.62	2.710	NA-NA	HIGH	NA-NA	3	2.710	31/90	96.62	0	IMGVR_UViG_3300045988_001754|3300045988|Ga0495776_067198
/home/jb/open_problems/medical/dysbiosis/fastq_analysis/qc/CXD568_trim_1.fastq.gz	imgvr_reps.fna	0.0378	0.0159	96.52	2.706	NA-NA	LOW	NA-NA	2	2.706	17/51	96.52	0	IMGVR_UViG_3300006502_000259|3300006502|Ga0100528_100895|2-11001
/home/jb/open_problems/medical/dysbiosis/fastq_analysis/qc/CXD568_trim_1.fastq.gz	imgvr_reps.fna	0.0377	0.0230	98.06	2.700	NA-NA	HIGH	NA-NA	3	2.700	30/55	98.06	0	IMGVR_UViG_3300008750_000115|3300008750|Ga0114087_101088
/home/jb/open_problems/medical/dysbiosis/fastq_analysis/qc/CXD568_trim_1.fastq.gz	imgvr_reps.fna	0.0374	0.0160	96.57	2.684	NA-NA	LOW	NA-NA	2	2.684	19/56	96.57	31	IMGVR_UViG_3300039336_000192|3300039336|Ga0169848_01938
/home/jb/open_problems/medical/dysbiosis/fastq_analysis/qc/CXD568_trim_1.fastq.gz	imgvr_reps.fna	0.0374	0.0230	96.11	2.684	NA-NA	HIGH	NA-NA	3	2.684	19/65	96.11	0	IMGVR_UViG_3300029702_000046|3300029702|Ga0245265_102230
/home/jb/open_problems/medical/dysbiosis/fastq_analysis/qc/CXD568_trim_1.fastq.gz	imgvr_reps.fna	0.0372	0.0349	95.35	2.667	NA-NA	HIGH	NA-NA	3	2.667	21/92	95.35	12	IMGVR_UViG_3300014953_000150|3300014953|Ga0169765_100636
/home/jb/open_problems/medical/dysbiosis/fastq_analysis/qc/CXD568_trim_1.fastq.gz	imgvr_reps.fna	0.0372	0.0344	96.86	2.667	NA-NA	HIGH	NA-NA	4	2.667	39/105	96.86	47	IMGVR_UViG_3300045988_025001|3300045988|Ga0495776_154680
/home/jb/open_problems/medical/dysbiosis/fastq_analysis/qc/CXD568_trim_1.fastq.gz	imgvr_reps.fna	0.0370	0.0133	97.03	2.650	NA-NA	LOW	NA-NA	2	2.650	20/51	97.03	0	IMGVR_UViG_7000000655_000122|7000000655|SRS019968_Baylor_scaffold_15346
/home/jb/open_problems/medical/dysbiosis/fastq_analysis/qc/CXD568_trim_1.fastq.gz	imgvr_reps.fna	0.0370	0.0252	96.04	2.650	NA-NA	LOW	NA-NA	2	2.650	20/70	96.04	2	IMGVR_UViG_3300029116_000176|3300029116|Ga0168822_101419
/home/jb/open_problems/medical/dysbiosis/fastq_analysis/qc/CXD568_trim_1.fastq.gz	imgvr_reps.fna	0.0366	0.0151	97.48	2.625	NA-NA	LOW	NA-NA	2	2.625	24/53	97.48	16	IMGVR_UViG_3300007184_000250|3300007184|Ga0103258_102808
/home/jb/open_problems/medical/dysbiosis/fastq_analysis/qc/CXD568_trim_1.fastq.gz	imgvr_reps.fna	0.0364	0.0519	97.84	2.609	97.54-99.14	2.609	1.09-2.77	2	2.610	82/174	97.60	30	IMGVR_UViG_3300030381_000416|3300030381|Ga0167499_1000110|23717-60984
/home/jb/open_problems/medical/dysbiosis/fastq_analysis/qc/CXD568_trim_1.fastq.gz	imgvr_reps.fna	0.0359	0.0166	97.90	2.571	NA-NA	HIGH	NA-NA	3	2.571	28/54	97.90	0	IMGVR_UViG_2870934610_000001|2870934610|2870934630
/home/jb/open_problems/medical/dysbiosis/fastq_analysis/qc/CXD568_trim_1.fastq.gz	imgvr_reps.fna	0.0356	0.0382	95.78	2.548	NA-NA	HIGH	NA-NA	3	2.548	31/118	95.78	0	IMGVR_UViG_3300010259_000008|3300010259|Ga0129316_1000347
/home/jb/open_problems/medical/dysbiosis/fastq_analysis/qc/CXD568_trim_1.fastq.gz	imgvr_reps.fna	0.0355	0.0205	98.46	2.548	NA-NA	HIGH	NA-NA	3	2.548	42/68	98.46	1	IMGVR_UViG_3300029851_000229|3300029851|Ga0245290_100080|3-15068
/home/jb/open_problems/medical/dysbiosis/fastq_analysis/qc/CXD568_trim_1.fastq.gz	imgvr_reps.fna	0.0355	0.0154	95.05	2.545	NA-NA	LOW	NA-NA	2	2.545	11/53	95.05	21	IMGVR_UViG_3300029375_000216|3300029375|Ga0243934_1004052
/home/jb/open_problems/medical/dysbiosis/fastq_analysis/qc/CXD568_trim_1.fastq.gz	imgvr_reps.fna	0.0345	0.0259	95.39	2.474	NA-NA	LOW	NA-NA	2	2.474	19/82	95.39	0	IMGVR_UViG_3300015188_000082|3300015188|Ga0183237_130283
/home/jb/open_problems/medical/dysbiosis/fastq_analysis/qc/CXD568_trim_1.fastq.gz	imgvr_reps.fna	0.0338	0.0347	96.94	2.422	NA-NA	HIGH	NA-NA	3	2.422	45/118	96.94	40	IMGVR_UViG_3300029007_000093|3300029007|Ga0169678_100080|69391-96236
/home/jb/open_problems/medical/dysbiosis/fastq_analysis/qc/CXD568_trim_1.fastq.gz	imgvr_reps.fna	0.0337	0.0144	95.32	2.417	NA-NA	HIGH	NA-NA	3	2.417	12/53	95.32	21	IMGVR_UViG_3300029586_000048|3300029586|Ga0243865_1002654
/home/jb/open_problems/medical/dysbiosis/fastq_analysis/qc/CXD568_trim_1.fastq.gz	imgvr_reps.fna	0.0333	0.1003	95.78	2.388	NA-NA	HIGH	NA-NA	3	2.388	85/324	95.78	20	IMGVR_UViG_3300029312_000027|3300029312|Ga0242764_100015|219-78899
/home/jb/open_problems/medical/dysbiosis/fastq_analysis/qc/CXD568_trim_1.fastq.gz	imgvr_reps.fna	0.0328	0.0200	95.55	2.350	NA-NA	LOW	NA-NA	2	2.350	20/82	95.55	40	IMGVR_UViG_3300029392_000226|3300029392|Ga0243989_1001897
/home/jb/open_problems/medical/dysbiosis/fastq_analysis/qc/CXD568_trim_1.fastq.gz	imgvr_reps.fna	0.0326	0.0141	98.99	2.333	98.50-100.19	2.333	0.80-3.20	2	2.697	33/50	98.67	0	IMGVR_UViG_3300007361_000049|3300007361|Ga0104787_102547
/home/jb/open_problems/medical/dysbiosis/fastq_analysis/qc/CXD568_trim_1.fastq.gz	imgvr_reps.fna	0.0323	0.0190	95.72	2.312	NA-NA	LOW	NA-NA	2	2.312	16/62	95.72	5	IMGVR_UViG_3300008103_000335|3300008103|Ga0114180_101444|3-15422
/home/jb/open_problems/medical/dysbiosis/fastq_analysis/qc/CXD568_trim_1.fastq.gz	imgvr_reps.fna	0.0322	0.0101	95.63	2.308	NA-NA	LOW	NA-NA	2	2.308	13/52	95.63	2	IMGVR_UViG_3300029431_000144|3300029431|Ga0243758_1004415
/home/jb/open_problems/medical/dysbiosis/fastq_analysis/qc/CXD568_trim_1.fastq.gz	imgvr_reps.fna	0.0319	0.0159	95.92	2.286	NA-NA	LOW	NA-NA	2	2.286	14/51	95.92	7	IMGVR_UViG_3300029425_000258|3300029425|Ga0243935_100397|20083-33120
/home/jb/open_problems/medical/dysbiosis/fastq_analysis/qc/CXD568_trim_1.fastq.gz	imgvr_reps.fna	0.0318	0.0223	96.36	2.280	NA-NA	LOW	NA-NA	2	2.280	25/79	96.36	10	IMGVR_UViG_3300014548_000079|3300014548|Ga0134459_100463
/home/jb/open_problems/medical/dysbiosis/fastq_analysis/qc/CXD568_trim_1.fastq.gz	imgvr_reps.fna	0.0316	0.0185	95.88	2.263	NA-NA	LOW	NA-NA	2	2.263	19/70	95.88	6	IMGVR_UViG_2051223004_000007|2051223004|umicr1445_MHC9A_contig18677
/home/jb/open_problems/medical/dysbiosis/fastq_analysis/qc/CXD568_trim_1.fastq.gz	imgvr_reps.fna	0.0315	0.0146	97.28	2.261	NA-NA	LOW	NA-NA	2	2.261	23/54	97.28	9	IMGVR_UViG_7000000200_000181|7000000200|SRS023526_Baylor_scaffold_8393
/home/jb/open_problems/medical/dysbiosis/fastq_analysis/qc/CXD568_trim_1.fastq.gz	imgvr_reps.fna	0.0314	0.0169	95.70	2.250	NA-NA	LOW	NA-NA	2	2.250	20/78	95.70	3	IMGVR_UViG_3300014515_000025|3300014515|Ga0169874_100262
/home/jb/open_problems/medical/dysbiosis/fastq_analysis/qc/CXD568_trim_1.fastq.gz	imgvr_reps.fna	0.0308	0.0191	96.31	2.208	NA-NA	LOW	NA-NA	2	2.208	24/77	96.31	29	IMGVR_UViG_3300029024_000059|3300029024|Ga0169709_100875
/home/jb/open_problems/medical/dysbiosis/fastq_analysis/qc/CXD568_trim_1.fastq.gz	imgvr_reps.fna	0.0307	0.0399	99.67	2.200	99.52-100.50	2.200	1.10-2.54	2	2.771	109/136	99.29	0	IMGVR_UViG_3300045988_167355|3300045988|Ga0495776_063586
/home/jb/open_problems/medical/dysbiosis/fastq_analysis/qc/CXD568_trim_1.fastq.gz	imgvr_reps.fna	0.0301	0.0457	98.47	2.160	98.14-99.28	2.160	1.20-2.74	2	2.630	92/167	98.10	15	IMGVR_UViG_3300045988_144062|3300045988|Ga0495776_026435
/home/jb/open_problems/medical/dysbiosis/fastq_analysis/qc/CXD568_trim_1.fastq.gz	imgvr_reps.fna	0.0298	0.0191	95.11	2.133	NA-NA	LOW	NA-NA	2	2.133	15/71	95.11	2	IMGVR_UViG_3300029357_000223|3300029357|Ga0243847_102201
/home/jb/open_problems/medical/dysbiosis/fastq_analysis/qc/CXD568_trim_1.fastq.gz	imgvr_reps.fna	0.0296	0.0212	95.10	2.125	NA-NA	LOW	NA-NA	1	2.125	16/76	95.10	36	IMGVR_UViG_3300008129_000022|3300008129|Ga0114848_100856
/home/jb/open_problems/medical/dysbiosis/fastq_analysis/qc/CXD568_trim_1.fastq.gz	imgvr_reps.fna	0.0296	0.0193	95.26	2.125	NA-NA	LOW	NA-NA	2	2.125	16/72	95.26	26	IMGVR_UViG_3300029257_000139|3300029257|Ga0168675_101608
/home/jb/open_problems/medical/dysbiosis/fastq_analysis/qc/CXD568_trim_1.fastq.gz	imgvr_reps.fna	0.0295	0.0232	95.08	2.111	NA-NA	LOW	NA-NA	1	2.111	18/86	95.08	32	IMGVR_UViG_3300007312_000129|3300007312|Ga0104941_100874
/home/jb/open_problems/medical/dysbiosis/fastq_analysis/qc/CXD568_trim_1.fastq.gz	imgvr_reps.fna	0.0294	0.0263	96.20	2.107	NA-NA	LOW	NA-NA	2	2.107	28/93	96.20	12	IMGVR_UViG_3300029416_000152|3300029416|Ga0243860_101296
/home/jb/open_problems/medical/dysbiosis/fastq_analysis/qc/CXD568_trim_1.fastq.gz	imgvr_reps.fna	0.0294	0.0229	95.25	2.105	NA-NA	LOW	NA-NA	2	2.105	19/86	95.25	24	IMGVR_UViG_3300029584_000250|3300029584|Ga0245112_101520
/home/jb/open_problems/medical/dysbiosis/fastq_analysis/qc/CXD568_trim_1.fastq.gz	imgvr_reps.fna	0.0290	0.0208	98.00	2.077	97.24-99.41	2.077	0.80-2.75	2	2.651	43/92	97.58	4	IMGVR_UViG_3300029782_000383|3300029782|Ga0245253_100582|41492-60245
/home/jb/open_problems/medical/dysbiosis/fastq_analysis/qc/CXD568_trim_1.fastq.gz	imgvr_reps.fna	0.0289	0.0165	95.41	2.071	NA-NA	HIGH	NA-NA	3	2.071	14/60	95.41	0	IMGVR_UViG_3300029736_000150|3300029736|Ga0245186_101656
/home/jb/open_problems/medical/dysbiosis/fastq_analysis/qc/CXD568_trim_1.fastq.gz	imgvr_reps.fna	0.0286	0.0166	95.79	2.053	NA-NA	LOW	NA-NA	2	2.053	19/72	95.79	6	IMGVR_UViG_3300029604_000196|3300029604|Ga0245147_102305
/home/jb/open_problems/medical/dysbiosis/fastq_analysis/qc/CXD568_trim_1.fastq.gz	imgvr_reps.fna	0.0285	0.0155	96.20	2.045	NA-NA	LOW	NA-NA	2	2.045	22/73	96.20	0	IMGVR_UViG_3300045988_184036|3300045988|Ga0495776_094333
/home/jb/open_problems/medical/dysbiosis/fastq_analysis/qc/CXD568_trim_1.fastq.gz	imgvr_reps.fna	0.0279	0.0180	95.94	2.000	NA-NA	LOW	NA-NA	2	2.000	21/76	95.94	17	IMGVR_UViG_3300029712_000328|3300029712|Ga0245206_102125|2922-19761
/home/jb/open_problems/medical/dysbiosis/fastq_analysis/qc/CXD568_trim_1.fastq.gz	imgvr_reps.fna	0.0279	0.0282	95.02	2.000	NA-NA	LOW	NA-NA	1	2.000	23/112	95.02	9	IMGVR_UViG_3300029425_000232|3300029425|Ga0243935_100720|20066-46450
/home/jb/open_problems/medical/dysbiosis/fastq_analysis/qc/CXD568_trim_1.fastq.gz	imgvr_reps.fna	0.0279	0.0258	96.79	2.000	96.07-98.33	2.000	0.71-2.67	2	2.000	34/108	96.34	15	IMGVR_UViG_3300029303_000035|3300029303|Ga0168703_1000766
/home/jb/open_problems/medical/dysbiosis/fastq_analysis/qc/CXD568_trim_1.fastq.gz	imgvr_reps.fna	0.0279	0.0178	96.42	2.000	NA-NA	LOW	NA-NA	2	2.000	20/62	96.42	16	IMGVR_UViG_3300029219_000273|3300029219|Ga0168709_100420|3-16655
/home/jb/open_problems/medical/dysbiosis/fastq_analysis/qc/CXD568_trim_1.fastq.gz	imgvr_reps.fna	0.0279	0.0163	96.27	2.000	NA-NA	LOW	NA-NA	2	2.000	20/65	96.27	10	IMGVR_UViG_3300008619_000027|3300008619|Ga0111235_100754
/home/jb/open_problems/medical/dysbiosis/fastq_analysis/qc/CXD568_trim_1.fastq.gz	imgvr_reps.fna	0.0279	0.0174	95.95	2.000	NA-NA	LOW	NA-NA	2	2.000	20/72	95.95	0	IMGVR_UViG_3300014807_000208|3300014807|Ga0134439_1000682
/home/jb/open_problems/medical/dysbiosis/fastq_analysis/qc/CXD568_trim_1.fastq.gz	imgvr_reps.fna	0.0273	0.0399	99.89	1.953	99.58-100.55	1.953	1.18-2.37	2	2.640	136/164	99.40	0	IMGVR_UViG_3300045988_088108|3300045988|Ga0495776_126173
/home/jb/open_problems/medical/dysbiosis/fastq_analysis/qc/CXD568_trim_1.fastq.gz	imgvr_reps.fna	0.0271	0.0700	97.24	1.943	96.94-99.32	1.943	0.60-1.94	2	2.022	91/253	96.76	3	IMGVR_UViG_3300045988_169559|3300045988|Ga0495776_159434
/home/jb/open_problems/medical/dysbiosis/fastq_analysis/qc/CXD568_trim_1.fastq.gz	imgvr_reps.fna	0.0269	0.0164	99.29	1.929	98.83-100.72	1.929	0.67-2.57	2	3.021	48/70	98.79	0	IMGVR_UViG_3300007969_000059|3300007969|Ga0114312_100657
/home/jb/open_problems/medical/dysbiosis/fastq_analysis/qc/CXD568_trim_1.fastq.gz	imgvr_reps.fna	0.0267	0.0488	96.98	1.917	NA-NA	HIGH	NA-NA	3	1.917	72/186	96.98	44	IMGVR_UViG_3300035645_000180|3300035645|Ga0134409_00303
/home/jb/open_problems/medical/dysbiosis/fastq_analysis/qc/CXD568_trim_1.fastq.gz	imgvr_reps.fna	0.0266	0.0087	97.39	1.909	NA-NA	LOW	NA-NA	2	1.909	22/50	97.39	2	IMGVR_UViG_3300029238_000197|3300029238|Ga0168766_103442
/home/jb/open_problems/medical/dysbiosis/fastq_analysis/qc/CXD568_trim_1.fastq.gz	imgvr_reps.fna	0.0266	0.0183	95.92	1.909	NA-NA	LOW	NA-NA	2	1.909	22/80	95.92	29	IMGVR_UViG_3300023479_000046|3300023479|Ga0257034_10759
/home/jb/open_problems/medical/dysbiosis/fastq_analysis/qc/CXD568_trim_1.fastq.gz	imgvr_reps.fna	0.0264	0.0130	96.21	1.895	NA-NA	LOW	NA-NA	2	1.895	19/63	96.21	16	IMGVR_UViG_3300006464_000216|3300006464|Ga0100221_1002511
/home/jb/open_problems/medical/dysbiosis/fastq_analysis/qc/CXD568_trim_1.fastq.gz	imgvr_reps.fna	0.0264	0.0375	97.52	1.895	96.84-98.65	1.895	0.80-2.67	2	2.758	62/159	97.01	5	IMGVR_UViG_3300045988_145786|3300045988|Ga0495776_087279
/home/jb/open_problems/medical/dysbiosis/fastq_analysis/qc/CXD568_trim_1.fastq.gz	imgvr_reps.fna	0.0264	0.0147	95.80	1.889	NA-NA	LOW	NA-NA	2	1.889	18/68	95.80	0	IMGVR_UViG_3300029087_000037|3300029087|Ga0169172_100590
/home/jb/open_problems/medical/dysbiosis/fastq_analysis/qc/CXD568_trim_1.fastq.gz	imgvr_reps.fna	0.0263	0.0141	96.12	1.882	NA-NA	LOW	NA-NA	2	1.882	17/58	96.12	15	IMGVR_UViG_3300029404_000260|3300029404|Ga0243824_101081|17-14047
/home/jb/open_problems/medical/dysbiosis/fastq_analysis/qc/CXD568_trim_1.fastq.gz	imgvr_reps.fna	0.0262	0.0403	97.11	1.875	96.51-98.08	1.875	0.83-2.59	2	2.164	61/179	96.59	28	IMGVR_UViG_3300045988_040203|3300045988|Ga0495776_071995
/home/jb/open_problems/medical/dysbiosis/fastq_analysis/qc/CXD568_trim_1.fastq.gz	imgvr_reps.fna	0.0262	0.0207	97.31	1.875	96.94-99.90	1.875	0.50-1.87	2	1.750	36/99	96.79	2	IMGVR_UViG_3300045988_125535|3300045988|Ga0495776_067651
/home/jb/open_problems/medical/dysbiosis/fastq_analysis/qc/CXD568_trim_1.fastq.gz	imgvr_reps.fna	0.0262	0.0287	96.57	1.875	96.17-98.51	1.875	0.45-1.85	2	2.057	35/122	96.05	0	IMGVR_UViG_3300029719_000157|3300029719|Ga0245179_1001308
/home/jb/open_problems/medical/dysbiosis/fastq_analysis/qc/CXD568_trim_1.fastq.gz	imgvr_reps.fna	0.0260	0.0133	95.43	1.867	NA-NA	LOW	NA-NA	1	1.867	15/64	95.43	22	IMGVR_UViG_3300014781_000113|3300014781|Ga0134426_101129
/home/jb/open_problems/medical/dysbiosis/fastq_analysis/qc/CXD568_trim_1.fastq.gz	imgvr_reps.fna	0.0259	0.0142	95.47	1.857	NA-NA	LOW	NA-NA	2	1.857	14/59	95.47	17	IMGVR_UViG_3300029441_000051|3300029441|Ga0243753_1003037
/home/jb/open_problems/medical/dysbiosis/fastq_analysis/qc/CXD568_trim_1.fastq.gz	imgvr_reps.fna	0.0259	0.0168	96.24	1.857	NA-NA	LOW	NA-NA	2	1.857	21/69	96.24	15	IMGVR_UViG_2920462091_000003|2920462091|2920462145|68506-85405
/home/jb/open_problems/medical/dysbiosis/fastq_analysis/qc/CXD568_trim_1.fastq.gz	imgvr_reps.fna	0.0259	0.0220	99.12	1.857	NA-NA	HIGH	NA-NA	4	1.857	70/92	99.12	0	IMGVR_UViG_2920317450_000001|2920317450|2920317528
/home/jb/open_problems/medical/dysbiosis/fastq_analysis/qc/CXD568_trim_1.fastq.gz	imgvr_reps.fna	0.0258	0.0280	95.35	1.852	NA-NA	HIGH	NA-NA	3	1.852	27/118	95.35	76	IMGVR_UViG_3300029545_000060|3300029545|Ga0245039_100653
/home/jb/open_problems/medical/dysbiosis/fastq_analysis/qc/CXD568_trim_1.fastq.gz	imgvr_reps.fna	0.0258	0.0206	99.69	1.846	99.38-100.63	1.846	0.93-2.11	2	2.395	81/106	99.14	13	IMGVR_UViG_3300029363_000011|3300029363|Ga0243878_101333
/home/jb/open_problems/medical/dysbiosis/fastq_analysis/qc/CXD568_trim_1.fastq.gz	imgvr_reps.fna	0.0256	0.0207	98.99	1.833	98.49-100.11	1.833	0.95-2.44	2	2.742	62/101	98.44	0	IMGVR_UViG_3300029336_000221|3300029336|Ga0243752_101761
/home/jb/open_problems/medical/dysbiosis/fastq_analysis/qc/CXD568_trim_1.fastq.gz	imgvr_reps.fna	0.0254	0.0368	95.12	1.818	94.95-97.85	1.818	0.50-1.73	2	1.926	27/152	94.58	32	IMGVR_UViG_3300029360_000274|3300029360|Ga0243814_1001172
/home/jb/open_problems/medical/dysbiosis/fastq_analysis/qc/CXD568_trim_1.fastq.gz	imgvr_reps.fna	0.0254	0.0402	95.31	1.818	94.76-97.37	1.818	0.64-1.82	2	2.200	30/159	94.76	64	IMGVR_UViG_3300045988_031957|3300045988|Ga0495776_109915
/home/jb/open_problems/medical/dysbiosis/fastq_analysis/qc/CXD568_trim_1.fastq.gz	imgvr_reps.fna	0.0253	0.0171	95.10	1.812	NA-NA	LOW	NA-NA	2	1.812	16/76	95.10	23	IMGVR_UViG_3300029536_000188|3300029536|Ga0244918_100003|2-17630
/home/jb/open_problems/medical/dysbiosis/fastq_analysis/qc/CXD568_trim_1.fastq.gz	imgvr_reps.fna	0.0252	0.0125	97.18	1.810	NA-NA	LOW	NA-NA	2	1.810	21/51	97.18	8	IMGVR_UViG_3300029051_000253|3300029051|Ga0169669_100683|1-12977
/home/jb/open_problems/medical/dysbiosis/fastq_analysis/qc/CXD568_trim_1.fastq.gz	imgvr_reps.fna	0.0252	0.0171	96.10	1.810	NA-NA	LOW	NA-NA	2	1.810	21/72	96.10	1	IMGVR_UViG_3300023494_000091|3300023494|Ga0257057_101135
/home/jb/open_problems/medical/dysbiosis/fastq_analysis/qc/CXD568_trim_1.fastq.gz	imgvr_reps.fna	0.0252	0.0390	95.53	1.804	NA-NA	LOW	NA-NA	2	1.804	46/190	95.53	6	IMGVR_UViG_2576861613_000004|2576861613|2576903655|1909920-1950393
/home/jb/open_problems/medical/dysbiosis/fastq_analysis/qc/CXD568_trim_1.fastq.gz	imgvr_reps.fna	0.0251	0.0117	96.13	1.800	NA-NA	LOW	NA-NA	1	1.800	15/51	96.13	2	IMGVR_UViG_2537561755_000003|2537561755|2537589456
/home/jb/open_problems/medical/dysbiosis/fastq_analysis/qc/CXD568_trim_1.fastq.gz	imgvr_reps.fna	0.0246	0.0161	99.08	1.765	98.44-100.37	1.765	0.82-2.53	2	2.667	51/82	98.48	0	IMGVR_UViG_3300014780_000009|3300014780|Ga0134477_1000620
/home/jb/open_problems/medical/dysbiosis/fastq_analysis/qc/CXD568_trim_1.fastq.gz	imgvr_reps.fna	0.0246	0.0395	97.61	1.760	97.06-98.38	1.760	1.03-2.50	2	2.319	72/184	97.02	0	IMGVR_UViG_3300007222_000434|3300007222|Ga0104061_100477|15999-58058
/home/jb/open_problems/medical/dysbiosis/fastq_analysis/qc/CXD568_trim_1.fastq.gz	imgvr_reps.fna	0.0244	0.0244	95.21	1.750	NA-NA	LOW	NA-NA	2	1.750	24/110	95.21	22	IMGVR_UViG_3300008058_000227|3300008058|Ga0114167_100601|1-26119
/home/jb/open_problems/medical/dysbiosis/fastq_analysis/qc/CXD568_trim_1.fastq.gz	imgvr_reps.fna	0.0244	0.0199	97.29	1.750	96.61-98.59	1.750	0.92-2.31	2	2.368	38/106	96.74	24	IMGVR_UViG_3300008520_000401|3300008520|Ga0111044_101087|12272-33545
/home/jb/open_problems/medical/dysbiosis/fastq_analysis/qc/CXD568_trim_1.fastq.gz	imgvr_reps.fna	0.0244	0.0113	95.44	1.750	NA-NA	LOW	NA-NA	2	1.750	12/51	95.44	0	IMGVR_UViG_3300029746_000245|3300029746|Ga0245173_102412
/home/jb/open_problems/medical/dysbiosis/fastq_analysis/qc/CXD568_trim_1.fastq.gz	imgvr_reps.fna	0.0244	0.0437	96.02	1.750	95.22-97.34	1.750	0.67-2.17	2	2.217	46/196	95.43	32	IMGVR_UViG_3300029733_000265|3300029733|Ga0245176_100086|16894-63623
/home/jb/open_problems/medical/dysbiosis/fastq_analysis/qc/CXD568_trim_1.fastq.gz	imgvr_reps.fna	0.0242	0.0469	95.25	1.733	94.52-97.04	1.733	0.60-1.83	2	2.308	39/214	94.66	53	IMGVR_UViG_3300029686_000158|3300029686|Ga0245204_100642
/home/jb/open_problems/medical/dysbiosis/fastq_analysis/qc/CXD568_trim_1.fastq.gz	imgvr_reps.fna	0.0241	0.0109	95.05	1.727	NA-NA	LOW	NA-NA	1	1.727	11/53	95.05	28	IMGVR_UViG_3300030031_000157|3300030031|Ga0245030_101829
/home/jb/open_problems/medical/dysbiosis/fastq_analysis/qc/CXD568_trim_1.fastq.gz	imgvr_reps.fna	0.0239	0.0162	95.48	1.714	NA-NA	LOW	NA-NA	1	1.714	21/88	95.48	0	IMGVR_UViG_3300029380_000314|3300029380|Ga0243900_1002541
/home/jb/open_problems/medical/dysbiosis/fastq_analysis/qc/CXD568_trim_1.fastq.gz	imgvr_reps.fna	0.0238	0.0411	99.44	1.708	99.15-100.09	1.708	1.11-1.96	2	2.527	146/210	98.83	7	IMGVR_UViG_3300029346_000220|3300029346|Ga0243823_100510|3-45051
/home/jb/open_problems/medical/dysbiosis/fastq_analysis/qc/CXD568_trim_1.fastq.gz	imgvr_reps.fna	0.0237	0.0149	95.67	1.700	NA-NA	LOW	NA-NA	2	1.700	20/79	95.67	1	IMGVR_UViG_3300008728_000260|3300008728|Ga0115675_101581
/home/jb/open_problems/medical/dysbiosis/fastq_analysis/qc/CXD568_trim_1.fastq.gz	imgvr_reps.fna	0.0237	0.0727	95.38	1.700	94.93-96.30	1.700	0.95-1.96	2	2.613	62/329	94.76	37	IMGVR_UViG_3300029432_000186|3300029432|Ga0243805_100433
/home/jb/open_problems/medical/dysbiosis/fastq_analysis/qc/CXD568_trim_1.fastq.gz	imgvr_reps.fna	0.0236	0.0113	95.69	1.692	NA-NA	LOW	NA-NA	2	1.692	13/51	95.69	10	IMGVR_UViG_3300006499_000328|3300006499|Ga0100371_100474|2-12504
/home/jb/open_problems/medical/dysbiosis/fastq_analysis/qc/CXD568_trim_1.fastq.gz	imgvr_reps.fna	0.0236	0.0089	95.69	1.692	NA-NA	LOW	NA-NA	2	1.692	13/51	95.69	17	IMGVR_UViG_3300029189_000048|3300029189|Ga0168060_100400|5073-14930
/home/jb/open_problems/medical/dysbiosis/fastq_analysis/qc/CXD568_trim_1.fastq.gz	imgvr_reps.fna	0.0236	0.0105	95.75	1.692	NA-NA	LOW	NA-NA	1	1.692	13/50	95.75	0	IMGVR_UViG_3300029332_000185|3300029332|Ga0243782_102852
/home/jb/open_problems/medical/dysbiosis/fastq_analysis/qc/CXD568_trim_1.fastq.gz	imgvr_reps.fna	0.0236	0.0102	95.75	1.692	NA-NA	LOW	NA-NA	1	1.692	13/50	95.75	0	IMGVR_UViG_3300007222_000253|3300007222|Ga0104061_103025
/home/jb/open_problems/medical/dysbiosis/fastq_analysis/qc/CXD568_trim_1.fastq.gz	imgvr_reps.fna	0.0236	0.0100	95.51	1.692	NA-NA	LOW	NA-NA	1	1.692	13/54	95.51	0	IMGVR_UViG_3300014963_000433|3300014963|Ga0134523_1006740
/home/jb/open_problems/medical/dysbiosis/fastq_analysis/qc/CXD568_trim_1.fastq.gz	imgvr_reps.fna	0.0236	0.0443	95.50	1.692	94.40-96.70	1.692	0.82-2.86	2	2.500	46/235	94.87	115	IMGVR_UViG_3300029365_000013|3300029365|Ga0243866_1000759
/home/jb/open_problems/medical/dysbiosis/fastq_analysis/qc/CXD568_trim_1.fastq.gz	imgvr_reps.fna	0.0235	0.0124	95.93	1.688	NA-NA	LOW	NA-NA	1	1.688	16/58	95.93	13	IMGVR_UViG_3300014946_000148|3300014946|Ga0169857_100453|3-13762
/home/jb/open_problems/medical/dysbiosis/fastq_analysis/qc/CXD568_trim_1.fastq.gz	imgvr_reps.fna	0.0235	0.0121	100.00	1.688	99.67-101.45	1.688	0.71-2.33	2	2.556	45/52	99.53	0	IMGVR_UViG_3300045988_132049|3300045988|Ga0495776_050840
/home/jb/open_problems/medical/dysbiosis/fastq_analysis/qc/CXD568_trim_1.fastq.gz	imgvr_reps.fna	0.0234	0.0404	97.90	1.676	97.25-98.77	1.676	0.91-2.59	2	2.337	86/204	97.25	9	IMGVR_UViG_3300030381_000264|3300030381|Ga0167499_1000524
/home/jb/open_problems/medical/dysbiosis/fastq_analysis/qc/CXD568_trim_1.fastq.gz	imgvr_reps.fna	0.0233	0.0648	97.76	1.667	97.44-99.49	1.667	0.60-1.91	2	2.320	125/305	97.16	63	IMGVR_UViG_2562617090_000005|2562617090|2562625146|6050-78939
/home/jb/open_problems/medical/dysbiosis/fastq_analysis/qc/CXD568_trim_1.fastq.gz	imgvr_reps.fna	0.0233	0.0361	95.22	1.667	94.91-96.99	1.667	0.62-1.82	2	2.000	29/163	94.58	0	IMGVR_UViG_3300007501_000024|3300007501|Ga0104994_100604
/home/jb/open_problems/medical/dysbiosis/fastq_analysis/qc/CXD568_trim_1.fastq.gz	imgvr_reps.fna	0.0233	0.0099	95.84	1.667	NA-NA	LOW	NA-NA	2	1.667	15/56	95.84	0	IMGVR_UViG_3300008725_000257|3300008725|Ga0115670_1002881
/home/jb/open_problems/medical/dysbiosis/fastq_analysis/qc/CXD568_trim_1.fastq.gz	imgvr_reps.fna	0.0233	0.0136	99.52	1.667	98.88-100.68	1.667	0.67-2.45	2	2.214	42/58	98.96	0	IMGVR_UViG_3300029257_000228|3300029257|Ga0168675_100872|4423-19676
/home/jb/open_problems/medical/dysbiosis/fastq_analysis/qc/CXD568_trim_1.fastq.gz	imgvr_reps.fna	0.0233	0.0123	96.14	1.667	NA-NA	LOW	NA-NA	2	1.667	18/61	96.14	21	IMGVR_UViG_3300029575_000095|3300029575|Ga0244903_102420
/home/jb/open_problems/medical/dysbiosis/fastq_analysis/qc/CXD568_trim_1.fastq.gz	imgvr_reps.fna	0.0231	0.0226	95.21	1.654	NA-NA	LOW	NA-NA	1	1.654	26/119	95.21	43	IMGVR_UViG_3300014572_000078|3300014572|Ga0134457_1000406
/home/jb/open_problems/medical/dysbiosis/fastq_analysis/qc/CXD568_trim_1.fastq.gz	imgvr_reps.fna	0.0230	0.0125	99.31	1.647	98.75-100.78	1.647	0.56-1.88	2	1.927	41/63	98.62	0	IMGVR_UViG_2920947851_000001|2920947851|2920947887
/home/jb/open_problems/medical/dysbiosis/fastq_analysis/qc/CXD568_trim_1.fastq.gz	imgvr_reps.fna	0.0230	0.0109	96.40	1.647	NA-NA	LOW	NA-NA	2	1.647	17/53	96.40	5	IMGVR_UViG_3300014803_000161|3300014803|Ga0134430_1001244
/home/jb/open_problems/medical/dysbiosis/fastq_analysis/qc/CXD568_trim_1.fastq.gz	imgvr_reps.fna	0.0230	0.0150	99.58	1.647	99.15-101.69	1.647	0.53-1.88	2	3.261	46/64	98.94	2	IMGVR_UViG_3300029343_000525|3300029343|Ga0243725_1000612|151-17205
/home/jb/open_problems/medical/dysbiosis/fastq_analysis/qc/CXD568_trim_1.fastq.gz	imgvr_reps.fna	0.0228	0.0121	98.12	1.636	97.44-99.31	1.636	0.67-2.31	2	2.000	30/67	97.44	20	IMGVR_UViG_3300029087_000013|3300029087|Ga0169172_100611
/home/jb/open_problems/medical/dysbiosis/fastq_analysis/qc/CXD568_trim_1.fastq.gz	imgvr_reps.fna	0.0228	0.0240	96.91	1.636	96.15-98.20	1.636	0.75-2.50	2	2.581	31/102	96.23	30	IMGVR_UViG_3300029573_000378|3300029573|Ga0245101_100027|135141-162614
/home/jb/open_problems/medical/dysbiosis/fastq_analysis/qc/CXD568_trim_1.fastq.gz	imgvr_reps.fna	0.0227	0.0389	95.25	1.625	94.90-96.82	1.625	0.69-1.86	2	1.676	34/187	94.65	55	IMGVR_UViG_3300029204_000155|3300029204|Ga0168686_100558
/home/jb/open_problems/medical/dysbiosis/fastq_analysis/qc/CXD568_trim_1.fastq.gz	imgvr_reps.fna	0.0227	0.0110	99.05	1.625	98.65-100.89	1.625	0.53-1.85	2	1.676	34/57	98.35	0	IMGVR_UViG_3300029752_000251|3300029752|Ga0243766_100218|12633-25338
/home/jb/open_problems/medical/dysbiosis/fastq_analysis/qc/CXD568_trim_1.fastq.gz	imgvr_reps.fna	0.0226	0.0137	96.42	1.619	NA-NA	LOW	NA-NA	1	1.619	21/65	96.42	17	IMGVR_UViG_3300008063_000045|3300008063|Ga0113867_101874
/home/jb/open_problems/medical/dysbiosis/fastq_analysis/qc/CXD568_trim_1.fastq.gz	imgvr_reps.fna	0.0224	0.0355	98.83	1.607	98.08-99.79	1.607	0.86-2.36	2	3.022	90/162	98.12	0	IMGVR_UViG_3300045988_115892|3300045988|Ga0495776_109977
/home/jb/open_problems/medical/dysbiosis/fastq_analysis/qc/CXD568_trim_1.fastq.gz	imgvr_reps.fna	0.0223	0.0127	95.84	1.600	NA-NA	LOW	NA-NA	2	1.600	15/56	95.84	2	IMGVR_UViG_3300006463_000268|3300006463|Ga0100176_1002369
/home/jb/open_problems/medical/dysbiosis/fastq_analysis/qc/CXD568_trim_1.fastq.gz	imgvr_reps.fna	0.0223	0.0105	95.84	1.600	NA-NA	LOW	NA-NA	1	1.600	15/56	95.84	0	IMGVR_UViG_3300029100_000090|3300029100|Ga0169234_101483
/home/jb/open_problems/medical/dysbiosis/fastq_analysis/qc/CXD568_trim_1.fastq.gz	imgvr_reps.fna	0.0223	0.0208	97.53	1.600	96.79-99.12	1.600	0.60-2.31	2	2.050	40/107	96.88	0	IMGVR_UViG_3300045988_120494|3300045988|Ga0495776_070091
/home/jb/open_problems/medical/dysbiosis/fastq_analysis/qc/CXD568_trim_1.fastq.gz	imgvr_reps.fna	0.0223	0.0252	96.93	1.600	96.29-98.89	1.600	0.50-1.83	2	2.135	37/122	96.22	19	IMGVR_UViG_3300045988_091333|3300045988|Ga0495776_035738
/home/jb/open_problems/medical/dysbiosis/fastq_analysis/qc/CXD568_trim_1.fastq.gz	imgvr_reps.fna	0.0222	0.0236	98.06	1.588	97.34-99.26	1.588	0.71-2.44	2	2.408	49/113	97.34	2	IMGVR_UViG_3300045988_080217|3300045988|Ga0495776_131525
/home/jb/open_problems/medical/dysbiosis/fastq_analysis/qc/CXD568_trim_1.fastq.gz	imgvr_reps.fna	0.0220	0.0111	100.00	1.579	99.41-100.97	1.579	0.86-2.06	2	1.891	46/58	99.26	0	IMGVR_UViG_3300029385_000157|3300029385|Ga0243985_1002689
/home/jb/open_problems/medical/dysbiosis/fastq_analysis/qc/CXD568_trim_1.fastq.gz	imgvr_reps.fna	0.0220	0.0139	96.21	1.579	NA-NA	LOW	NA-NA	1	1.579	19/63	96.21	12	IMGVR_UViG_3300029580_000115|3300029580|Ga0245096_101896
/home/jb/open_problems/medical/dysbiosis/fastq_analysis/qc/CXD568_trim_1.fastq.gz	imgvr_reps.fna	0.0219	0.0210	96.73	1.571	96.27-98.62	1.571	0.64-1.83	2	2.484	31/107	96.08	36	IMGVR_UViG_3300029790_000041|3300029790|Ga0242825_1001613
/home/jb/open_problems/medical/dysbiosis/fastq_analysis/qc/CXD568_trim_1.fastq.gz	imgvr_reps.fna	0.0217	0.0137	99.72	1.556	99.00-101.29	1.556	0.67-2.40	2	2.567	60/83	98.96	0	IMGVR_UViG_3300005697_000005|3300005697|Ga0074229_111775
/home/jb/open_problems/medical/dysbiosis/fastq_analysis/qc/CXD568_trim_1.fastq.gz	imgvr_reps.fna	0.0215	0.0255	96.49	1.538	96.05-98.07	1.538	0.71-1.73	2	1.359	39/119	96.47	6	IMGVR_UViG_3300029362_000574|3300029362|Ga0243852_1000749
/home/jb/open_problems/medical/dysbiosis/fastq_analysis/qc/CXD568_trim_1.fastq.gz	imgvr_reps.fna	0.0213	0.0097	96.28	1.529	NA-NA	LOW	NA-NA	1	1.529	17/55	96.28	9	IMGVR_UViG_3300029390_000310|3300029390|Ga0243991_1001053|129-11954
/home/jb/open_problems/medical/dysbiosis/fastq_analysis/qc/CXD568_trim_1.fastq.gz	imgvr_reps.fna	0.0211	0.0542	98.27	1.514	97.49-99.01	1.514	0.95-2.88	2	2.781	128/282	97.48	58	IMGVR_UViG_2923973727_000003|2923973727|2923973739|43768-110900
/home/jb/open_problems/medical/dysbiosis/fastq_analysis/qc/CXD568_trim_1.fastq.gz	imgvr_reps.fna	0.0209	0.0090	98.65	1.500	NA-NA	1.500	NA-NA	2	1.885	26/50	97.91	0	IMGVR_UViG_3300029696_000135|3300029696|Ga0245263_101907
/home/jb/open_problems/medical/dysbiosis/fastq_analysis/qc/CXD568_trim_1.fastq.gz	imgvr_reps.fna	0.0209	0.0132	99.15	1.500	98.13-100.53	1.500	0.67-2.25	2	2.000	40/67	98.35	0	IMGVR_UViG_3300029235_000037|3300029235|Ga0168722_101992
/home/jb/open_problems/medical/dysbiosis/fastq_analysis/qc/CXD568_trim_1.fastq.gz	imgvr_reps.fna	0.0209	0.0096	99.83	1.500	99.03-101.40	1.500	0.60-2.40	2	2.733	45/61	99.02	0	IMGVR_UViG_7000000178_000099|7000000178|C1045322
/home/jb/open_problems/medical/dysbiosis/fastq_analysis/qc/CXD568_trim_1.fastq.gz	imgvr_reps.fna	0.0209	0.0254	96.17	1.500	95.39-97.80	1.500	0.61-1.81	1	1.742	31/134	95.39	8	IMGVR_UViG_3300029524_000331|3300029524|Ga0244794_100296|40723-72468
/home/jb/open_problems/medical/dysbiosis/fastq_analysis/qc/CXD568_trim_1.fastq.gz	imgvr_reps.fna	0.0209	0.0117	97.93	1.500	NA-NA	1.500	NA-NA	2	2.577	26/64	97.14	19	IMGVR_UViG_3300008479_000178|3300008479|Ga0114883_1001955
/home/jb/open_problems/medical/dysbiosis/fastq_analysis/qc/CXD568_trim_1.fastq.gz	imgvr_reps.fna	0.0209	0.0194	96.49	1.500	95.76-98.39	1.500	0.56-2.31	2	1.828	29/113	95.71	29	IMGVR_UViG_3300029859_000106|3300029859|Ga0245304_101519
/home/jb/open_problems/medical/dysbiosis/fastq_analysis/qc/CXD568_trim_1.fastq.gz	imgvr_reps.fna	0.0209	0.0280	97.74	1.500	97.13-100.36	1.500	0.44-1.89	2	1.981	54/141	96.95	27	IMGVR_UViG_3300045988_027821|3300045988|Ga0495776_153243
/home/jb/open_problems/medical/dysbiosis/fastq_analysis/qc/CXD568_trim_1.fastq.gz	imgvr_reps.fna	0.0209	0.0362	99.83	1.500	99.46-100.36	1.500	1.00-1.95	2	2.931	159/216	99.02	2	IMGVR_UViG_3300029385_000172|3300029385|Ga0243985_1000685
/home/jb/open_problems/medical/dysbiosis/fastq_analysis/qc/CXD568_trim_1.fastq.gz	imgvr_reps.fna	0.0209	0.0234	96.66	1.500	95.75-98.47	1.500	0.56-1.86	2	1.829	35/129	95.88	3	IMGVR_UViG_3300029759_000016|3300029759|Ga0243843_101192
/home/jb/open_problems/medical/dysbiosis/fastq_analysis/qc/CXD568_trim_1.fastq.gz	imgvr_reps.fna	0.0209	0.0095	100.00	1.500	99.38-101.23	1.500	0.69-2.06	2	1.935	46/58	99.26	0	IMGVR_UViG_3300029430_000430|3300029430|Ga0243922_101694|11196-23071
/home/jb/open_problems/medical/dysbiosis/fastq_analysis/qc/CXD568_trim_1.fastq.gz	imgvr_reps.fna	0.0209	0.0121	99.27	1.500	98.45-100.37	1.500	0.79-1.86	2	3.059	34/55	98.46	1	IMGVR_UViG_3300014558_000133|3300014558|Ga0134417_100963|1-15164
/home/jb/open_problems/medical/dysbiosis/fastq_analysis/qc/CXD568_trim_1.fastq.gz	imgvr_reps.fna	0.0208	0.0338	99.33	1.489	98.94-100.18	1.489	0.86-1.81	2	1.982	110/175	98.51	1	IMGVR_UViG_3300045988_054858|3300045988|Ga0495776_112709
/home/jb/open_problems/medical/dysbiosis/fastq_analysis/qc/CXD568_trim_1.fastq.gz	imgvr_reps.fna	0.0205	0.0182	97.21	1.467	96.79-98.84	1.467	0.60-1.76	2	1.774	31/97	96.39	18	IMGVR_UViG_3300029610_000301|3300029610|Ga0245132_101124
/home/jb/open_problems/medical/dysbiosis/fastq_analysis/qc/CXD568_trim_1.fastq.gz	imgvr_reps.fna	0.0205	0.0191	96.99	1.467	96.27-98.88	1.467	0.50-1.82	2	1.839	31/104	96.17	5	IMGVR_UViG_3300029049_000141|3300029049|Ga0169693_100743
/home/jb/open_problems/medical/dysbiosis/fastq_analysis/qc/CXD568_trim_1.fastq.gz	imgvr_reps.fna	0.0204	0.0105	95.34	1.462	NA-NA	LOW	NA-NA	1	1.462	13/57	95.34	2	IMGVR_UViG_3300029346_000133|3300029346|Ga0243823_102045
/home/jb/open_problems/medical/dysbiosis/fastq_analysis/qc/CXD568_trim_1.fastq.gz	imgvr_reps.fna	0.0204	0.0611	97.76	1.460	97.37-98.37	1.460	0.95-1.80	2	1.774	133/350	96.93	48	IMGVR_UViG_3300029068_000031|3300029068|Ga0169188_10039|20863-99296
/home/jb/open_problems/medical/dysbiosis/fastq_analysis/qc/CXD568_trim_1.fastq.gz	imgvr_reps.fna	0.0203	0.0123	97.76	1.455	97.18-99.20	1.455	0.80-1.82	2	2.727	33/87	96.92	18	IMGVR_UViG_2938022564_000013|2938022564|2938022721|1-15854
/home/jb/open_problems/medical/dysbiosis/fastq_analysis/qc/CXD568_trim_1.fastq.gz	imgvr_reps.fna	0.0202	0.0136	95.40	1.450	NA-NA	LOW	NA-NA	1	1.450	20/86	95.40	1	IMGVR_UViG_3300029378_000327|3300029378|Ga0243978_1000418|25598-43169
/home/jb/open_problems/medical/dysbiosis/fastq_analysis/qc/CXD568_trim_1.fastq.gz	imgvr_reps.fna	0.0202	0.0141	95.37	1.450	NA-NA	LOW	NA-NA	1	1.450	20/87	95.37	26	IMGVR_UViG_3300008404_000278|3300008404|Ga0115185_100789|185-18453
/home/jb/open_problems/medical/dysbiosis/fastq_analysis/qc/CXD568_trim_1.fastq.gz	imgvr_reps.fna	0.0202	0.0156	95.01	1.444	NA-NA	LOW	NA-NA	1	1.444	18/88	95.01	55	IMGVR_UViG_3300029524_000347|3300029524|Ga0244794_101063|2-20247
/home/jb/open_problems/medical/dysbiosis/fastq_analysis/qc/CXD568_trim_1.fastq.gz	imgvr_reps.fna	0.0200	0.0211	95.08	1.435	NA-NA	LOW	NA-NA	2	1.435	23/110	95.08	26	IMGVR_UViG_3300029549_000240|3300029549|Ga0244894_100742|10027-37623
/home/jb/open_problems/medical/dysbiosis/fastq_analysis/qc/CXD568_trim_1.fastq.gz	imgvr_reps.fna	0.0199	0.0200	96.26	1.429	95.81-97.83	1.429	0.60-1.71	2	1.643	28/120	95.41	42	IMGVR_UViG_3300008482_000242|3300008482|Ga0115187_100258|2-26227
/home/jb/open_problems/medical/dysbiosis/fastq_analysis/qc/CXD568_trim_1.fastq.gz	imgvr_reps.fna	0.0198	0.0329	99.02	1.421	98.39-99.72	1.421	0.81-1.95	2	2.000	99/177	98.14	0	IMGVR_UViG_3300045988_108209|3300045988|Ga0495776_056048
/home/jb/open_problems/medical/dysbiosis/fastq_analysis/qc/CXD568_trim_1.fastq.gz	imgvr_reps.fna	0.0197	0.0150	95.01	1.412	NA-NA	LOW	NA-NA	1	1.412	17/83	95.01	9	IMGVR_UViG_3300008361_000166|3300008361|Ga0115082_101085
/home/jb/open_problems/medical/dysbiosis/fastq_analysis/qc/CXD568_trim_1.fastq.gz	imgvr_reps.fna	0.0195	0.0133	97.33	1.400	96.90-99.44	1.400	0.50-1.80	2	2.276	29/85	96.59	2	IMGVR_UViG_3300029358_000138|3300029358|Ga0243818_1001656
/home/jb/open_problems/medical/dysbiosis/fastq_analysis/qc/CXD568_trim_1.fastq.gz	imgvr_reps.fna	0.0195	0.0238	96.97	1.400	96.12-98.89	1.400	0.56-2.40	2	2.325	40/138	96.08	8	IMGVR_UViG_2920947851_000003|2920947851|2920947884
/home/jb/open_problems/medical/dysbiosis/fastq_analysis/qc/CXD568_trim_1.fastq.gz	imgvr_reps.fna	0.0195	0.0116	95.02	1.400	NA-NA	LOW	NA-NA	2	1.400	15/73	95.02	7	IMGVR_UViG_3300029237_000051|3300029237|Ga0167477_101265
/home/jb/open_problems/medical/dysbiosis/fastq_analysis/qc/CXD568_trim_1.fastq.gz	imgvr_reps.fna	0.0195	0.0241	96.02	1.400	95.26-97.55	1.400	0.57-2.14	2	2.871	31/145	95.15	64	IMGVR_UViG_3300045988_146808|3300045988|Ga0495776_173832
/home/jb/open_problems/medical/dysbiosis/fastq_analysis/qc/CXD568_trim_1.fastq.gz	imgvr_reps.fna	0.0194	0.0258	100.00	1.391	99.46-101.01	1.391	0.76-1.93	2	2.059	118/154	99.14	0	IMGVR_UViG_3300029483_000193|3300029483|Ga0244102_100857
/home/jb/open_problems/medical/dysbiosis/fastq_analysis/qc/CXD568_trim_1.fastq.gz	imgvr_reps.fna	0.0193	0.0144	97.19	1.385	96.20-98.57	1.385	0.63-2.45	2	2.226	31/100	96.29	3	IMGVR_UViG_3300029333_000030|3300029333|Ga0243760_102188
/home/jb/open_problems/medical/dysbiosis/fastq_analysis/qc/CXD568_trim_1.fastq.gz	imgvr_reps.fna	0.0193	0.0176	96.88	1.385	96.19-98.48	1.385	0.62-1.93	2	2.031	32/114	95.98	47	IMGVR_UViG_3300029852_000345|3300029852|Ga0245291_100516|25076-48823
/home/jb/open_problems/medical/dysbiosis/fastq_analysis/qc/CXD568_trim_1.fastq.gz	imgvr_reps.fna	0.0192	0.0262	99.75	1.375	99.22-100.47	1.375	0.91-1.79	2	1.857	105/152	98.81	0	IMGVR_UViG_3300045988_179387|3300045988|Ga0495776_062305
/home/jb/open_problems/medical/dysbiosis/fastq_analysis/qc/CXD568_trim_1.fastq.gz	imgvr_reps.fna	0.0192	0.0208	95.18	1.375	NA-NA	LOW	NA-NA	1	1.375	24/111	95.18	14	IMGVR_UViG_3300029058_000367|3300029058|Ga0169611_100803
/home/jb/open_problems/medical/dysbiosis/fastq_analysis/qc/CXD568_trim_1.fastq.gz	imgvr_reps.fna	0.0192	0.0108	95.10	1.375	NA-NA	LOW	NA-NA	1	1.375	16/76	95.10	24	IMGVR_UViG_3300029336_000343|3300029336|Ga0243752_101717|7147-21912
/home/jb/open_problems/medical/dysbiosis/fastq_analysis/qc/CXD568_trim_1.fastq.gz	imgvr_reps.fna	0.0192	0.0092	98.82	1.375	98.34-100.54	1.375	0.56-1.83	1	1.645	31/60	97.89	0	IMGVR_UViG_3300029618_000337|3300029618|Ga0245134_100024|106155-118744
/home/jb/open_problems/medical/dysbiosis/fastq_analysis/qc/CXD568_trim_1.fastq.gz	imgvr_reps.fna	0.0192	0.0109	99.98	1.375	99.10-101.27	1.375	0.60-2.31	2	2.600	50/67	99.06	0	IMGVR_UViG_3300007921_000173|3300007921|Ga0111562_101172
/home/jb/open_problems/medical/dysbiosis/fastq_analysis/qc/CXD568_trim_1.fastq.gz	imgvr_reps.fna	0.0192	0.0174	97.04	1.375	96.35-98.71	1.375	0.60-1.83	1	1.567	30/102	96.13	13	IMGVR_UViG_3300045988_007249|3300045988|Ga0495776_108621
/home/jb/open_problems/medical/dysbiosis/fastq_analysis/qc/CXD568_trim_1.fastq.gz	imgvr_reps.fna	0.0191	0.0101	99.74	1.368	99.06-101.40	1.368	0.59-1.88	2	1.881	42/61	98.80	0	IMGVR_UViG_3300029335_000382|3300029335|Ga0243762_101284|270-14115
/home/jb/open_problems/medical/dysbiosis/fastq_analysis/qc/CXD568_trim_1.fastq.gz	imgvr_reps.fna	0.0190	0.0113	97.83	1.364	97.08-98.98	1.364	0.69-2.25	2	2.138	29/77	96.90	0	IMGVR_UViG_3300045988_124094|3300045988|Ga0495776_058605
/home/jb/open_problems/medical/dysbiosis/fastq_analysis/qc/CXD568_trim_1.fastq.gz	imgvr_reps.fna	0.0190	0.0200	98.93	1.364	97.89-100.26	1.364	0.67-2.32	2	3.138	65/122	97.99	36	IMGVR_UViG_3300029587_000151|3300029587|Ga0245119_101156
/home/jb/open_problems/medical/dysbiosis/fastq_analysis/qc/CXD568_trim_1.fastq.gz	imgvr_reps.fna	0.0189	0.0647	98.41	1.358	97.88-98.88	1.358	0.99-1.77	2	1.944	178/394	97.47	61	IMGVR_UViG_3300023717_000159|3300023717|Ga0257029_10131|4628-93879
/home/jb/open_problems/medical/dysbiosis/fastq_analysis/qc/CXD568_trim_1.fastq.gz	imgvr_reps.fna	0.0189	0.0405	96.94	1.357	96.26-98.52	1.357	0.48-1.83	2	2.222	63/222	96.02	57	IMGVR_UViG_3300045988_084829|3300045988|Ga0495776_180402
/home/jb/open_problems/medical/dysbiosis/fastq_analysis/qc/CXD568_trim_1.fastq.gz	imgvr_reps.fna	0.0186	0.0144	97.37	1.333	96.40-98.63	1.333	0.62-2.67	2	2.571	28/87	96.41	0	IMGVR_UViG_3300008103_000046|3300008103|Ga0114180_101316
/home/jb/open_problems/medical/dysbiosis/fastq_analysis/qc/CXD568_trim_1.fastq.gz	imgvr_reps.fna	0.0186	0.0290	95.07	1.333	94.45-96.30	1.333	0.69-2.33	2	3.037	27/176	94.13	8	IMGVR_UViG_3300045988_179094|3300045988|Ga0495776_177894
/home/jb/open_problems/medical/dysbiosis/fastq_analysis/qc/CXD568_trim_1.fastq.gz	imgvr_reps.fna	0.0186	0.0260	97.77	1.333	97.05-98.91	1.333	0.69-1.80	2	1.750	56/153	96.81	11	IMGVR_UViG_3300045988_063025|3300045988|Ga0495776_042868
/home/jb/open_problems/medical/dysbiosis/fastq_analysis/qc/CXD568_trim_1.fastq.gz	imgvr_reps.fna	0.0186	0.0162	96.58	1.333	NA-NA	1.333	NA-NA	2	2.240	25/100	95.63	4	IMGVR_UViG_3300030319_000079|3300030319|Ga0244979_101340
/home/jb/open_problems/medical/dysbiosis/fastq_analysis/qc/CXD568_trim_1.fastq.gz	imgvr_reps.fna	0.0186	0.0256	96.27	1.333	95.47-97.45	1.333	0.67-1.87	2	1.971	34/150	95.32	29	IMGVR_UViG_3300045988_095916|3300045988|Ga0495776_187648
/home/jb/open_problems/medical/dysbiosis/fastq_analysis/qc/CXD568_trim_1.fastq.gz	imgvr_reps.fna	0.0186	0.0200	97.82	1.333	97.08-98.97	1.333	0.69-1.78	2	3.523	44/110	97.09	41	IMGVR_UViG_3300029707_000350|3300029707|Ga0245244_100196|76991-105049
/home/jb/open_problems/medical/dysbiosis/fastq_analysis/qc/CXD568_trim_1.fastq.gz	imgvr_reps.fna	0.0186	0.0109	95.90	1.333	NA-NA	LOW	NA-NA	1	1.333	21/77	95.90	0	IMGVR_UViG_3300023493_000251|3300023493|Ga0257031_101652
/home/jb/open_problems/medical/dysbiosis/fastq_analysis/qc/CXD568_trim_1.fastq.gz	imgvr_reps.fna	0.0186	0.0112	100.00	1.333	99.57-101.89	1.333	0.55-1.89	2	2.516	62/76	99.35	0	IMGVR_UViG_3300029634_000078|3300029634|Ga0242800_100941
/home/jb/open_problems/medical/dysbiosis/fastq_analysis/qc/CXD568_trim_1.fastq.gz	imgvr_reps.fna	0.0186	0.0275	97.48	1.333	96.58-98.31	1.333	0.73-2.25	2	2.145	55/165	96.52	45	IMGVR_UViG_2571042809_000001|2571042809|2571150218
/home/jb/open_problems/medical/dysbiosis/fastq_analysis/qc/CXD568_trim_1.fastq.gz	imgvr_reps.fna	0.0184	0.0152	95.26	1.318	NA-NA	LOW	NA-NA	1	1.318	22/99	95.26	34	IMGVR_UViG_3300023493_000314|3300023493|Ga0257031_101005|4674-26265
/home/jb/open_problems/medical/dysbiosis/fastq_analysis/qc/CXD568_trim_1.fastq.gz	imgvr_reps.fna	0.0183	0.0100	95.77	1.312	NA-NA	HIGH	NA-NA	4	1.312	16/61	95.77	21	IMGVR_UViG_647000213_000005|647000213|647018236|78640-92878
/home/jb/open_problems/medical/dysbiosis/fastq_analysis/qc/CXD568_trim_1.fastq.gz	imgvr_reps.fna	0.0183	0.0135	99.51	1.312	98.70-100.76	1.312	0.55-1.93	2	2.306	49/78	98.51	0	IMGVR_UViG_3300045988_041375|3300045988|Ga0495776_040769
/home/jb/open_problems/medical/dysbiosis/fastq_analysis/qc/CXD568_trim_1.fastq.gz	imgvr_reps.fna	0.0182	0.0395	95.95	1.304	94.92-97.52	1.304	0.48-1.81	2	2.132	53/242	95.22	5	IMGVR_UViG_3300029346_000086|3300029346|Ga0243823_100652
/home/jb/open_problems/medical/dysbiosis/fastq_analysis/qc/CXD568_trim_1.fastq.gz	imgvr_reps.fna	0.0182	0.0130	98.51	1.304	97.72-99.63	1.304	0.67-1.79	1	1.395	38/83	97.51	0	IMGVR_UViG_3300029325_000212|3300029325|Ga0242844_100056|1-18663
/home/jb/open_problems/medical/dysbiosis/fastq_analysis/qc/CXD568_trim_1.fastq.gz	imgvr_reps.fna	0.0182	0.0250	98.94	1.302	98.24-99.78	1.302	0.82-1.78	2	1.809	89/170	97.93	0	IMGVR_UViG_3300029724_000009|3300029724|Ga0245182_100634
/home/jb/open_problems/medical/dysbiosis/fastq_analysis/qc/CXD568_trim_1.fastq.gz	imgvr_reps.fna	0.0179	0.0254	95.28	1.286	94.72-97.28	1.286	0.50-1.80	2	1.750	28/173	94.29	69	IMGVR_UViG_3300029355_000278|3300029355|Ga0243784_100480|14776-51850
/home/jb/open_problems/medical/dysbiosis/fastq_analysis/qc/CXD568_trim_1.fastq.gz	imgvr_reps.fna	0.0179	0.0102	99.56	1.286	98.79-101.41	1.286	0.43-1.93	2	2.167	36/57	98.53	0	IMGVR_UViG_3300000357_000117|3300000357|EM177_1008376
/home/jb/open_problems/medical/dysbiosis/fastq_analysis/qc/CXD568_trim_1.fastq.gz	imgvr_reps.fna	0.0179	0.0234	95.64	1.286	94.87-97.26	1.286	0.56-1.78	2	2.033	30/165	94.65	17	IMGVR_UViG_3300029764_000261|3300029764|Ga0243769_100039|154358-188483
/home/jb/open_problems/medical/dysbiosis/fastq_analysis/qc/CXD568_trim_1.fastq.gz	imgvr_reps.fna	0.0179	0.0142	95.52	1.286	NA-NA	LOW	NA-NA	1	1.286	21/87	95.52	5	IMGVR_UViG_3300029441_000449|3300029441|Ga0243753_1001733|2-20764
/home/jb/open_problems/medical/dysbiosis/fastq_analysis/qc/CXD568_trim_1.fastq.gz	imgvr_reps.fna	0.0179	0.0168	96.69	1.286	NA-NA	1.286	NA-NA	1	1.560	25/98	95.69	26	IMGVR_UViG_3300029361_000191|3300029361|Ga0243815_1001349
/home/jb/open_problems/medical/dysbiosis/fastq_analysis/qc/CXD568_trim_1.fastq.gz	imgvr_reps.fna	0.0179	0.0366	96.81	1.286	95.79-98.15	1.286	0.60-1.94	2	2.444	63/238	95.80	45	IMGVR_UViG_3300029106_000323|3300029106|Ga0169216_100021|113177-166577
/home/jb/open_problems/medical/dysbiosis/fastq_analysis/qc/CXD568_trim_1.fastq.gz	imgvr_reps.fna	0.0178	0.0151	97.55	1.273	96.67-99.24	1.273	0.53-2.00	2	3.629	35/105	96.52	34	IMGVR_UViG_3300008512_000117|3300008512|Ga0115181_100658
/home/jb/open_problems/medical/dysbiosis/fastq_analysis/qc/CXD568_trim_1.fastq.gz	imgvr_reps.fna	0.0176	0.0429	98.68	1.265	98.06-99.30	1.265	0.92-1.73	1	1.769	134/282	97.63	1	IMGVR_UViG_3300029372_000240|3300029372|Ga0243963_100175|12800-76346
/home/jb/open_problems/medical/dysbiosis/fastq_analysis/qc/CXD568_trim_1.fastq.gz	imgvr_reps.fna	0.0176	0.0665	97.45	1.262	96.97-98.02	1.262	0.87-1.65	2	1.831	136/423	96.41	103	IMGVR_UViG_3300045988_047405|3300045988|Ga0495776_037765
/home/jb/open_problems/medical/dysbiosis/fastq_analysis/qc/CXD568_trim_1.fastq.gz	imgvr_reps.fna	0.0174	0.0150	97.64	1.250	96.52-99.35	1.250	0.56-2.08	2	2.094	32/94	96.58	0	IMGVR_UViG_3300007975_000092|3300007975|Ga0114169_100371
/home/jb/open_problems/medical/dysbiosis/fastq_analysis/qc/CXD568_trim_1.fastq.gz	imgvr_reps.fna	0.0174	0.0128	95.95	1.250	NA-NA	LOW	NA-NA	1	1.250	20/72	95.95	0	IMGVR_UViG_2597489878_000010|2597489878|2597516208|26946-46100
/home/jb/open_problems/medical/dysbiosis/fastq_analysis/qc/CXD568_trim_1.fastq.gz	imgvr_reps.fna	0.0174	0.0125	99.84	1.250	99.10-101.07	1.250	0.60-1.75	2	1.849	53/78	98.76	0	IMGVR_UViG_3300007714_000263|3300007714|Ga0105661_1001137
/home/jb/open_problems/medical/dysbiosis/fastq_analysis/qc/CXD568_trim_1.fastq.gz	imgvr_reps.fna	0.0174	0.0409	95.38	1.250	94.51-96.71	1.250	0.56-1.68	1	1.463	41/249	94.35	37	IMGVR_UViG_3300045988_162055|3300045988|Ga0495776_090346
/home/jb/open_problems/medical/dysbiosis/fastq_analysis/qc/CXD568_trim_1.fastq.gz	imgvr_reps.fna	0.0173	0.0207	98.60	1.243	97.78-99.46	1.243	0.81-1.88	1	1.574	68/148	97.52	11	IMGVR_UViG_3300029859_000303|3300029859|Ga0245304_100890|87-31210
/home/jb/open_problems/medical/dysbiosis/fastq_analysis/qc/CXD568_trim_1.fastq.gz	imgvr_reps.fna	0.0172	0.0151	99.86	1.235	99.19-101.08	1.235	0.68-1.68	2	1.843	70/103	98.76	0	IMGVR_UViG_3300029617_000430|3300029617|Ga0245125_101111|226-23191
/home/jb/open_problems/medical/dysbiosis/fastq_analysis/qc/CXD568_trim_1.fastq.gz	imgvr_reps.fna	0.0172	0.0235	99.20	1.234	98.47-100.11	1.234	0.75-1.78	1	1.685	89/161	98.11	0	IMGVR_UViG_3300045988_027150|3300045988|Ga0495776_163594
/home/jb/open_problems/medical/dysbiosis/fastq_analysis/qc/CXD568_trim_1.fastq.gz	imgvr_reps.fna	0.0171	0.0286	97.57	1.226	96.82-98.84	1.226	0.53-1.75	2	1.762	63/191	96.49	20	IMGVR_UViG_3300029771_000122|3300029771|Ga0243801_100818
/home/jb/open_problems/medical/dysbiosis/fastq_analysis/qc/CXD568_trim_1.fastq.gz	imgvr_reps.fna	0.0171	0.0138	98.10	1.222	97.09-99.74	1.222	0.56-1.76	2	1.919	37/95	97.00	0	IMGVR_UViG_3300045988_159048|3300045988|Ga0495776_175605
/home/jb/open_problems/medical/dysbiosis/fastq_analysis/qc/CXD568_trim_1.fastq.gz	imgvr_reps.fna	0.0170	0.0285	99.78	1.216	99.32-100.49	1.216	0.79-1.52	2	3.008	126/192	98.65	0	IMGVR_UViG_3300045988_154603|3300045988|Ga0495776_185288
/home/jb/open_problems/medical/dysbiosis/fastq_analysis/qc/CXD568_trim_1.fastq.gz	imgvr_reps.fna	0.0167	0.0298	96.72	1.200	95.67-98.28	1.200	0.55-2.06	2	2.321	53/213	95.61	0	IMGVR_UViG_3300007501_000189|3300007501|Ga0104994_100503
/home/jb/open_problems/medical/dysbiosis/fastq_analysis/qc/CXD568_trim_1.fastq.gz	imgvr_reps.fna	0.0167	0.0098	98.04	1.200	97.28-99.22	1.200	0.64-1.80	2	2.286	28/74	96.91	9	IMGVR_UViG_3300029592_000166|3300029592|Ga0245129_100047|198767-214127
/home/jb/open_problems/medical/dysbiosis/fastq_analysis/qc/CXD568_trim_1.fastq.gz	imgvr_reps.fna	0.0167	0.0191	99.77	1.200	99.17-100.90	1.200	0.70-1.64	2	2.093	86/124	98.83	0	IMGVR_UViG_3300013946_000014|3300013946|Ga0117818_1000137
/home/jb/open_problems/medical/dysbiosis/fastq_analysis/qc/CXD568_trim_1.fastq.gz	imgvr_reps.fna	0.0167	0.0231	95.30	1.200	NA-NA	1.200	NA-NA	2	2.600	25/159	94.21	11	IMGVR_UViG_3300030029_000152|3300030029|Ga0245284_1000726
/home/jb/open_problems/medical/dysbiosis/fastq_analysis/qc/CXD568_trim_1.fastq.gz	imgvr_reps.fna	0.0167	0.0161	97.02	1.200	96.66-98.57	1.200	0.54-1.68	1	1.538	26/95	95.91	0	IMGVR_UViG_3300029573_000362|3300029573|Ga0245101_100149|97998-123155
/home/jb/open_problems/medical/dysbiosis/fastq_analysis/qc/CXD568_trim_1.fastq.gz	imgvr_reps.fna	0.0167	0.0221	95.52	1.200	NA-NA	1.200	NA-NA	2	2.080	25/148	94.42	3	IMGVR_UViG_3300000292_000111|3300000292|EM305_1000947
/home/jb/open_problems/medical/dysbiosis/fastq_analysis/qc/CXD568_trim_1.fastq.gz	imgvr_reps.fna	0.0166	0.0127	95.48	1.190	NA-NA	LOW	NA-NA	1	1.190	21/88	95.48	0	IMGVR_UViG_3300023505_000025|3300023505|Ga0257035_101195
/home/jb/open_problems/medical/dysbiosis/fastq_analysis/qc/CXD568_trim_1.fastq.gz	imgvr_reps.fna	0.0165	0.0314	98.44	1.182	97.74-99.07	1.182	0.80-1.63	2	1.824	91/214	97.28	14	IMGVR_UViG_3300045988_136522|3300045988|Ga0495776_164445
/home/jb/open_problems/medical/dysbiosis/fastq_analysis/qc/CXD568_trim_1.fastq.gz	imgvr_reps.fna	0.0164	0.0157	97.11	1.176	96.35-99.21	1.176	0.50-1.73	1	1.483	29/104	95.96	14	IMGVR_UViG_3300045988_082851|3300045988|Ga0495776_049506
/home/jb/open_problems/medical/dysbiosis/fastq_analysis/qc/CXD568_trim_1.fastq.gz	imgvr_reps.fna	0.0164	0.0357	97.44	1.176	96.81-98.67	1.176	0.63-1.68	2	3.080	75/240	96.32	79	IMGVR_UViG_3300045988_144044|3300045988|Ga0495776_142104
/home/jb/open_problems/medical/dysbiosis/fastq_analysis/qc/CXD568_trim_1.fastq.gz	imgvr_reps.fna	0.0164	0.0237	98.54	1.172	97.81-99.51	1.172	0.71-1.68	2	2.257	74/169	97.37	1	IMGVR_UViG_3300029579_000105|3300029579|Ga0244893_100716
/home/jb/open_problems/medical/dysbiosis/fastq_analysis/qc/CXD568_trim_1.fastq.gz	imgvr_reps.fna	0.0163	0.0243	96.03	1.167	94.83-97.57	1.167	0.50-1.78	2	2.387	31/158	94.88	4	IMGVR_UViG_3300030441_000224|3300030441|Ga0168806_100166|2-38979
/home/jb/open_problems/medical/dysbiosis/fastq_analysis/qc/CXD568_trim_1.fastq.gz	imgvr_reps.fna	0.0162	0.0123	100.00	1.158	99.14-101.62	1.158	0.53-1.70	2	2.525	59/81	98.98	0	IMGVR_UViG_3300029506_000046|3300029506|Ga0244846_100630
/home/jb/open_problems/medical/dysbiosis/fastq_analysis/qc/CXD568_trim_1.fastq.gz	imgvr_reps.fna	0.0162	0.0309	95.68	1.158	94.39-97.47	1.158	0.48-1.65	2	1.737	38/218	94.52	0	IMGVR_UViG_2775507069_000001|2775507069|2775537606|16144-66172
/home/jb/open_problems/medical/dysbiosis/fastq_analysis/qc/CXD568_trim_1.fastq.gz	imgvr_reps.fna	0.0161	0.0221	96.11	1.154	94.88-97.50	1.154	0.53-2.45	2	2.500	32/160	94.94	1	IMGVR_UViG_3300029782_000274|3300029782|Ga0245253_101028
/home/jb/open_problems/medical/dysbiosis/fastq_analysis/qc/CXD568_trim_1.fastq.gz	imgvr_reps.fna	0.0159	0.0082	99.65	1.143	98.68-101.68	1.143	0.40-1.82	2	2.061	33/54	98.42	0	IMGVR_UViG_3300029487_000117|3300029487|Ga0244179_102083
/home/jb/open_problems/medical/dysbiosis/fastq_analysis/qc/CXD568_trim_1.fastq.gz	imgvr_reps.fna	0.0159	0.0133	97.95	1.143	96.74-99.48	1.143	0.60-1.76	1	1.441	34/95	96.74	9	IMGVR_UViG_3300029633_000054|3300029633|Ga0242758_100762
/home/jb/open_problems/medical/dysbiosis/fastq_analysis/qc/CXD568_trim_1.fastq.gz	imgvr_reps.fna	0.0159	0.0080	100.00	1.143	99.23-102.03	1.143	0.47-1.65	2	2.045	44/63	98.85	0	IMGVR_UViG_3300029511_000057|3300029511|Ga0244809_101495
/home/jb/open_problems/medical/dysbiosis/fastq_analysis/qc/CXD568_trim_1.fastq.gz	imgvr_reps.fna	0.0159	0.0280	96.29	1.143	95.08-97.20	1.143	0.70-2.77	2	2.500	46/218	95.10	55	IMGVR_UViG_3300045988_068457|3300045988|Ga0495776_016020
/home/jb/open_problems/medical/dysbiosis/fastq_analysis/qc/CXD568_trim_1.fastq.gz	imgvr_reps.fna	0.0159	0.0218	99.85	1.143	99.23-100.52	1.143	0.80-1.64	1	1.570	100/154	98.62	0	IMGVR_UViG_3300045988_157137|3300045988|Ga0495776_062654
/home/jb/open_problems/medical/dysbiosis/fastq_analysis/qc/CXD568_trim_1.fastq.gz	imgvr_reps.fna	0.0158	0.0346	97.60	1.130	96.67-98.82	1.130	0.55-1.89	2	2.944	71/223	96.38	64	IMGVR_UViG_3300029761_000095|3300029761|Ga0243857_100437
/home/jb/open_problems/medical/dysbiosis/fastq_analysis/qc/CXD568_trim_1.fastq.gz	imgvr_reps.fna	0.0157	0.0096	95.14	1.125	NA-NA	LOW	NA-NA	1	1.125	16/75	95.14	1	IMGVR_UViG_2850703016_000001|2850703016|2850703016|313369-329329
/home/jb/open_problems/medical/dysbiosis/fastq_analysis/qc/CXD568_trim_1.fastq.gz	imgvr_reps.fna	0.0157	0.0083	95.72	1.125	NA-NA	LOW	NA-NA	1	1.125	16/62	95.72	0	IMGVR_UViG_2513237322_000018|2513237322|2513270044|17207-31104
/home/jb/open_problems/medical/dysbiosis/fastq_analysis/qc/CXD568_trim_1.fastq.gz	imgvr_reps.fna	0.0156	0.0345	97.86	1.115	97.17-98.76	1.115	0.74-1.63	1	1.483	87/253	96.62	66	IMGVR_UViG_3300029434_000358|3300029434|Ga0243855_1000170|36126-94013
/home/jb/open_problems/medical/dysbiosis/fastq_analysis/qc/CXD568_trim_1.fastq.gz	imgvr_reps.fna	0.0155	0.0222	97.15	1.111	96.01-98.73	1.111	0.40-1.83	2	2.143	42/151	95.96	54	IMGVR_UViG_3300029441_000433|3300029441|Ga0243753_1000534|39621-77019
/home/jb/open_problems/medical/dysbiosis/fastq_analysis/qc/CXD568_trim_1.fastq.gz	imgvr_reps.fna	0.0155	0.0147	99.48	1.111	98.59-100.54	1.111	0.63-1.70	1	1.646	65/114	98.20	0	IMGVR_UViG_2833196337_000005|2833196337|2833196375|152485-177243
/home/jb/open_problems/medical/dysbiosis/fastq_analysis/qc/CXD568_trim_1.fastq.gz	imgvr_reps.fna	0.0155	0.0081	98.35	1.111	97.69-99.79	1.111	0.60-1.60	1	1.467	30/75	97.09	0	IMGVR_UViG_3300045988_159476|3300045988|Ga0495776_134908
/home/jb/open_problems/medical/dysbiosis/fastq_analysis/qc/CXD568_trim_1.fastq.gz	imgvr_reps.fna	0.0155	0.0138	97.83	1.111	96.89-99.42	1.111	0.48-1.60	1	1.697	33/97	96.58	0	IMGVR_UViG_7000000348_000028|7000000348|C1924184
/home/jb/open_problems/medical/dysbiosis/fastq_analysis/qc/CXD568_trim_1.fastq.gz	imgvr_reps.fna	0.0155	0.0131	99.70	1.111	98.76-100.98	1.111	0.65-1.70	2	1.855	55/90	98.42	0	IMGVR_UViG_3300029392_000342|3300029392|Ga0243989_1000484|14001-36140
/home/jb/open_problems/medical/dysbiosis/fastq_analysis/qc/CXD568_trim_1.fastq.gz	imgvr_reps.fna	0.0153	0.0089	96.57	1.100	NA-NA	LOW	NA-NA	1	1.100	20/59	96.57	0	IMGVR_UViG_3300029729_000198|3300029729|Ga0245191_100145|3-15235
/home/jb/open_problems/medical/dysbiosis/fastq_analysis/qc/CXD568_trim_1.fastq.gz	imgvr_reps.fna	0.0153	0.0300	96.11	1.100	94.84-97.91	1.100	0.44-1.75	1	1.744	39/200	94.86	2	IMGVR_UViG_2788500229_000001|2788500229|2788549737|262536-313678
/home/jb/open_problems/medical/dysbiosis/fastq_analysis/qc/CXD568_trim_1.fastq.gz	imgvr_reps.fna	0.0152	0.0123	99.26	1.091	98.07-100.58	1.091	0.57-1.75	2	2.000	47/89	97.96	4	IMGVR_UViG_3300045988_079927|3300045988|Ga0495776_068407
/home/jb/open_problems/medical/dysbiosis/fastq_analysis/qc/CXD568_trim_1.fastq.gz	imgvr_reps.fna	0.0151	0.0093	96.48	1.083	NA-NA	LOW	NA-NA	1	1.083	24/73	96.48	0	IMGVR_UViG_3300029584_000220|3300029584|Ga0245112_101902
/home/jb/open_problems/medical/dysbiosis/fastq_analysis/qc/CXD568_trim_1.fastq.gz	imgvr_reps.fna	0.0151	0.0289	96.73	1.083	95.80-97.91	1.083	0.60-1.74	2	2.179	56/237	95.45	46	IMGVR_UViG_3300045988_038637|3300045988|Ga0495776_047449
/home/jb/open_problems/medical/dysbiosis/fastq_analysis/qc/CXD568_trim_1.fastq.gz	imgvr_reps.fna	0.0151	0.0307	96.80	1.083	96.08-98.06	1.083	0.63-1.60	2	2.222	54/224	95.51	65	IMGVR_UViG_3300014799_000068|3300014799|Ga0134377_1000253
/home/jb/open_problems/medical/dysbiosis/fastq_analysis/qc/CXD568_trim_1.fastq.gz	imgvr_reps.fna	0.0150	0.0147	97.50	1.077	96.67-99.57	1.077	0.38-1.67	2	2.036	28/93	96.20	28	IMGVR_UViG_3300039324_000212|3300039324|Ga0169892_00209|176-25783
/home/jb/open_problems/medical/dysbiosis/fastq_analysis/qc/CXD568_trim_1.fastq.gz	imgvr_reps.fna	0.0150	0.0074	99.27	1.077	98.23-100.91	1.077	0.50-1.69	2	2.474	38/66	98.23	1	IMGVR_UViG_3300008479_000149|3300008479|Ga0114883_1002193
/home/jb/open_problems/medical/dysbiosis/fastq_analysis/qc/CXD568_trim_1.fastq.gz	imgvr_reps.fna	0.0149	0.0074	99.31	1.071	98.10-100.52	1.071	0.56-1.85	2	2.000	34/64	97.98	0	IMGVR_UViG_3300029244_000213|3300029244|Ga0168714_100353|25930-38953
/home/jb/open_problems/medical/dysbiosis/fastq_analysis/qc/CXD568_trim_1.fastq.gz	imgvr_reps.fna	0.0149	0.0110	100.00	1.067	99.95-102.02	1.067	0.59-1.64	2	2.408	71/87	99.35	0	IMGVR_UViG_3300007109_000029|3300007109|Ga0102633_101118
/home/jb/open_problems/medical/dysbiosis/fastq_analysis/qc/CXD568_trim_1.fastq.gz	imgvr_reps.fna	0.0149	0.0109	97.76	1.067	96.99-99.24	1.067	0.50-1.67	1	1.704	27/83	96.44	0	IMGVR_UViG_2149837021_000130|2149837021|STU__NODE_6179_len_19155_cov_11_067815
/home/jb/open_problems/medical/dysbiosis/fastq_analysis/qc/CXD568_trim_1.fastq.gz	imgvr_reps.fna	0.0149	0.0065	100.00	1.067	99.13-102.43	1.067	0.33-1.69	2	2.690	42/57	99.02	0	IMGVR_UViG_3300029336_000398|3300029336|Ga0243752_100806|2-11480
/home/jb/open_problems/medical/dysbiosis/fastq_analysis/qc/CXD568_trim_1.fastq.gz	imgvr_reps.fna	0.0147	0.0107	100.00	1.056	99.58-101.41	1.056	0.56-1.60	1	1.557	61/84	98.97	0	IMGVR_UViG_3300006879_000790|3300006879|Ga0079226_10001332
/home/jb/open_problems/medical/dysbiosis/fastq_analysis/qc/CXD568_trim_1.fastq.gz	imgvr_reps.fna	0.0147	0.0226	95.88	1.053	94.83-98.05	1.053	0.38-1.73	1	1.771	35/198	94.56	28	IMGVR_UViG_3300023720_000127|3300023720|Ga0257049_100539
/home/jb/open_problems/medical/dysbiosis/fastq_analysis/qc/CXD568_trim_1.fastq.gz	imgvr_reps.fna	0.0147	0.0111	95.07	1.053	NA-NA	LOW	NA-NA	1	1.053	19/91	95.07	0	IMGVR_UViG_3300029032_000016|3300029032|Ga0169753_100412
/home/jb/open_problems/medical/dysbiosis/fastq_analysis/qc/CXD568_trim_1.fastq.gz	imgvr_reps.fna	0.0140	0.0081	100.00	1.000	99.94-102.33	1.000	0.44-1.50	2	2.286	49/61	99.30	0	IMGVR_UViG_3300007098_000048|3300007098|Ga0102540_101013
/home/jb/open_problems/medical/dysbiosis/fastq_analysis/qc/CXD568_trim_1.fastq.gz	imgvr_reps.fna	0.0140	0.0112	99.15	1.000	97.99-100.45	1.000	0.53-1.64	1	2.000	47/97	97.69	0	IMGVR_UViG_3300029338_000202|3300029338|Ga0243718_1001235
/home/jb/open_problems/medical/dysbiosis/fastq_analysis/qc/CXD568_trim_1.fastq.gz	imgvr_reps.fna	0.0140	0.0150	98.58	1.000	97.80-99.60	1.000	0.59-1.54	2	1.982	56/138	97.13	23	IMGVR_UViG_7000000192_000146|7000000192|SRS017821_Baylor_scaffold_3855
/home/jb/open_problems/medical/dysbiosis/fastq_analysis/qc/CXD568_trim_1.fastq.gz	imgvr_reps.fna	0.0140	0.0198	98.77	1.000	97.98-99.84	1.000	0.55-1.50	2	2.169	77/164	97.59	26	IMGVR_UViG_3300029373_000179|3300029373|Ga0243914_100892
/home/jb/open_problems/medical/dysbiosis/fastq_analysis/qc/CXD568_trim_1.fastq.gz	imgvr_reps.fna	0.0140	0.0096	100.00	1.000	99.30-101.89	1.000	0.47-1.89	2	3.642	67/91	99.02	0	IMGVR_UViG_3300029573_000392|3300029573|Ga0245101_100734|20598-38564
/home/jb/open_problems/medical/dysbiosis/fastq_analysis/qc/CXD568_trim_1.fastq.gz	imgvr_reps.fna	0.0140	0.0168	97.70	1.000	96.71-99.00	1.000	0.55-1.80	1	1.659	44/143	96.27	30	IMGVR_UViG_3300045988_130948|3300045988|Ga0495776_160137
/home/jb/open_problems/medical/dysbiosis/fastq_analysis/qc/CXD568_trim_1.fastq.gz	imgvr_reps.fna	0.0140	0.0140	97.36	1.000	96.44-99.07	1.000	0.50-1.69	1	1.759	29/105	95.93	19	IMGVR_UViG_3300029819_000089|3300029819|Ga0245024_101069
/home/jb/open_problems/medical/dysbiosis/fastq_analysis/qc/CXD568_trim_1.fastq.gz	imgvr_reps.fna	0.0140	0.0169	97.00	1.000	96.11-98.82	1.000	0.43-1.45	1	1.871	31/123	95.65	18	IMGVR_UViG_2806310717_000004|2806310717|2806348752|683193-714897
/home/jb/open_problems/medical/dysbiosis/fastq_analysis/qc/CXD568_trim_1.fastq.gz	imgvr_reps.fna	0.0140	0.0150	96.76	1.000	95.73-98.36	1.000	0.42-1.57	1	1.607	28/123	95.34	0	IMGVR_UViG_3300007210_000328|3300007210|Ga0103359_100033|177048-205171
/home/jb/open_problems/medical/dysbiosis/fastq_analysis/qc/CXD568_trim_1.fastq.gz	imgvr_reps.fna	0.0140	0.0085	98.37	1.000	97.39-100.01	1.000	0.44-1.80	1	2.000	27/71	96.93	0	IMGVR_UViG_3300029434_000048|3300029434|Ga0243855_1002359
/home/jb/open_problems/medical/dysbiosis/fastq_analysis/qc/CXD568_trim_1.fastq.gz	imgvr_reps.fna	0.0140	0.0068	99.54	1.000	98.39-101.00	1.000	0.50-1.56	1	1.382	34/62	98.08	0	IMGVR_UViG_3300029855_000041|3300029855|Ga0245295_1002518
/home/jb/open_problems/medical/dysbiosis/fastq_analysis/qc/CXD568_trim_1.fastq.gz	imgvr_reps.fna	0.0140	0.0214	97.54	1.000	96.67-98.96	1.000	0.53-1.57	1	1.400	50/171	96.11	0	IMGVR_UViG_3300007360_000217|3300007360|Ga0104766_1000649
/home/jb/open_problems/medical/dysbiosis/fastq_analysis/qc/CXD568_trim_1.fastq.gz	imgvr_reps.fna	0.0140	0.0101	99.81	1.000	98.49-101.68	1.000	0.43-1.90	2	2.161	56/94	98.34	0	IMGVR_UViG_3300029555_000182|3300029555|Ga0245053_101124
/home/jb/open_problems/medical/dysbiosis/fastq_analysis/qc/CXD568_trim_1.fastq.gz	imgvr_reps.fna	0.0140	0.0095	95.09	1.000	NA-NA	LOW	NA-NA	1	1.000	13/62	95.09	0	IMGVR_UViG_3300029211_000090|3300029211|Ga0168693_100794
/home/jb/open_problems/medical/dysbiosis/fastq_analysis/qc/CXD568_trim_1.fastq.gz	imgvr_reps.fna	0.0140	0.0196	96.79	1.000	95.54-98.52	1.000	0.48-1.71	1	1.829	35/152	95.37	66	IMGVR_UViG_2537561761_000002|2537561761|2537589791|170366-207150
/home/jb/open_problems/medical/dysbiosis/fastq_analysis/qc/CXD568_trim_1.fastq.gz	imgvr_reps.fna	0.0140	0.0212	97.96	1.000	97.04-98.96	1.000	0.61-1.61	1	1.365	52/156	96.52	0	IMGVR_UViG_3300045988_107431|3300045988|Ga0495776_110835
/home/jb/open_problems/medical/dysbiosis/fastq_analysis/qc/CXD568_trim_1.fastq.gz	imgvr_reps.fna	0.0140	0.0113	98.95	1.000	97.63-100.20	1.000	0.56-1.76	2	2.049	41/90	97.50	3	IMGVR_UViG_3300029039_000023|3300029039|Ga0169649_100813
/home/jb/open_problems/medical/dysbiosis/fastq_analysis/qc/CXD568_trim_1.fastq.gz	imgvr_reps.fna	0.0140	0.0109	99.21	1.000	98.18-100.78	1.000	0.43-1.85	2	2.191	47/95	97.76	0	IMGVR_UViG_3300045988_124391|3300045988|Ga0495776_107704
/home/jb/open_problems/medical/dysbiosis/fastq_analysis/qc/CXD568_trim_1.fastq.gz	imgvr_reps.fna	0.0140	0.0179	98.71	1.000	97.08-99.97	1.000	0.48-2.67	2	2.369	65/154	97.26	0	IMGVR_UViG_3300045988_025606|3300045988|Ga0495776_145441
/home/jb/open_problems/medical/dysbiosis/fastq_analysis/qc/CXD568_trim_1.fastq.gz	imgvr_reps.fna	0.0135	0.0282	97.16	0.968	96.21-98.48	0.968	0.49-1.57	1	1.630	54/213	95.67	45	IMGVR_UViG_3300045988_109289|3300045988|Ga0495776_183797
/home/jb/open_problems/medical/dysbiosis/fastq_analysis/qc/CXD568_trim_1.fastq.gz	imgvr_reps.fna	0.0133	0.0145	98.04	0.957	97.08-99.51	0.957	0.46-1.65	1	1.714	42/126	96.52	0	IMGVR_UViG_3300045988_039827|3300045988|Ga0495776_051922
/home/jb/open_problems/medical/dysbiosis/fastq_analysis/qc/CXD568_trim_1.fastq.gz	imgvr_reps.fna	0.0133	0.0150	97.14	0.952	95.81-98.34	0.952	0.42-1.56	1	1.375	32/128	95.63	28	IMGVR_UViG_3300029768_000015|3300029768|Ga0245196_101048
/home/jb/open_problems/medical/dysbiosis/fastq_analysis/qc/CXD568_trim_1.fastq.gz	imgvr_reps.fna	0.0131	0.0199	100.00	0.941	99.85-101.52	0.941	0.64-1.38	1	1.913	127/173	99.01	0	IMGVR_UViG_3300035644_000028|3300035644|Ga0134398_00381
/home/jb/open_problems/medical/dysbiosis/fastq_analysis/qc/CXD568_trim_1.fastq.gz	imgvr_reps.fna	0.0131	0.0394	97.48	0.939	96.66-98.33	0.939	0.62-1.40	1	2.103	97/344	96.00	91	IMGVR_UViG_2876102353_000002|2876102353|2876102394|16368-95080
/home/jb/open_problems/medical/dysbiosis/fastq_analysis/qc/CXD568_trim_1.fastq.gz	imgvr_reps.fna	0.0130	0.0220	97.18	0.933	95.85-98.69	0.933	0.45-1.54	1	1.356	45/180	95.63	2	IMGVR_UViG_3300029325_000222|3300029325|Ga0242844_100212|13154-57358
/home/jb/open_problems/medical/dysbiosis/fastq_analysis/qc/CXD568_trim_1.fastq.gz	imgvr_reps.fna	0.0130	0.0087	100.00	0.933	99.66-101.92	0.933	0.48-1.38	2	2.167	66/94	98.87	0	IMGVR_UViG_3300000279_000004|3300000279|EM219_1000154
/home/jb/open_problems/medical/dysbiosis/fastq_analysis/qc/CXD568_trim_1.fastq.gz	imgvr_reps.fna	0.0129	0.0057	99.28	0.923	98.25-101.00	0.923	0.38-1.50	2	1.926	27/56	97.67	0	IMGVR_UViG_3300039323_000230|3300039323|Ga0169852_01957
/home/jb/open_problems/medical/dysbiosis/fastq_analysis/qc/CXD568_trim_1.fastq.gz	imgvr_reps.fna	0.0129	0.0160	97.33	0.923	95.85-98.54	0.923	0.53-1.80	2	2.297	37/142	95.75	30	IMGVR_UViG_3300029852_000317|3300029852|Ga0245291_100318|18442-50919
/home/jb/open_problems/medical/dysbiosis/fastq_analysis/qc/CXD568_trim_1.fastq.gz	imgvr_reps.fna	0.0129	0.0059	99.92	0.923	98.42-101.07	0.923	0.56-2.00	2	2.600	30/51	98.30	0	IMGVR_UViG_3300008404_000086|3300008404|Ga0115185_101837
/home/jb/open_problems/medical/dysbiosis/fastq_analysis/qc/CXD568_trim_1.fastq.gz	imgvr_reps.fna	0.0129	0.0070	95.51	0.923	NA-NA	LOW	NA-NA	1	0.923	13/54	95.51	1	IMGVR_UViG_3300029236_000270|3300029236|Ga0169721_102188
/home/jb/open_problems/medical/dysbiosis/fastq_analysis/qc/CXD568_trim_1.fastq.gz	imgvr_reps.fna	0.0127	0.0155	97.42	0.909	96.27-99.00	0.909	0.43-1.52	1	1.571	35/132	95.81	39	IMGVR_UViG_3300029434_000194|3300029434|Ga0243855_1001122
/home/jb/open_problems/medical/dysbiosis/fastq_analysis/qc/CXD568_trim_1.fastq.gz	imgvr_reps.fna	0.0126	0.0105	99.02	0.900	97.70-100.71	0.900	0.36-1.62	1	1.718	39/88	97.41	23	IMGVR_UViG_3300039328_000024|3300039328|Ga0169860_00816
/home/jb/open_problems/medical/dysbiosis/fastq_analysis/qc/CXD568_trim_1.fastq.gz	imgvr_reps.fna	0.0126	0.0105	99.35	0.900	97.85-100.88	0.900	0.43-1.87	2	1.857	49/101	97.69	3	IMGVR_UViG_3300029777_000028|3300029777|Ga0243715_1001218
/home/jb/open_problems/medical/dysbiosis/fastq_analysis/qc/CXD568_trim_1.fastq.gz	imgvr_reps.fna	0.0125	0.0206	98.29	0.897	97.20-100.22	0.897	0.39-1.48	2	2.169	59/170	96.64	14	IMGVR_UViG_7000000464_000233|7000000464|SRS077730_LANL_scaffold_24860
/home/jb/open_problems/medical/dysbiosis/fastq_analysis/qc/CXD568_trim_1.fastq.gz	imgvr_reps.fna	0.0124	0.0069	100.00	0.889	98.91-102.35	0.889	0.32-1.50	2	2.878	41/64	98.57	0	IMGVR_UViG_3300029372_000100|3300029372|Ga0243963_101863
/home/jb/open_problems/medical/dysbiosis/fastq_analysis/qc/CXD568_trim_1.fastq.gz	imgvr_reps.fna	0.0124	0.0243	100.00	0.889	98.65-101.46	0.889	0.47-2.53	2	2.309	139/230	98.39	0	IMGVR_UViG_3300008260_000004|3300008260|Ga0114292_100253
/home/jb/open_problems/medical/dysbiosis/fastq_analysis/qc/CXD568_trim_1.fastq.gz	imgvr_reps.fna	0.0123	0.0182	98.14	0.882	97.22-99.66	0.882	0.44-1.40	1	1.434	53/162	96.46	0	IMGVR_UViG_3300045988_149701|3300045988|Ga0495776_177549
/home/jb/open_problems/medical/dysbiosis/fastq_analysis/qc/CXD568_trim_1.fastq.gz	imgvr_reps.fna	0.0122	0.0129	97.11	0.875	96.16-99.22	0.875	0.35-1.60	2	1.906	32/120	95.83	0	IMGVR_UViG_3300008728_000317|3300008728|Ga0115675_100445|25647-53355
/home/jb/open_problems/medical/dysbiosis/fastq_analysis/qc/CXD568_trim_1.fastq.gz	imgvr_reps.fna	0.0122	0.0068	100.00	0.875	98.93-102.19	0.875	0.30-1.38	2	1.970	33/55	98.37	0	IMGVR_UViG_3300029386_000188|3300029386|Ga0243981_1002304
/home/jb/open_problems/medical/dysbiosis/fastq_analysis/qc/CXD568_trim_1.fastq.gz	imgvr_reps.fna	0.0121	0.0325	95.10	0.870	93.84-96.64	0.870	0.38-1.47	2	1.021	48/299	94.27	67	IMGVR_UViG_3300029669_000154|3300029669|Ga0242751_100102
/home/jb/open_problems/medical/dysbiosis/fastq_analysis/qc/CXD568_trim_1.fastq.gz	imgvr_reps.fna	0.0120	0.0224	96.50	0.857	95.38-97.75	0.857	0.43-1.50	2	4.389	36/189	94.79	18	IMGVR_UViG_3300029779_000150|3300029779|Ga0243834_1000333
/home/jb/open_problems/medical/dysbiosis/fastq_analysis/qc/CXD568_trim_1.fastq.gz	imgvr_reps.fna	0.0120	0.0162	97.59	0.857	96.18-99.26	0.857	0.40-1.75	2	2.132	38/138	95.93	39	IMGVR_UViG_3300045988_048909|3300045988|Ga0495776_182685
/home/jb/open_problems/medical/dysbiosis/fastq_analysis/qc/CXD568_trim_1.fastq.gz	imgvr_reps.fna	0.0120	0.0100	99.90	0.857	99.05-101.28	0.857	0.45-1.41	1	1.396	53/95	98.14	0	IMGVR_UViG_3300008478_000155|3300008478|Ga0114882_100551|4613-26436
/home/jb/open_problems/medical/dysbiosis/fastq_analysis/qc/CXD568_trim_1.fastq.gz	imgvr_reps.fna	0.0120	0.0097	97.66	0.857	96.38-99.02	0.857	0.50-1.83	2	1.966	29/105	95.93	4	IMGVR_UViG_2920691002_000002|2920691002|2920691077|62958-84180
/home/jb/open_problems/medical/dysbiosis/fastq_analysis/qc/CXD568_trim_1.fastq.gz	imgvr_reps.fna	0.0119	0.0213	99.02	0.851	98.09-100.43	0.851	0.43-1.27	1	1.774	84/199	97.26	42	IMGVR_UViG_2540341058_000003|2540341058|2540348089|1844379-1891258
/home/jb/open_problems/medical/dysbiosis/fastq_analysis/qc/CXD568_trim_1.fastq.gz	imgvr_reps.fna	0.0119	0.0192	98.56	0.850	97.75-99.66	0.850	0.53-1.25	1	1.531	64/175	96.81	0	IMGVR_UViG_3300029419_000291|3300029419|Ga0243913_100675|9394-51677
/home/jb/open_problems/medical/dysbiosis/fastq_analysis/qc/CXD568_trim_1.fastq.gz	imgvr_reps.fna	0.0118	0.0074	100.00	0.846	98.90-101.88	0.846	0.32-1.50	1	1.783	46/76	98.39	1	IMGVR_UViG_3300007361_000038|3300007361|Ga0104787_101705
/home/jb/open_problems/medical/dysbiosis/fastq_analysis/qc/CXD568_trim_1.fastq.gz	imgvr_reps.fna	0.0118	0.0066	100.00	0.846	99.50-102.44	0.846	0.41-1.58	1	1.524	42/56	99.08	0	IMGVR_UViG_3300029373_000043|3300029373|Ga0243914_102304
/home/jb/open_problems/medical/dysbiosis/fastq_analysis/qc/CXD568_trim_1.fastq.gz	imgvr_reps.fna	0.0117	0.0194	96.34	0.842	94.89-97.98	0.842	0.38-1.50	1	1.824	34/190	94.60	45	IMGVR_UViG_3300045988_151933|3300045988|Ga0495776_094919
/home/jb/open_problems/medical/dysbiosis/fastq_analysis/qc/CXD568_trim_1.fastq.gz	imgvr_reps.fna	0.0117	0.0051	99.63	0.842	98.43-101.60	0.842	0.32-1.29	1	1.581	31/61	97.84	1	IMGVR_UViG_3300029700_000089|3300029700|Ga0245207_102217
/home/jb/open_problems/medical/dysbiosis/fastq_analysis/qc/CXD568_trim_1.fastq.gz	imgvr_reps.fna	0.0116	0.0118	97.32	0.833	96.30-99.35	0.833	0.38-1.50	2	2.111	27/111	95.54	24	IMGVR_UViG_3300014563_000141|3300014563|Ga0134418_1000324
/home/jb/open_problems/medical/dysbiosis/fastq_analysis/qc/CXD568_trim_1.fastq.gz	imgvr_reps.fna	0.0116	0.0170	96.34	0.833	94.55-98.10	0.833	0.38-2.50	2	2.290	31/174	94.59	93	IMGVR_UViG_3300045988_141179|3300045988|Ga0495776_146728
/home/jb/open_problems/medical/dysbiosis/fastq_analysis/qc/CXD568_trim_1.fastq.gz	imgvr_reps.fna	0.0116	0.0235	97.98	0.833	96.61-99.58	0.833	0.43-1.50	2	3.902	61/203	96.20	1	IMGVR_UViG_3300045988_171263|3300045988|Ga0495776_114714
/home/jb/open_problems/medical/dysbiosis/fastq_analysis/qc/CXD568_trim_1.fastq.gz	imgvr_reps.fna	0.0115	0.0066	99.75	0.824	98.28-102.12	0.824	0.33-1.57	2	2.150	40/77	97.91	0	IMGVR_UViG_3300029780_000173|3300029780|Ga0243204_1001455
/home/jb/open_problems/medical/dysbiosis/fastq_analysis/qc/CXD568_trim_1.fastq.gz	imgvr_reps.fna	0.0114	0.0118	100.00	0.821	99.41-101.46	0.821	0.49-1.29	1	1.743	70/112	98.50	0	IMGVR_UViG_3300045988_130605|3300045988|Ga0495776_088413
/home/jb/open_problems/medical/dysbiosis/fastq_analysis/qc/CXD568_trim_1.fastq.gz	imgvr_reps.fna	0.0114	0.0065	100.00	0.818	99.57-102.54	0.818	0.38-1.38	2	3.140	50/72	98.83	0	IMGVR_UViG_3300029361_000336|3300029361|Ga0243815_1000757|25553-40450
/home/jb/open_problems/medical/dysbiosis/fastq_analysis/qc/CXD568_trim_1.fastq.gz	imgvr_reps.fna	0.0114	0.0045	99.95	0.818	98.57-100.78	0.818	0.56-1.80	2	2.143	28/50	98.15	0	IMGVR_UViG_3300029614_000244|3300029614|Ga0245155_102657
/home/jb/open_problems/medical/dysbiosis/fastq_analysis/qc/CXD568_trim_1.fastq.gz	imgvr_reps.fna	0.0112	0.0103	98.39	0.800	97.04-99.66	0.800	0.42-1.33	1	1.788	33/97	96.58	20	IMGVR_UViG_3300029580_000263|3300029580|Ga0245096_101012|3-24053
/home/jb/open_problems/medical/dysbiosis/fastq_analysis/qc/CXD568_trim_1.fastq.gz	imgvr_reps.fna	0.0112	0.0141	100.00	0.800	99.81-101.80	0.800	0.48-1.15	1	1.612	98/146	98.72	0	IMGVR_UViG_3300045988_178182|3300045988|Ga0495776_061816
/home/jb/open_problems/medical/dysbiosis/fastq_analysis/qc/CXD568_trim_1.fastq.gz	imgvr_reps.fna	0.0112	0.0272	95.23	0.800	93.44-96.27	0.800	0.47-1.85	2	1.853	34/281	93.41	119	IMGVR_UViG_3300023717_000157|3300023717|Ga0257029_10118|39136-102812
/home/jb/open_problems/medical/dysbiosis/fastq_analysis/qc/CXD568_trim_1.fastq.gz	imgvr_reps.fna	0.0112	0.0295	97.22	0.800	96.04-98.51	0.800	0.44-1.27	1	1.821	67/292	95.36	18	IMGVR_UViG_3300029877_000156|3300029877|Ga0245326_100112|62505-131488
/home/jb/open_problems/medical/dysbiosis/fastq_analysis/qc/CXD568_trim_1.fastq.gz	imgvr_reps.fna	0.0112	0.0142	96.40	0.800	95.31-98.52	0.800	0.30-1.45	1	1.852	27/153	94.56	5	IMGVR_UViG_3300045988_140362|3300045988|Ga0495776_160776
/home/jb/open_problems/medical/dysbiosis/fastq_analysis/qc/CXD568_trim_1.fastq.gz	imgvr_reps.fna	0.0112	0.0065	100.00	0.800	98.61-101.76	0.800	0.39-1.82	2	1.935	31/54	98.23	0	IMGVR_UViG_3300029123_000031|3300029123|Ga0168800_101868
/home/jb/open_problems/medical/dysbiosis/fastq_analysis/qc/CXD568_trim_1.fastq.gz	imgvr_reps.fna	0.0112	0.0192	100.00	0.800	99.63-101.43	0.800	0.49-1.10	1	1.562	130/208	98.50	0	IMGVR_UViG_3300045988_133999|3300045988|Ga0495776_054016
/home/jb/open_problems/medical/dysbiosis/fastq_analysis/qc/CXD568_trim_1.fastq.gz	imgvr_reps.fna	0.0110	0.0207	97.22	0.788	95.84-98.61	0.788	0.44-1.31	1	1.679	53/226	95.43	58	IMGVR_UViG_3300007362_000177|3300007362|Ga0104788_100419
/home/jb/open_problems/medical/dysbiosis/fastq_analysis/qc/CXD568_trim_1.fastq.gz	imgvr_reps.fna	0.0109	0.0094	97.98	0.778	96.89-100.59	0.778	0.29-1.29	1	1.407	27/94	96.06	12	IMGVR_UViG_3300045988_018501|3300045988|Ga0495776_106603
/home/jb/open_problems/medical/dysbiosis/fastq_analysis/qc/CXD568_trim_1.fastq.gz	imgvr_reps.fna	0.0109	0.0100	97.98	0.778	96.68-100.11	0.778	0.30-1.41	1	1.517	29/101	96.05	27	IMGVR_UViG_3300045988_104462|3300045988|Ga0495776_069362
/home/jb/open_problems/medical/dysbiosis/fastq_analysis/qc/CXD568_trim_1.fastq.gz	imgvr_reps.fna	0.0106	0.0093	97.89	0.762	96.64-100.01	0.762	0.32-1.29	1	1.333	30/109	95.92	0	IMGVR_UViG_3300029875_000313|3300029875|Ga0245324_100057|215905-238831
/home/jb/open_problems/medical/dysbiosis/fastq_analysis/qc/CXD568_trim_1.fastq.gz	imgvr_reps.fna	0.0106	0.0066	100.00	0.762	99.05-102.41	0.762	0.31-1.62	1	1.657	35/57	98.44	1	IMGVR_UViG_3300029562_000231|3300029562|Ga0245122_100718|23510-39793
/home/jb/open_problems/medical/dysbiosis/fastq_analysis/qc/CXD568_trim_1.fastq.gz	imgvr_reps.fna	0.0106	0.0045	100.00	0.762	98.59-101.76	0.762	0.38-1.38	1	1.500	32/57	98.15	0	IMGVR_UViG_3300029416_000035|3300029416|Ga0243860_102568
/home/jb/open_problems/medical/dysbiosis/fastq_analysis/qc/CXD568_trim_1.fastq.gz	imgvr_reps.fna	0.0106	0.0365	95.44	0.762	94.27-97.06	0.762	0.32-1.36	2	3.286	56/411	93.77	157	IMGVR_UViG_2905444465_000001|2905444465|2905444484
/home/jb/open_problems/medical/dysbiosis/fastq_analysis/qc/CXD568_trim_1.fastq.gz	imgvr_reps.fna	0.0106	0.0260	97.35	0.757	96.33-99.08	0.757	0.38-1.18	1	1.810	63/266	95.46	82	IMGVR_UViG_2897530398_000009|2897530398|2897530670|208496-272741
/home/jb/open_problems/medical/dysbiosis/fastq_analysis/qc/CXD568_trim_1.fastq.gz	imgvr_reps.fna	0.0105	0.0127	97.09	0.750	96.12-99.22	0.750	0.30-1.43	1	1.577	26/123	95.11	9	IMGVR_UViG_2832194798_000005|2832194798|2832194829|3-31808
/home/jb/open_problems/medical/dysbiosis/fastq_analysis/qc/CXD568_trim_1.fastq.gz	imgvr_reps.fna	0.0105	0.0135	96.67	0.750	95.74-98.44	0.750	0.33-1.43	1	1.704	27/146	94.70	38	IMGVR_UViG_3300007109_000002|3300007109|Ga0102633_100561
/home/jb/open_problems/medical/dysbiosis/fastq_analysis/qc/CXD568_trim_1.fastq.gz	imgvr_reps.fna	0.0105	0.0048	100.00	0.750	98.53-101.10	0.750	0.53-1.80	2	2.233	30/51	98.30	0	IMGVR_UViG_3300029464_000135|3300029464|Ga0244165_101219
/home/jb/open_problems/medical/dysbiosis/fastq_analysis/qc/CXD568_trim_1.fastq.gz	imgvr_reps.fna	0.0105	0.0084	100.00	0.750	99.07-102.29	0.750	0.41-1.83	2	2.292	65/91	98.92	0	IMGVR_UViG_3300023719_000132|3300023719|Ga0257059_100922
/home/jb/open_problems/medical/dysbiosis/fastq_analysis/qc/CXD568_trim_1.fastq.gz	imgvr_reps.fna	0.0105	0.0072	99.65	0.750	97.94-101.00	0.750	0.45-1.76	2	1.943	35/74	97.61	0	IMGVR_UViG_3300000331_000084|3300000331|EM203_1007162
/home/jb/open_problems/medical/dysbiosis/fastq_analysis/qc/CXD568_trim_1.fastq.gz	imgvr_reps.fna	0.0105	0.0248	96.82	0.750	95.18-98.86	0.750	0.29-1.38	2	2.286	49/253	94.84	35	IMGVR_UViG_3300045988_163638|3300045988|Ga0495776_090783
/home/jb/open_problems/medical/dysbiosis/fastq_analysis/qc/CXD568_trim_1.fastq.gz	imgvr_reps.fna	0.0104	0.0176	99.39	0.744	98.34-100.55	0.744	0.42-1.20	1	1.823	79/182	97.34	0	IMGVR_UViG_3300007210_000338|3300007210|Ga0103359_100329|11465-55697
/home/jb/open_problems/medical/dysbiosis/fastq_analysis/qc/CXD568_trim_1.fastq.gz	imgvr_reps.fna	0.0103	0.0166	96.92	0.737	95.68-98.73	0.737	0.33-1.22	1	1.485	33/159	95.05	61	IMGVR_UViG_3300029748_000467|3300029748|Ga0245205_1000568|1-42091
/home/jb/open_problems/medical/dysbiosis/fastq_analysis/qc/CXD568_trim_1.fastq.gz	imgvr_reps.fna	0.0103	0.0087	98.82	0.737	97.40-100.98	0.737	0.32-1.33	1	1.686	35/90	97.00	18	IMGVR_UViG_3300028970_000116|3300028970|Ga0169755_100223|82-22285
/home/jb/open_problems/medical/dysbiosis/fastq_analysis/qc/CXD568_trim_1.fastq.gz	imgvr_reps.fna	0.0103	0.0146	99.43	0.737	98.12-100.74	0.737	0.40-1.15	1	1.812	69/158	97.36	42	IMGVR_UViG_3300045988_013023|3300045988|Ga0495776_044393
/home/jb/open_problems/medical/dysbiosis/fastq_analysis/qc/CXD568_trim_1.fastq.gz	imgvr_reps.fna	0.0102	0.0191	97.08	0.733	95.49-98.93	0.733	0.33-1.33	1	1.432	44/212	95.05	77	IMGVR_UViG_3300045988_161005|3300045988|Ga0495776_134393
/home/jb/open_problems/medical/dysbiosis/fastq_analysis/qc/CXD568_trim_1.fastq.gz	imgvr_reps.fna	0.0101	0.0149	98.19	0.727	96.87-99.66	0.727	0.35-1.38	2	3.229	48/154	96.31	40	IMGVR_UViG_3300008640_000015|3300008640|Ga0111422_100487
/home/jb/open_problems/medical/dysbiosis/fastq_analysis/qc/CXD568_trim_1.fastq.gz	imgvr_reps.fna	0.0101	0.0166	95.85	0.727	NA-NA	0.727	NA-NA	2	2.600	25/180	93.83	98	IMGVR_UViG_3300029369_000258|3300029369|Ga0243960_100064|54270-97131
/home/jb/open_problems/medical/dysbiosis/fastq_analysis/qc/CXD568_trim_1.fastq.gz	imgvr_reps.fna	0.0101	0.0076	100.00	0.727	99.32-101.92	0.727	0.40-1.14	1	1.521	48/84	98.21	1	IMGVR_UViG_3300029757_000006|3300029757|Ga0243876_100997
/home/jb/open_problems/medical/dysbiosis/fastq_analysis/qc/CXD568_trim_1.fastq.gz	imgvr_reps.fna	0.0100	0.0137	97.56	0.720	96.02-99.87	0.720	0.28-1.22	1	1.444	36/151	95.48	6	IMGVR_UViG_3300045988_066114|3300045988|Ga0495776_062486
/home/jb/open_problems/medical/dysbiosis/fastq_analysis/qc/CXD568_trim_1.fastq.gz	imgvr_reps.fna	0.0100	0.0047	99.53	0.714	97.95-101.56	0.714	0.32-1.45	1	1.769	26/59	97.39	0	IMGVR_UViG_3300003472_000017|3300003472|BeaverFeces_1002641
/home/jb/open_problems/medical/dysbiosis/fastq_analysis/qc/CXD568_trim_1.fastq.gz	imgvr_reps.fna	0.0100	0.0200	95.83	0.714	94.35-97.75	0.714	0.33-1.45	2	3.250	28/199	93.87	2	IMGVR_UViG_3300007664_000198|3300007664|Ga0105542_1000388
/home/jb/open_problems/medical/dysbiosis/fastq_analysis/qc/CXD568_trim_1.fastq.gz	imgvr_reps.fna	0.0100	0.0053	100.00	0.714	99.90-103.31	0.714	0.29-1.25	1	1.558	43/59	98.98	0	IMGVR_UViG_3300023494_000164|3300023494|Ga0257057_100168|220-13993
/home/jb/open_problems/medical/dysbiosis/fastq_analysis/qc/CXD568_trim_1.fastq.gz	imgvr_reps.fna	0.0099	0.0333	95.44	0.710	94.16-97.19	0.710	0.34-1.20	1	1.378	45/376	93.38	40	IMGVR_UViG_3300045988_105184|3300045988|Ga0495776_078657
/home/jb/open_problems/medical/dysbiosis/fastq_analysis/qc/CXD568_trim_1.fastq.gz	imgvr_reps.fna	0.0099	0.0200	96.89	0.710	95.55-98.60	0.710	0.34-1.20	1	1.435	46/241	94.80	1	IMGVR_UViG_3300045988_165883|3300045988|Ga0495776_147197
/home/jb/open_problems/medical/dysbiosis/fastq_analysis/qc/CXD568_trim_1.fastq.gz	imgvr_reps.fna	0.0098	0.0175	99.10	0.706	98.05-100.89	0.706	0.34-1.17	1	1.519	52/136	96.95	9	IMGVR_UViG_2667527889_000003|2667527889|2667582120|6054-52367
/home/jb/open_problems/medical/dysbiosis/fastq_analysis/qc/CXD568_trim_1.fastq.gz	imgvr_reps.fna	0.0098	0.0293	95.27	0.706	93.27-96.59	0.706	0.46-1.88	2	1.861	36/319	93.20	47	IMGVR_UViG_3300029432_000419|3300029432|Ga0243805_100011|37227-114900
/home/jb/open_problems/medical/dysbiosis/fastq_analysis/qc/CXD568_trim_1.fastq.gz	imgvr_reps.fna	0.0098	0.0191	97.24	0.703	96.08-99.09	0.703	0.33-1.14	1	1.327	52/245	95.12	0	IMGVR_UViG_3300029664_000064|3300029664|Ga0245211_100457
/home/jb/open_problems/medical/dysbiosis/fastq_analysis/qc/CXD568_trim_1.fastq.gz	imgvr_reps.fna	0.0098	0.0095	99.08	0.700	97.59-100.93	0.700	0.32-1.26	2	2.844	45/119	96.91	18	IMGVR_UViG_3300008737_000102|3300008737|Ga0113999_100280
/home/jb/open_problems/medical/dysbiosis/fastq_analysis/qc/CXD568_trim_1.fastq.gz	imgvr_reps.fna	0.0098	0.0048	100.00	0.700	98.92-102.29	0.700	0.29-1.29	1	1.484	31/54	98.23	0	IMGVR_UViG_3300029515_000118|3300029515|Ga0244841_101413
/home/jb/open_problems/medical/dysbiosis/fastq_analysis/qc/CXD568_trim_1.fastq.gz	imgvr_reps.fna	0.0097	0.0160	96.87	0.696	95.38-98.93	0.696	0.27-1.33	1	1.412	34/182	94.73	5	IMGVR_UViG_3300029587_000170|3300029587|Ga0245119_100664
/home/jb/open_problems/medical/dysbiosis/fastq_analysis/qc/CXD568_trim_1.fastq.gz	imgvr_reps.fna	0.0097	0.0122	96.60	0.692	NA-NA	0.692	NA-NA	2	2.115	26/152	94.46	0	IMGVR_UViG_3300007991_000176|3300007991|Ga0105643_100801
/home/jb/open_problems/medical/dysbiosis/fastq_analysis/qc/CXD568_trim_1.fastq.gz	imgvr_reps.fna	0.0097	0.0087	100.00	0.692	98.80-102.47	0.692	0.33-1.92	2	2.078	64/97	98.67	0	IMGVR_UViG_7000000317_000019|7000000317|SRS014459_WUGC_scaffold_11311
/home/jb/open_problems/medical/dysbiosis/fastq_analysis/qc/CXD568_trim_1.fastq.gz	imgvr_reps.fna	0.0097	0.0139	97.85	0.692	96.28-99.97	0.692	0.29-1.25	1	1.674	43/169	95.68	38	IMGVR_UViG_2565956741_000002|2565956741|2565987193|66193-103684
/home/jb/open_problems/medical/dysbiosis/fastq_analysis/qc/CXD568_trim_1.fastq.gz	imgvr_reps.fna	0.0097	0.0135	97.76	0.692	96.34-99.54	0.692	0.33-1.24	1	2.022	46/183	95.64	23	IMGVR_UViG_3300029793_000375|3300029793|Ga0243738_1000870
/home/jb/open_problems/medical/dysbiosis/fastq_analysis/qc/CXD568_trim_1.fastq.gz	imgvr_reps.fna	0.0097	0.0164	98.07	0.692	96.75-100.16	0.692	0.29-1.22	2	2.667	54/187	96.07	40	IMGVR_UViG_3300045988_112831|3300045988|Ga0495776_132561
/home/jb/open_problems/medical/dysbiosis/fastq_analysis/qc/CXD568_trim_1.fastq.gz	imgvr_reps.fna	0.0093	0.0042	100.00	0.667	98.72-102.00	0.667	0.29-1.23	1	1.812	32/60	97.99	0	IMGVR_UViG_3300029595_000035|3300029595|Ga0245140_102143
/home/jb/open_problems/medical/dysbiosis/fastq_analysis/qc/CXD568_trim_1.fastq.gz	imgvr_reps.fna	0.0093	0.0185	95.48	0.667	94.40-97.69	0.667	0.25-1.20	1	1.556	27/233	93.28	1	IMGVR_UViG_3300029332_000310|3300029332|Ga0243782_100163|23275-75351
/home/jb/open_problems/medical/dysbiosis/fastq_analysis/qc/CXD568_trim_1.fastq.gz	imgvr_reps.fna	0.0093	0.0093	99.23	0.667	96.96-100.33	0.667	0.43-1.73	2	1.917	36/94	96.95	2	IMGVR_UViG_3300029437_000353|3300029437|Ga0242826_1001052|7377-33501
/home/jb/open_problems/medical/dysbiosis/fastq_analysis/qc/CXD568_trim_1.fastq.gz	imgvr_reps.fna	0.0093	0.0074	99.71	0.667	97.41-100.94	0.667	0.41-1.88	2	1.750	40/90	97.42	0	IMGVR_UViG_3300039328_000105|3300039328|Ga0169860_00873
/home/jb/open_problems/medical/dysbiosis/fastq_analysis/qc/CXD568_trim_1.fastq.gz	imgvr_reps.fna	0.0093	0.0054	100.00	0.667	98.67-102.43	0.667	0.27-1.38	2	2.500	38/67	98.19	0	IMGVR_UViG_3300030030_000092|3300030030|Ga0245278_102036
/home/jb/open_problems/medical/dysbiosis/fastq_analysis/qc/CXD568_trim_1.fastq.gz	imgvr_reps.fna	0.0093	0.0108	100.00	0.667	99.56-102.30	0.667	0.35-1.10	2	3.163	80/131	98.42	0	IMGVR_UViG_3300029678_000125|3300029678|Ga0245195_100972
/home/jb/open_problems/medical/dysbiosis/fastq_analysis/qc/CXD568_trim_1.fastq.gz	imgvr_reps.fna	0.0093	0.0179	96.03	0.667	94.54-98.63	0.667	0.22-1.30	1	1.212	33/232	93.90	1	IMGVR_UViG_3300029587_000258|3300029587|Ga0245119_100541
/home/jb/open_problems/medical/dysbiosis/fastq_analysis/qc/CXD568_trim_1.fastq.gz	imgvr_reps.fna	0.0093	0.0110	98.25	0.667	96.86-99.90	0.667	0.32-1.18	1	1.447	38/135	95.99	0	IMGVR_UViG_3300029791_000291|3300029791|Ga0243849_1001179
/home/jb/open_problems/medical/dysbiosis/fastq_analysis/qc/CXD568_trim_1.fastq.gz	imgvr_reps.fna	0.0090	0.0347	97.40	0.645	96.53-98.39	0.645	0.45-0.92	1	1.516	91/433	95.09	32	IMGVR_UViG_3300045988_044096|3300045988|Ga0495776_011746
/home/jb/open_problems/medical/dysbiosis/fastq_analysis/qc/CXD568_trim_1.fastq.gz	imgvr_reps.fna	0.0090	0.0070	99.10	0.643	96.80-99.95	0.643	0.47-1.80	2	1.788	33/92	96.75	0	IMGVR_UViG_7000000633_000274|7000000633|SRS015065_WUGC_scaffold_8350
/home/jb/open_problems/medical/dysbiosis/fastq_analysis/qc/CXD568_trim_1.fastq.gz	imgvr_reps.fna	0.0088	0.0070	100.00	0.632	98.97-102.81	0.632	0.25-1.29	2	4.106	47/78	98.38	0	IMGVR_UViG_3300008620_000017|3300008620|Ga0111272_100835
/home/jb/open_problems/medical/dysbiosis/fastq_analysis/qc/CXD568_trim_1.fastq.gz	imgvr_reps.fna	0.0087	0.0192	95.37	0.625	94.27-97.35	0.625	0.27-1.08	1	1.778	27/244	93.15	22	IMGVR_UViG_3300029706_000280|3300029706|Ga0245271_100316|13203-70748
/home/jb/open_problems/medical/dysbiosis/fastq_analysis/qc/CXD568_trim_1.fastq.gz	imgvr_reps.fna	0.0087	0.0168	95.44	0.625	93.90-97.91	0.625	0.25-1.25	1	1.963	27/239	93.21	50	IMGVR_UViG_3300014703_000062|3300014703|Ga0134387_100137
/home/jb/open_problems/medical/dysbiosis/fastq_analysis/qc/CXD568_trim_1.fastq.gz	imgvr_reps.fna	0.0087	0.0099	97.74	0.625	96.36-99.75	0.625	0.32-1.14	1	1.630	27/118	95.35	23	IMGVR_UViG_3300039333_000137|3300039333|Ga0169237_00275|2-29577
/home/jb/open_problems/medical/dysbiosis/fastq_analysis/qc/CXD568_trim_1.fastq.gz	imgvr_reps.fna	0.0086	0.0124	100.00	0.615	99.30-101.73	0.615	0.36-0.98	1	2.176	91/169	98.02	7	IMGVR_UViG_3300029494_000015|3300029494|Ga0244011_1001009
/home/jb/open_problems/medical/dysbiosis/fastq_analysis/qc/CXD568_trim_1.fastq.gz	imgvr_reps.fna	0.0086	0.0369	95.83	0.615	94.31-97.54	0.615	0.30-1.11	2	3.267	60/489	93.46	0	IMGVR_UViG_3300045988_177967|3300045988|Ga0495776_034826
/home/jb/open_problems/medical/dysbiosis/fastq_analysis/qc/CXD568_trim_1.fastq.gz	imgvr_reps.fna	0.0086	0.0119	97.79	0.615	96.18-100.00	0.615	0.29-1.16	1	1.405	37/161	95.37	36	IMGVR_UViG_3300029335_000016|3300029335|Ga0243762_101075
/home/jb/open_problems/medical/dysbiosis/fastq_analysis/qc/CXD568_trim_1.fastq.gz	imgvr_reps.fna	0.0085	0.0246	95.59	0.609	94.29-97.41	0.609	0.28-1.12	1	2.158	38/329	93.27	5	IMGVR_UViG_3300029784_000306|3300029784|Ga0243806_1000099|68941-144759
/home/jb/open_problems/medical/dysbiosis/fastq_analysis/qc/CXD568_trim_1.fastq.gz	imgvr_reps.fna	0.0085	0.0109	97.00	0.609	95.44-98.99	0.609	0.26-1.04	1	1.233	30/169	94.58	2	IMGVR_UViG_3300029510_000188|3300029510|Ga0244782_100040|165001-198475
/home/jb/open_problems/medical/dysbiosis/fastq_analysis/qc/CXD568_trim_1.fastq.gz	imgvr_reps.fna	0.0084	0.0034	100.00	0.600	98.68-101.92	0.600	0.45-1.85	2	1.833	30/50	98.37	0	IMGVR_UViG_3300029372_000186|3300029372|Ga0243963_102461
/home/jb/open_problems/medical/dysbiosis/fastq_analysis/qc/CXD568_trim_1.fastq.gz	imgvr_reps.fna	0.0084	0.0050	100.00	0.600	98.07-101.24	0.600	0.45-1.87	2	2.059	34/66	97.88	0	IMGVR_UViG_3300029351_000019|3300029351|Ga0242803_100842
/home/jb/open_problems/medical/dysbiosis/fastq_analysis/qc/CXD568_trim_1.fastq.gz	imgvr_reps.fna	0.0084	0.0039	100.00	0.600	98.63-101.68	0.600	0.41-1.85	2	1.848	33/54	98.42	0	IMGVR_UViG_3300029718_000146|3300029718|Ga0245237_1002668
/home/jb/open_problems/medical/dysbiosis/fastq_analysis/qc/CXD568_trim_1.fastq.gz	imgvr_reps.fna	0.0084	0.0093	99.52	0.600	97.96-101.18	0.600	0.32-1.05	1	1.381	42/108	97.00	0	IMGVR_UViG_3300045988_100694|3300045988|Ga0495776_179043
/home/jb/open_problems/medical/dysbiosis/fastq_analysis/qc/CXD568_trim_1.fastq.gz	imgvr_reps.fna	0.0084	0.0120	97.21	0.600	95.73-99.52	0.600	0.25-1.16	1	1.393	28/149	94.75	5	IMGVR_UViG_3300029643_000008|3300029643|Ga0245225_100308
/home/jb/open_problems/medical/dysbiosis/fastq_analysis/qc/CXD568_trim_1.fastq.gz	imgvr_reps.fna	0.0082	0.0068	99.84	0.588	97.76-100.98	0.588	0.35-1.17	2	2.444	36/85	97.27	3	IMGVR_UViG_3300029486_000118|3300029486|Ga0244145_101364
/home/jb/open_problems/medical/dysbiosis/fastq_analysis/qc/CXD568_trim_1.fastq.gz	imgvr_reps.fna	0.0082	0.0142	99.61	0.588	98.31-101.22	0.588	0.33-0.93	2	4.075	80/186	97.32	0	IMGVR_UViG_2814123293_000013|2814123293|2814193131|68662-113832
/home/jb/open_problems/medical/dysbiosis/fastq_analysis/qc/CXD568_trim_1.fastq.gz	imgvr_reps.fna	0.0082	0.0052	100.00	0.588	98.50-102.11	0.588	0.30-1.23	2	3.405	37/72	97.88	0	IMGVR_UViG_3300029559_000259|3300029559|Ga0244915_101513
/home/jb/open_problems/medical/dysbiosis/fastq_analysis/qc/CXD568_trim_1.fastq.gz	imgvr_reps.fna	0.0081	0.0054	100.00	0.581	100.12-103.33	0.581	0.29-1.04	1	1.630	54/75	98.95	0	IMGVR_UViG_3300029035_000016|3300029035|Ga0169586_100846
/home/jb/open_problems/medical/dysbiosis/fastq_analysis/qc/CXD568_trim_1.fastq.gz	imgvr_reps.fna	0.0080	0.0200	95.31	0.571	93.38-96.92	0.571	0.33-1.20	2	2.552	29/295	92.79	46	IMGVR_UViG_2936984999_000007|2936984999|2936985185|26013-91442
/home/jb/open_problems/medical/dysbiosis/fastq_analysis/qc/CXD568_trim_1.fastq.gz	imgvr_reps.fna	0.0080	0.0126	96.90	0.571	95.16-99.16	0.571	0.24-1.14	1	1.452	31/189	94.34	0	IMGVR_UViG_7000000069_000285|7000000069|SRS016095_WUGC_scaffold_37159
/home/jb/open_problems/medical/dysbiosis/fastq_analysis/qc/CXD568_trim_1.fastq.gz	imgvr_reps.fna	0.0080	0.0564	95.24	0.571	94.13-96.89	0.571	0.30-0.88	1	2.446	74/771	92.72	123	IMGVR_UViG_3300023495_000139|3300023495|Ga0257060_10059
/home/jb/open_problems/medical/dysbiosis/fastq_analysis/qc/CXD568_trim_1.fastq.gz	imgvr_reps.fna	0.0080	0.0145	96.87	0.571	94.90-98.41	0.571	0.33-1.23	2	2.909	33/198	94.38	62	IMGVR_UViG_3300045988_181378|3300045988|Ga0495776_030061
/home/jb/open_problems/medical/dysbiosis/fastq_analysis/qc/CXD568_trim_1.fastq.gz	imgvr_reps.fna	0.0080	0.0061	99.03	0.571	96.92-100.43	0.571	0.32-1.40	2	2.071	28/87	96.41	0	IMGVR_UViG_3300029370_000125|3300029370|Ga0243957_101144
/home/jb/open_problems/medical/dysbiosis/fastq_analysis/qc/CXD568_trim_1.fastq.gz	imgvr_reps.fna	0.0080	0.0041	100.00	0.571	98.71-102.21	0.571	0.24-1.11	1	1.567	30/62	97.69	0	IMGVR_UViG_3300029329_000113|3300029329|Ga0242807_102624
/home/jb/open_problems/medical/dysbiosis/fastq_analysis/qc/CXD568_trim_1.fastq.gz	imgvr_reps.fna	0.0078	0.0155	96.72	0.562	94.18-97.98	0.562	0.38-1.83	2	2.086	35/229	94.12	25	IMGVR_UViG_3300045988_114501|3300045988|Ga0495776_176953
/home/jb/open_problems/medical/dysbiosis/fastq_analysis/qc/CXD568_trim_1.fastq.gz	imgvr_reps.fna	0.0078	0.0224	95.61	0.562	93.14-96.20	0.562	0.47-1.85	2	2.211	38/355	93.05	0	IMGVR_UViG_3300009647_000160|3300009647|Ga0123326_1000119
/home/jb/open_problems/medical/dysbiosis/fastq_analysis/qc/CXD568_trim_1.fastq.gz	imgvr_reps.fna	0.0077	0.0121	98.52	0.552	97.07-100.62	0.552	0.24-0.93	2	1.587	63/178	96.71	23	IMGVR_UViG_3300029710_000104|3300029710|Ga0245233_100803
/home/jb/open_problems/medical/dysbiosis/fastq_analysis/qc/CXD568_trim_1.fastq.gz	imgvr_reps.fna	0.0076	0.0169	96.06	0.545	94.41-97.96	0.545	0.27-0.95	1	2.091	33/273	93.41	25	IMGVR_UViG_3300029934_000070|3300029934|Ga0169760_100235
/home/jb/open_problems/medical/dysbiosis/fastq_analysis/qc/CXD568_trim_1.fastq.gz	imgvr_reps.fna	0.0076	0.0120	97.14	0.545	95.14-99.12	0.545	0.27-1.07	1	1.387	31/181	94.47	28	IMGVR_UViG_3300008479_000015|3300008479|Ga0114883_1000633
/home/jb/open_problems/medical/dysbiosis/fastq_analysis/qc/CXD568_trim_1.fastq.gz	imgvr_reps.fna	0.0076	0.0139	96.67	0.545	94.96-98.57	0.545	0.24-1.12	1	1.484	31/211	94.00	0	IMGVR_UViG_3300045988_131913|3300045988|Ga0495776_165357
/home/jb/open_problems/medical/dysbiosis/fastq_analysis/qc/CXD568_trim_1.fastq.gz	imgvr_reps.fna	0.0074	0.0345	96.17	0.533	94.76-97.67	0.533	0.27-0.87	1	1.453	64/519	93.47	110	IMGVR_UViG_3300045988_143344|3300045988|Ga0495776_140589
/home/jb/open_problems/medical/dysbiosis/fastq_analysis/qc/CXD568_trim_1.fastq.gz	imgvr_reps.fna	0.0073	0.0062	99.84	0.522	98.07-101.62	0.522	0.26-0.95	1	1.583	36/93	96.98	0	IMGVR_UViG_3300045988_034996|3300045988|Ga0495776_022941
/home/jb/open_problems/medical/dysbiosis/fastq_analysis/qc/CXD568_trim_1.fastq.gz	imgvr_reps.fna	0.0072	0.0146	97.24	0.519	95.37-98.99	0.519	0.25-0.96	1	1.257	35/206	94.44	0	IMGVR_UViG_3300029005_000090|3300029005|Ga0169643_100004|290132-342972
/home/jb/open_problems/medical/dysbiosis/fastq_analysis/qc/CXD568_trim_1.fastq.gz	imgvr_reps.fna	0.0072	0.0135	100.00	0.517	97.80-101.72	0.517	0.28-1.60	2	4.333	90/211	97.29	4	IMGVR_UViG_3300045988_167608|3300045988|Ga0495776_178453
/home/jb/open_problems/medical/dysbiosis/fastq_analysis/qc/CXD568_trim_1.fastq.gz	imgvr_reps.fna	0.0070	0.0034	100.00	0.500	99.06-103.00	0.500	0.21-0.89	1	1.312	32/66	97.69	0	IMGVR_UViG_3300011558_000004|3300011558|Ga0121732_100210
/home/jb/open_problems/medical/dysbiosis/fastq_analysis/qc/CXD568_trim_1.fastq.gz	imgvr_reps.fna	0.0070	0.0052	100.00	0.500	98.85-102.24	0.500	0.30-1.08	1	2.053	38/72	97.96	0	IMGVR_UViG_3300029331_000160|3300029331|Ga0243780_101427
/home/jb/open_problems/medical/dysbiosis/fastq_analysis/qc/CXD568_trim_1.fastq.gz	imgvr_reps.fna	0.0070	0.0122	98.15	0.500	96.49-100.29	0.500	0.19-0.88	1	1.268	41/186	95.24	15	IMGVR_UViG_3300000284_000004|3300000284|EM242_1000186
/home/jb/open_problems/medical/dysbiosis/fastq_analysis/qc/CXD568_trim_1.fastq.gz	imgvr_reps.fna	0.0070	0.0049	99.76	0.500	97.96-101.62	0.500	0.23-0.93	1	1.357	28/75	96.87	0	IMGVR_UViG_3300029430_000202|3300029430|Ga0243922_102177
/home/jb/open_problems/medical/dysbiosis/fastq_analysis/qc/CXD568_trim_1.fastq.gz	imgvr_reps.fna	0.0070	0.0125	96.91	0.500	94.89-98.96	0.500	0.23-1.00	1	1.312	32/215	94.04	3	IMGVR_UViG_3300029385_000197|3300029385|Ga0243985_1000655
/home/jb/open_problems/medical/dysbiosis/fastq_analysis/qc/CXD568_trim_1.fastq.gz	imgvr_reps.fna	0.0070	0.0136	97.24	0.500	95.24-98.97	0.500	0.27-1.11	1	2.289	38/225	94.42	26	IMGVR_UViG_3300029558_000211|3300029558|Ga0245036_100111|76003-126807
/home/jb/open_problems/medical/dysbiosis/fastq_analysis/qc/CXD568_trim_1.fastq.gz	imgvr_reps.fna	0.0070	0.0117	96.82	0.500	NA-NA	0.500	NA-NA	1	1.308	26/180	93.95	35	IMGVR_UViG_3300029587_000468|3300029587|Ga0245119_100359|6824-50496
/home/jb/open_problems/medical/dysbiosis/fastq_analysis/qc/CXD568_trim_1.fastq.gz	imgvr_reps.fna	0.0070	0.0056	99.07	0.500	NA-NA	0.500	NA-NA	1	1.200	25/85	96.13	0	IMGVR_UViG_3300029256_000134|3300029256|Ga0168827_101540
/home/jb/open_problems/medical/dysbiosis/fastq_analysis/qc/CXD568_trim_1.fastq.gz	imgvr_reps.fna	0.0070	0.0123	96.34	0.500	94.64-98.44	0.500	0.26-0.92	1	1.852	27/218	93.48	49	IMGVR_UViG_3300029686_000248|3300029686|Ga0245204_100059|57-45974
/home/jb/open_problems/medical/dysbiosis/fastq_analysis/qc/CXD568_trim_1.fastq.gz	imgvr_reps.fna	0.0070	0.0065	98.19	0.500	NA-NA	0.500	NA-NA	1	1.200	25/112	95.28	13	IMGVR_UViG_3300045988_049591|3300045988|Ga0495776_069534
/home/jb/open_problems/medical/dysbiosis/fastq_analysis/qc/CXD568_trim_1.fastq.gz	imgvr_reps.fna	0.0068	0.0308	98.99	0.491	98.04-100.15	0.491	0.32-0.66	1	1.336	140/494	96.01	0	IMGVR_UViG_3300045988_122405|3300045988|Ga0495776_007788
/home/jb/open_problems/medical/dysbiosis/fastq_analysis/qc/CXD568_trim_1.fastq.gz	imgvr_reps.fna	0.0067	0.0105	97.37	0.480	95.21-99.73	0.480	0.19-1.00	1	1.194	31/186	94.38	0	IMGVR_UViG_3300045988_171830|3300045988|Ga0495776_025203
/home/jb/open_problems/medical/dysbiosis/fastq_analysis/qc/CXD568_trim_1.fastq.gz	imgvr_reps.fna	0.0067	0.0109	97.47	0.480	95.68-99.68	0.480	0.22-0.91	1	1.194	31/180	94.48	16	IMGVR_UViG_3300045988_172109|3300045988|Ga0495776_112632
/home/jb/open_problems/medical/dysbiosis/fastq_analysis/qc/CXD568_trim_1.fastq.gz	imgvr_reps.fna	0.0067	0.0107	99.18	0.480	96.22-100.57	0.480	0.28-1.91	2	1.782	55/186	96.15	3	IMGVR_UViG_3300045988_089414|3300045988|Ga0495776_071165
/home/jb/open_problems/medical/dysbiosis/fastq_analysis/qc/CXD568_trim_1.fastq.gz	imgvr_reps.fna	0.0066	0.0127	97.76	0.476	96.03-99.58	0.476	0.21-1.00	2	2.378	45/231	94.86	7	IMGVR_UViG_3300029581_000228|3300029581|Ga0244848_1000242|3-49980
/home/jb/open_problems/medical/dysbiosis/fastq_analysis/qc/CXD568_trim_1.fastq.gz	imgvr_reps.fna	0.0066	0.0326	96.42	0.476	95.15-97.90	0.476	0.25-0.76	1	1.657	67/548	93.45	0	IMGVR_UViG_3300045988_131771|3300045988|Ga0495776_174156
/home/jb/open_problems/medical/dysbiosis/fastq_analysis/qc/CXD568_trim_1.fastq.gz	imgvr_reps.fna	0.0066	0.0097	98.40	0.476	96.46-100.12	0.476	0.25-1.00	1	1.707	41/155	95.80	25	IMGVR_UViG_3300045988_159329|3300045988|Ga0495776_125957
/home/jb/open_problems/medical/dysbiosis/fastq_analysis/qc/CXD568_trim_1.fastq.gz	imgvr_reps.fna	0.0066	0.0062	100.00	0.474	97.78-101.23	0.474	0.39-1.82	2	2.255	47/100	97.59	0	IMGVR_UViG_3300045988_023630|3300045988|Ga0495776_070241
/home/jb/open_problems/medical/dysbiosis/fastq_analysis/qc/CXD568_trim_1.fastq.gz	imgvr_reps.fna	0.0066	0.0046	99.14	0.471	NA-NA	0.471	NA-NA	1	1.480	25/87	96.06	2	IMGVR_UViG_3300029378_000036|3300029378|Ga0243978_1001343
/home/jb/open_problems/medical/dysbiosis/fastq_analysis/qc/CXD568_trim_1.fastq.gz	imgvr_reps.fna	0.0066	0.0081	99.76	0.471	98.00-101.82	0.471	0.24-0.92	1	1.588	51/139	96.82	0	IMGVR_UViG_3300029785_000015|3300029785|Ga0243763_1001096
/home/jb/open_problems/medical/dysbiosis/fastq_analysis/qc/CXD568_trim_1.fastq.gz	imgvr_reps.fna	0.0065	0.0231	96.42	0.467	94.93-98.31	0.467	0.21-0.80	1	1.600	45/374	93.40	18	IMGVR_UViG_3300045988_157680|3300045988|Ga0495776_027297
/home/jb/open_problems/medical/dysbiosis/fastq_analysis/qc/CXD568_trim_1.fastq.gz	imgvr_reps.fna	0.0065	0.0073	99.47	0.467	97.80-101.66	0.467	0.19-0.89	1	1.405	42/133	96.35	0	IMGVR_UViG_3300029715_000491|3300029715|Ga0245215_1000547|91-29306
/home/jb/open_problems/medical/dysbiosis/fastq_analysis/qc/CXD568_trim_1.fastq.gz	imgvr_reps.fna	0.0064	0.0048	100.00	0.462	99.14-102.44	0.462	0.24-0.81	1	1.810	42/89	97.61	0	IMGVR_UViG_3300008272_000039|3300008272|Ga0111092_1001560
/home/jb/open_problems/medical/dysbiosis/fastq_analysis/qc/CXD568_trim_1.fastq.gz	imgvr_reps.fna	0.0064	0.0101	96.96	0.462	NA-NA	0.462	NA-NA	2	3.308	26/183	93.90	52	IMGVR_UViG_3300029731_000135|3300029731|Ga0245178_100759
/home/jb/open_problems/medical/dysbiosis/fastq_analysis/qc/CXD568_trim_1.fastq.gz	imgvr_reps.fna	0.0064	0.0176	97.73	0.457	96.14-100.14	0.457	0.20-0.79	1	2.111	63/309	95.00	26	IMGVR_UViG_3300014782_000143|3300014782|Ga0134389_1000019|20764-92844
/home/jb/open_problems/medical/dysbiosis/fastq_analysis/qc/CXD568_trim_1.fastq.gz	imgvr_reps.fna	0.0064	0.0168	97.89	0.457	96.10-100.43	0.457	0.17-0.83	1	1.982	57/292	94.87	22	IMGVR_UViG_2876118799_000002|2876118799|2876118864|106708-175461
/home/jb/open_problems/medical/dysbiosis/fastq_analysis/qc/CXD568_trim_1.fastq.gz	imgvr_reps.fna	0.0063	0.0067	98.27	0.455	96.76-99.91	0.455	0.22-0.83	1	1.185	27/127	95.13	0	IMGVR_UViG_3300045988_087457|3300045988|Ga0495776_048663
/home/jb/open_problems/medical/dysbiosis/fastq_analysis/qc/CXD568_trim_1.fastq.gz	imgvr_reps.fna	0.0063	0.0056	99.16	0.455	96.96-101.12	0.455	0.23-0.95	1	1.310	29/103	95.99	0	IMGVR_UViG_3300006476_000148|3300006476|Ga0100233_100796
/home/jb/open_problems/medical/dysbiosis/fastq_analysis/qc/CXD568_trim_1.fastq.gz	imgvr_reps.fna	0.0063	0.0032	100.00	0.450	98.96-102.46	0.450	0.39-1.89	2	1.674	43/64	98.73	0	IMGVR_UViG_3300029357_000138|3300029357|Ga0243847_102672
/home/jb/open_problems/medical/dysbiosis/fastq_analysis/qc/CXD568_trim_1.fastq.gz	imgvr_reps.fna	0.0062	0.0061	99.34	0.444	97.33-101.75	0.444	0.19-0.92	1	1.182	33/113	96.11	0	IMGVR_UViG_3300029643_000114|3300029643|Ga0245225_100347|8651-34164
/home/jb/open_problems/medical/dysbiosis/fastq_analysis/qc/CXD568_trim_1.fastq.gz	imgvr_reps.fna	0.0062	0.0041	100.00	0.444	98.86-101.56	0.444	0.25-0.71	1	1.538	26/64	97.14	3	IMGVR_UViG_3300029852_000046|3300029852|Ga0245291_101889
/home/jb/open_problems/medical/dysbiosis/fastq_analysis/qc/CXD568_trim_1.fastq.gz	imgvr_reps.fna	0.0062	0.0119	96.54	0.444	94.79-98.32	0.444	0.28-0.93	1	1.556	27/224	93.40	5	IMGVR_UViG_3300008360_000201|3300008360|Ga0114875_1000507
/home/jb/open_problems/medical/dysbiosis/fastq_analysis/qc/CXD568_trim_1.fastq.gz	imgvr_reps.fna	0.0060	0.0136	98.90	0.432	97.23-100.68	0.432	0.17-0.73	1	2.456	68/258	95.79	80	IMGVR_UViG_3300029373_000396|3300029373|Ga0243914_100411|2-58841
/home/jb/open_problems/medical/dysbiosis/fastq_analysis/qc/CXD568_trim_1.fastq.gz	imgvr_reps.fna	0.0060	0.0122	99.49	0.431	97.97-101.32	0.431	0.19-0.69	1	1.318	66/221	96.18	0	IMGVR_UViG_3300029700_000009|3300029700|Ga0245207_100557
/home/jb/open_problems/medical/dysbiosis/fastq_analysis/qc/CXD568_trim_1.fastq.gz	imgvr_reps.fna	0.0060	0.0088	99.78	0.429	98.08-101.99	0.429	0.20-0.74	1	1.357	56/172	96.44	0	IMGVR_UViG_7000000158_000101|7000000158|SRS014979_WUGC_scaffold_34215
/home/jb/open_problems/medical/dysbiosis/fastq_analysis/qc/CXD568_trim_1.fastq.gz	imgvr_reps.fna	0.0060	0.0034	100.00	0.429	NA-NA	0.429	NA-NA	1	2.259	27/71	96.93	0	IMGVR_UViG_3300029853_000298|3300029853|Ga0245292_100331|60956-75892
/home/jb/open_problems/medical/dysbiosis/fastq_analysis/qc/CXD568_trim_1.fastq.gz	imgvr_reps.fna	0.0059	0.0077	97.77	0.421	NA-NA	0.421	NA-NA	1	1.385	26/152	94.46	17	IMGVR_UViG_3300030320_000092|3300030320|Ga0244994_101256
/home/jb/open_problems/medical/dysbiosis/fastq_analysis/qc/CXD568_trim_1.fastq.gz	imgvr_reps.fna	0.0059	0.0027	100.00	0.421	NA-NA	0.421	NA-NA	1	1.440	25/53	97.61	0	IMGVR_UViG_3300008722_000077|3300008722|Ga0113880_1002014
/home/jb/open_problems/medical/dysbiosis/fastq_analysis/qc/CXD568_trim_1.fastq.gz	imgvr_reps.fna	0.0058	0.0055	100.00	0.419	99.97-103.47	0.419	0.20-0.78	1	1.273	55/104	97.97	0	IMGVR_UViG_3300045988_031910|3300045988|Ga0495776_070446
/home/jb/open_problems/medical/dysbiosis/fastq_analysis/qc/CXD568_trim_1.fastq.gz	imgvr_reps.fna	0.0058	0.0043	100.00	0.417	97.66-101.71	0.417	0.23-1.00	1	1.233	30/86	96.66	0	IMGVR_UViG_2667527889_000009|2667527889|2667582164|26155-45604
/home/jb/open_problems/medical/dysbiosis/fastq_analysis/qc/CXD568_trim_1.fastq.gz	imgvr_reps.fna	0.0058	0.0142	96.84	0.417	95.04-98.72	0.417	0.21-0.84	1	1.514	35/264	93.69	0	IMGVR_UViG_3300029491_000146|3300029491|Ga0244091_100253
/home/jb/open_problems/medical/dysbiosis/fastq_analysis/qc/CXD568_trim_1.fastq.gz	imgvr_reps.fna	0.0058	0.0045	100.00	0.417	98.88-102.33	0.417	0.22-0.80	1	1.737	38/86	97.40	0	IMGVR_UViG_3300029880_000179|3300029880|Ga0245255_101194
/home/jb/open_problems/medical/dysbiosis/fastq_analysis/qc/CXD568_trim_1.fastq.gz	imgvr_reps.fna	0.0058	0.0042	100.00	0.414	99.94-103.52	0.414	0.19-0.70	1	1.425	40/78	97.87	0	IMGVR_UViG_3300011904_000004|3300011904|Ga0121683_100445
/home/jb/open_problems/medical/dysbiosis/fastq_analysis/qc/CXD568_trim_1.fastq.gz	imgvr_reps.fna	0.0058	0.0099	98.25	0.414	96.51-100.11	0.414	0.21-0.67	1	1.463	41/205	94.94	0	IMGVR_UViG_2909448145_000014|2909448145|2909448165|124-45018
/home/jb/open_problems/medical/dysbiosis/fastq_analysis/qc/CXD568_trim_1.fastq.gz	imgvr_reps.fna	0.0057	0.0041	100.00	0.412	100.27-104.23	0.412	0.16-0.76	1	1.468	47/78	98.38	0	IMGVR_UViG_3300029432_000147|3300029432|Ga0243805_101944
/home/jb/open_problems/medical/dysbiosis/fastq_analysis/qc/CXD568_trim_1.fastq.gz	imgvr_reps.fna	0.0057	0.0068	99.78	0.412	97.72-102.18	0.412	0.17-0.70	1	1.171	41/130	96.35	5	IMGVR_UViG_3300045988_061125|3300045988|Ga0495776_074509
/home/jb/open_problems/medical/dysbiosis/fastq_analysis/qc/CXD568_trim_1.fastq.gz	imgvr_reps.fna	0.0056	0.0088	98.97	0.400	96.97-101.12	0.400	0.17-0.76	1	1.273	44/184	95.49	0	IMGVR_UViG_3300045988_178848|3300045988|Ga0495776_179321
/home/jb/open_problems/medical/dysbiosis/fastq_analysis/qc/CXD568_trim_1.fastq.gz	imgvr_reps.fna	0.0056	0.0147	95.87	0.400	NA-NA	0.400	NA-NA	1	1.240	25/280	92.50	6	IMGVR_UViG_3300029686_000214|3300029686|Ga0245204_100062|3-68832
/home/jb/open_problems/medical/dysbiosis/fastq_analysis/qc/CXD568_trim_1.fastq.gz	imgvr_reps.fna	0.0056	0.0027	100.00	0.400	NA-NA	0.400	NA-NA	1	1.308	26/53	97.73	0	IMGVR_UViG_3300008383_000041|3300008383|Ga0114870_101138
/home/jb/open_problems/medical/dysbiosis/fastq_analysis/qc/CXD568_trim_1.fastq.gz	imgvr_reps.fna	0.0056	0.0150	99.45	0.400	97.75-101.90	0.400	0.15-0.76	2	3.598	82/295	95.95	4	IMGVR_UViG_3300007184_000185|3300007184|Ga0103258_100154
/home/jb/open_problems/medical/dysbiosis/fastq_analysis/qc/CXD568_trim_1.fastq.gz	imgvr_reps.fna	0.0056	0.0145	98.95	0.400	97.66-100.92	0.400	0.18-0.60	1	1.254	63/265	95.47	0	IMGVR_UViG_3300045988_015794|3300045988|Ga0495776_072882
/home/jb/open_problems/medical/dysbiosis/fastq_analysis/qc/CXD568_trim_1.fastq.gz	imgvr_reps.fna	0.0056	0.0078	100.00	0.400	98.20-102.38	0.400	0.18-0.84	1	2.979	48/137	96.67	0	IMGVR_UViG_3300023543_000123|3300023543|Ga0257048_100690
/home/jb/open_problems/medical/dysbiosis/fastq_analysis/qc/CXD568_trim_1.fastq.gz	imgvr_reps.fna	0.0055	0.0066	100.00	0.392	99.96-103.53	0.392	0.20-0.64	1	1.238	63/123	97.86	0	IMGVR_UViG_3300045988_120481|3300045988|Ga0495776_033634
/home/jb/open_problems/medical/dysbiosis/fastq_analysis/qc/CXD568_trim_1.fastq.gz	imgvr_reps.fna	0.0054	0.0075	98.46	0.385	96.51-100.39	0.385	0.19-0.75	1	1.161	31/157	94.90	0	IMGVR_UViG_3300029729_000249|3300029729|Ga0245191_100504|2-36486
/home/jb/open_problems/medical/dysbiosis/fastq_analysis/qc/CXD568_trim_1.fastq.gz	imgvr_reps.fna	0.0054	0.0043	100.00	0.385	98.94-102.62	0.385	0.20-0.74	1	1.762	42/98	97.30	0	IMGVR_UViG_3300029391_000027|3300029391|Ga0243992_101641
/home/jb/open_problems/medical/dysbiosis/fastq_analysis/qc/CXD568_trim_1.fastq.gz	imgvr_reps.fna	0.0053	0.0059	99.14	0.381	97.05-100.61	0.381	0.23-0.82	1	2.235	34/131	95.74	0	IMGVR_UViG_3300039378_000191|3300039378|Ga0169856_000329
/home/jb/open_problems/medical/dysbiosis/fastq_analysis/qc/CXD568_trim_1.fastq.gz	imgvr_reps.fna	0.0053	0.0049	100.00	0.378	99.12-103.27	0.378	0.19-0.73	1	1.239	46/106	97.34	0	IMGVR_UViG_3300045988_178238|3300045988|Ga0495776_070110
/home/jb/open_problems/medical/dysbiosis/fastq_analysis/qc/CXD568_trim_1.fastq.gz	imgvr_reps.fna	0.0052	0.0178	95.41	0.375	NA-NA	0.375	NA-NA	1	2.222	27/371	91.89	83	IMGVR_UViG_3300014538_000105|3300014538|Ga0134452_100047|85115-174037
/home/jb/open_problems/medical/dysbiosis/fastq_analysis/qc/CXD568_trim_1.fastq.gz	imgvr_reps.fna	0.0052	0.0088	99.64	0.375	97.63-101.45	0.375	0.18-0.72	2	1.264	72/188	96.95	0	IMGVR_UViG_3300045988_084136|3300045988|Ga0495776_165976
/home/jb/open_problems/medical/dysbiosis/fastq_analysis/qc/CXD568_trim_1.fastq.gz	imgvr_reps.fna	0.0052	0.0044	100.00	0.370	98.68-102.38	0.370	0.21-0.78	1	1.265	34/90	96.91	0	IMGVR_UViG_3300045988_169053|3300045988|Ga0495776_106431
/home/jb/open_problems/medical/dysbiosis/fastq_analysis/qc/CXD568_trim_1.fastq.gz	imgvr_reps.fna	0.0051	0.0073	98.61	0.364	96.24-99.93	0.364	0.22-0.80	1	1.484	31/157	94.90	1	IMGVR_UViG_3300045988_065833|3300045988|Ga0495776_044979
/home/jb/open_problems/medical/dysbiosis/fastq_analysis/qc/CXD568_trim_1.fastq.gz	imgvr_reps.fna	0.0050	0.0072	100.00	0.359	98.57-102.29	0.359	0.16-0.71	1	1.558	52/159	96.46	23	IMGVR_UViG_3300007802_000318|3300007802|Ga0105667_100410|10576-48124
/home/jb/open_problems/medical/dysbiosis/fastq_analysis/qc/CXD568_trim_1.fastq.gz	imgvr_reps.fna	0.0050	0.0110	99.24	0.359	97.20-101.48	0.359	0.16-0.74	1	1.922	64/259	95.59	0	IMGVR_UViG_3300029480_000053|3300029480|Ga0244079_100465
/home/jb/open_problems/medical/dysbiosis/fastq_analysis/qc/CXD568_trim_1.fastq.gz	imgvr_reps.fna	0.0050	0.0093	99.03	0.357	97.07-100.84	0.357	0.18-0.71	1	2.095	42/189	95.26	0	IMGVR_UViG_3300045988_071800|3300045988|Ga0495776_165929
/home/jb/open_problems/medical/dysbiosis/fastq_analysis/qc/CXD568_trim_1.fastq.gz	imgvr_reps.fna	0.0049	0.0062	98.68	0.353	NA-NA	0.353	NA-NA	1	1.808	26/132	94.89	17	IMGVR_UViG_3300045988_106921|3300045988|Ga0495776_004813
/home/jb/open_problems/medical/dysbiosis/fastq_analysis/qc/CXD568_trim_1.fastq.gz	imgvr_reps.fna	0.0049	0.0045	99.87	0.353	96.78-100.55	0.353	0.32-0.92	1	3.250	32/112	96.04	10	IMGVR_UViG_3300045988_140026|3300045988|Ga0495776_108904
/home/jb/open_problems/medical/dysbiosis/fastq_analysis/qc/CXD568_trim_1.fastq.gz	imgvr_reps.fna	0.0049	0.0076	98.38	0.348	95.65-100.06	0.348	0.21-0.84	1	1.562	32/167	94.81	4	IMGVR_UViG_3300029232_000083|3300029232|Ga0168710_100451
/home/jb/open_problems/medical/dysbiosis/fastq_analysis/qc/CXD568_trim_1.fastq.gz	imgvr_reps.fna	0.0047	0.0177	96.19	0.333	94.19-98.04	0.333	0.18-0.69	1	1.194	36/423	92.36	0	IMGVR_UViG_3300045988_180811|3300045988|Ga0495776_056884
/home/jb/open_problems/medical/dysbiosis/fastq_analysis/qc/CXD568_trim_1.fastq.gz	imgvr_reps.fna	0.0047	0.0053	99.46	0.333	97.40-100.78	0.333	0.23-0.64	1	1.207	29/121	95.50	0	IMGVR_UViG_3300045988_061775|3300045988|Ga0495776_035601
/home/jb/open_problems/medical/dysbiosis/fastq_analysis/qc/CXD568_trim_1.fastq.gz	imgvr_reps.fna	0.0047	0.0069	98.62	0.333	96.66-100.32	0.333	0.20-0.67	1	1.355	31/168	94.69	0	IMGVR_UViG_2831418171_000005|2831418171|2831418171|3279070-3317725
/home/jb/open_problems/medical/dysbiosis/fastq_analysis/qc/CXD568_trim_1.fastq.gz	imgvr_reps.fna	0.0047	0.0075	100.00	0.333	99.12-103.25	0.333	0.12-0.51	1	1.200	65/187	96.65	0	IMGVR_UViG_2920374471_000007|2920374471|2920374573|98927-140885
/home/jb/open_problems/medical/dysbiosis/fastq_analysis/qc/CXD568_trim_1.fastq.gz	imgvr_reps.fna	0.0047	0.0034	100.00	0.333	98.17-101.68	0.333	0.21-0.74	1	1.143	28/84	96.52	0	IMGVR_UViG_3300029552_000169|3300029552|Ga0245113_100963
/home/jb/open_problems/medical/dysbiosis/fastq_analysis/qc/CXD568_trim_1.fastq.gz	imgvr_reps.fna	0.0045	0.0048	100.00	0.320	98.11-102.05	0.320	0.19-0.61	1	1.258	31/106	96.11	0	IMGVR_UViG_3300045988_127256|3300045988|Ga0495776_180781
/home/jb/open_problems/medical/dysbiosis/fastq_analysis/qc/CXD568_trim_1.fastq.gz	imgvr_reps.fna	0.0045	0.0049	100.00	0.320	98.37-102.29	0.320	0.21-0.67	1	1.979	47/116	97.13	0	IMGVR_UViG_3300029611_000133|3300029611|Ga0245149_101009
/home/jb/open_problems/medical/dysbiosis/fastq_analysis/qc/CXD568_trim_1.fastq.gz	imgvr_reps.fna	0.0044	0.0108	99.48	0.318	97.63-101.58	0.318	0.15-0.55	1	1.985	65/280	95.40	0	IMGVR_UViG_3300029612_000405|3300029612|Ga0245127_100279|23793-87366
/home/jb/open_problems/medical/dysbiosis/fastq_analysis/qc/CXD568_trim_1.fastq.gz	imgvr_reps.fna	0.0044	0.0069	99.03	0.316	96.36-100.16	0.316	0.25-0.83	1	3.257	35/171	95.01	0	IMGVR_UViG_3300006747_000164|3300006747|Ga0101801_100457
/home/jb/open_problems/medical/dysbiosis/fastq_analysis/qc/CXD568_trim_1.fastq.gz	imgvr_reps.fna	0.0044	0.0045	100.00	0.312	99.62-103.29	0.312	0.18-0.62	1	1.923	52/112	97.56	0	IMGVR_UViG_3300029690_000164|3300029690|Ga0245210_101033
/home/jb/open_problems/medical/dysbiosis/fastq_analysis/qc/CXD568_trim_1.fastq.gz	imgvr_reps.fna	0.0043	0.0058	99.51	0.308	96.85-100.84	0.308	0.20-0.62	1	1.133	30/132	95.33	4	IMGVR_UViG_3300045988_028677|3300045988|Ga0495776_178173
/home/jb/open_problems/medical/dysbiosis/fastq_analysis/qc/CXD568_trim_1.fastq.gz	imgvr_reps.fna	0.0043	0.0043	99.61	0.308	97.02-101.13	0.308	0.19-0.59	1	1.194	31/132	95.43	0	IMGVR_UViG_3300045988_152818|3300045988|Ga0495776_046150
/home/jb/open_problems/medical/dysbiosis/fastq_analysis/qc/CXD568_trim_1.fastq.gz	imgvr_reps.fna	0.0043	0.0097	100.00	0.305	98.67-102.29	0.305	0.15-0.47	1	1.159	69/254	95.88	0	IMGVR_UViG_3300029573_000008|3300029573|Ga0245101_100419
/home/jb/open_problems/medical/dysbiosis/fastq_analysis/qc/CXD568_trim_1.fastq.gz	imgvr_reps.fna	0.0042	0.0065	98.45	0.300	95.62-99.46	0.300	0.22-0.62	1	2.000	31/194	94.26	0	IMGVR_UViG_2847478354_000001|2847478354|2847478354|849095-889765
/home/jb/open_problems/medical/dysbiosis/fastq_analysis/qc/CXD568_trim_1.fastq.gz	imgvr_reps.fna	0.0042	0.0043	99.14	0.300	NA-NA	0.300	NA-NA	1	1.429	28/129	95.19	0	IMGVR_UViG_3300029465_000087|3300029465|Ga0244121_100768
/home/jb/open_problems/medical/dysbiosis/fastq_analysis/qc/CXD568_trim_1.fastq.gz	imgvr_reps.fna	0.0042	0.0060	100.00	0.298	99.05-103.09	0.298	0.14-0.54	1	1.164	55/159	96.63	0	IMGVR_UViG_3300029521_000147|3300029521|Ga0244833_100726
/home/jb/open_problems/medical/dysbiosis/fastq_analysis/qc/CXD568_trim_1.fastq.gz	imgvr_reps.fna	0.0041	0.0026	100.00	0.296	98.65-103.00	0.296	0.19-0.64	1	1.188	32/82	97.01	0	IMGVR_UViG_3300029607_000032|3300029607|Ga0244907_101698
/home/jb/open_problems/medical/dysbiosis/fastq_analysis/qc/CXD568_trim_1.fastq.gz	imgvr_reps.fna	0.0041	0.0038	100.00	0.296	97.94-101.64	0.296	0.19-0.65	1	1.129	31/110	96.00	10	IMGVR_UViG_3300008268_000405|3300008268|Ga0111491_1001310
/home/jb/open_problems/medical/dysbiosis/fastq_analysis/qc/CXD568_trim_1.fastq.gz	imgvr_reps.fna	0.0041	0.0106	97.80	0.294	95.83-99.89	0.294	0.15-0.53	1	1.128	39/305	93.58	0	IMGVR_UViG_3300029694_000103|3300029694|Ga0245247_100354
/home/jb/open_problems/medical/dysbiosis/fastq_analysis/qc/CXD568_trim_1.fastq.gz	imgvr_reps.fna	0.0040	0.0099	96.65	0.286	NA-NA	0.286	NA-NA	1	1.200	25/289	92.41	0	IMGVR_UViG_650377989_000001|650377989|650378050|216953-281644
/home/jb/open_problems/medical/dysbiosis/fastq_analysis/qc/CXD568_trim_1.fastq.gz	imgvr_reps.fna	0.0040	0.0054	99.66	0.286	97.13-100.63	0.286	0.22-0.67	1	1.735	34/152	95.28	33	IMGVR_UViG_3300045988_179580|3300045988|Ga0495776_103474
/home/jb/open_problems/medical/dysbiosis/fastq_analysis/qc/CXD568_trim_1.fastq.gz	imgvr_reps.fna	0.0040	0.0048	99.86	0.286	97.68-101.16	0.286	0.19-0.59	1	1.235	34/143	95.47	0	IMGVR_UViG_3300029668_000054|3300029668|Ga0245235_100729
/home/jb/open_problems/medical/dysbiosis/fastq_analysis/qc/CXD568_trim_1.fastq.gz	imgvr_reps.fna	0.0040	0.0026	100.00	0.286	NA-NA	0.286	NA-NA	1	1.200	25/81	96.28	0	IMGVR_UViG_3300045988_042975|3300045988|Ga0495776_036636
/home/jb/open_problems/medical/dysbiosis/fastq_analysis/qc/CXD568_trim_1.fastq.gz	imgvr_reps.fna	0.0038	0.0029	100.00	0.273	98.39-101.78	0.273	0.22-0.60	1	1.393	28/87	96.41	0	IMGVR_UViG_3300029115_000024|3300029115|Ga0168848_101191
/home/jb/open_problems/medical/dysbiosis/fastq_analysis/qc/CXD568_trim_1.fastq.gz	imgvr_reps.fna	0.0038	0.0107	98.62	0.270	96.11-100.52	0.270	0.15-0.50	1	1.447	47/305	94.15	0	IMGVR_UViG_3300045988_118928|3300045988|Ga0495776_080619
/home/jb/open_problems/medical/dysbiosis/fastq_analysis/qc/CXD568_trim_1.fastq.gz	imgvr_reps.fna	0.0037	0.0039	100.00	0.267	98.61-102.43	0.267	0.18-0.53	1	1.270	37/110	96.55	0	IMGVR_UViG_3300045988_148771|3300045988|Ga0495776_131239
/home/jb/open_problems/medical/dysbiosis/fastq_analysis/qc/CXD568_trim_1.fastq.gz	imgvr_reps.fna	0.0036	0.0076	98.75	0.258	96.45-100.51	0.258	0.16-0.50	1	1.216	37/240	94.15	1	IMGVR_UViG_3300029707_000357|3300029707|Ga0245244_100309|55-55253
/home/jb/open_problems/medical/dysbiosis/fastq_analysis/qc/CXD568_trim_1.fastq.gz	imgvr_reps.fna	0.0036	0.0055	100.00	0.256	97.96-102.14	0.256	0.14-0.57	1	1.156	45/183	95.58	0	IMGVR_UViG_3300029622_000010|3300029622|Ga0245124_1000999
/home/jb/open_problems/medical/dysbiosis/fastq_analysis/qc/CXD568_trim_1.fastq.gz	imgvr_reps.fna	0.0035	0.0046	99.63	0.250	NA-NA	0.250	NA-NA	1	1.059	34/148	95.37	0	IMGVR_UViG_3300045988_088448|3300045988|Ga0495776_153069
/home/jb/open_problems/medical/dysbiosis/fastq_analysis/qc/CXD568_trim_1.fastq.gz	imgvr_reps.fna	0.0035	0.0033	100.00	0.250	98.28-102.48	0.250	0.19-0.64	1	1.515	33/95	96.65	0	IMGVR_UViG_3300045988_085744|3300045988|Ga0495776_070418
/home/jb/open_problems/medical/dysbiosis/fastq_analysis/qc/CXD568_trim_1.fastq.gz	imgvr_reps.fna	0.0035	0.0076	99.54	0.250	97.22-101.47	0.250	0.13-0.52	1	1.229	48/250	94.82	12	IMGVR_UViG_3300029583_000314|3300029583|Ga0245123_100195|32698-89590
/home/jb/open_problems/medical/dysbiosis/fastq_analysis/qc/CXD568_trim_1.fastq.gz	imgvr_reps.fna	0.0034	0.0076	98.75	0.242	96.11-100.23	0.242	0.15-0.48	1	1.275	40/274	93.98	0	IMGVR_UViG_7000000624_000167|7000000624|SRS024435_LANL_scaffold_8137
/home/jb/open_problems/medical/dysbiosis/fastq_analysis/qc/CXD568_trim_1.fastq.gz	imgvr_reps.fna	0.0033	0.0090	97.42	0.240	NA-NA	0.240	NA-NA	1	1.290	31/327	92.68	2	IMGVR_UViG_3300045988_109622|3300045988|Ga0495776_160513
/home/jb/open_problems/medical/dysbiosis/fastq_analysis/qc/CXD568_trim_1.fastq.gz	imgvr_reps.fna	0.0032	0.0032	100.00	0.231	98.07-101.56	0.231	0.21-0.48	1	1.294	34/117	96.09	0	IMGVR_UViG_3300045988_154152|3300045988|Ga0495776_046146
/home/jb/open_problems/medical/dysbiosis/fastq_analysis/qc/CXD568_trim_1.fastq.gz	imgvr_reps.fna	0.0031	0.0135	97.82	0.222	95.37-99.58	0.222	0.12-0.46	1	1.100	50/497	92.86	100	IMGVR_UViG_3300045988_153093|3300045988|Ga0495776_102630
/home/jb/open_problems/medical/dysbiosis/fastq_analysis/qc/CXD568_trim_1.fastq.gz	imgvr_reps.fna	0.0031	0.0038	100.00	0.222	97.57-101.26	0.222	0.17-0.53	1	1.161	31/136	95.34	0	IMGVR_UViG_3300045988_133469|3300045988|Ga0495776_079234
/home/jb/open_problems/medical/dysbiosis/fastq_analysis/qc/CXD568_trim_1.fastq.gz	imgvr_reps.fna	0.0030	0.0067	99.75	0.214	96.72-100.42	0.214	0.18-0.54	1	2.830	47/254	94.70	2	IMGVR_UViG_3300029584_000103|3300029584|Ga0245112_100491
/home/jb/open_problems/medical/dysbiosis/fastq_analysis/qc/CXD568_trim_1.fastq.gz	imgvr_reps.fna	0.0029	0.0044	100.00	0.207	96.64-100.86	0.207	0.18-0.55	1	1.094	32/166	94.83	0	IMGVR_UViG_3300045988_123929|3300045988|Ga0495776_162255
/home/jb/open_problems/medical/dysbiosis/fastq_analysis/qc/CXD568_trim_1.fastq.gz	imgvr_reps.fna	0.0029	0.0041	100.00	0.207	97.17-101.12	0.207	0.17-0.55	1	1.094	32/162	94.90	0	IMGVR_UViG_3300007641_000019|3300007641|Ga0105527_100680
/home/jb/open_problems/medical/dysbiosis/fastq_analysis/qc/CXD568_trim_1.fastq.gz	imgvr_reps.fna	0.0028	0.0064	100.00	0.204	99.16-102.83	0.204	0.11-0.36	1	1.373	75/255	96.13	0	IMGVR_UViG_3300045988_183316|3300045988|Ga0495776_091116
/home/jb/open_problems/medical/dysbiosis/fastq_analysis/qc/CXD568_trim_1.fastq.gz	imgvr_reps.fna	0.0028	0.0043	100.00	0.200	96.79-101.37	0.200	0.15-0.55	1	1.286	35/174	94.96	0	IMGVR_UViG_3300045988_152787|3300045988|Ga0495776_113472
/home/jb/open_problems/medical/dysbiosis/fastq_analysis/qc/CXD568_trim_1.fastq.gz	imgvr_reps.fna	0.0028	0.0043	100.00	0.200	97.96-102.35	0.200	0.13-0.48	1	1.174	46/183	95.64	0	IMGVR_UViG_3300008728_000094|3300008728|Ga0115675_100659
/home/jb/open_problems/medical/dysbiosis/fastq_analysis/qc/CXD568_trim_1.fastq.gz	imgvr_reps.fna	0.0028	0.0060	98.92	0.200	96.31-99.84	0.200	0.17-0.44	1	1.091	33/255	93.62	0	IMGVR_UViG_3300045988_016767|3300045988|Ga0495776_188857
/home/jb/open_problems/medical/dysbiosis/fastq_analysis/qc/CXD568_trim_1.fastq.gz	imgvr_reps.fna	0.0028	0.0042	99.98	0.200	96.58-100.66	0.200	0.17-0.60	1	1.147	34/189	94.62	0	IMGVR_UViG_3300045988_169566|3300045988|Ga0495776_128638
/home/jb/open_problems/medical/dysbiosis/fastq_analysis/qc/CXD568_trim_1.fastq.gz	imgvr_reps.fna	0.0028	0.0043	100.00	0.200	98.19-102.54	0.200	0.15-0.54	1	2.260	50/170	96.13	0	IMGVR_UViG_3300029312_000014|3300029312|Ga0242764_100105
/home/jb/open_problems/medical/dysbiosis/fastq_analysis/qc/CXD568_trim_1.fastq.gz	imgvr_reps.fna	0.0028	0.0047	100.00	0.200	98.23-102.40	0.200	0.14-0.47	1	1.133	45/177	95.68	0	IMGVR_UViG_3300045988_084368|3300045988|Ga0495776_099509
/home/jb/open_problems/medical/dysbiosis/fastq_analysis/qc/CXD568_trim_1.fastq.gz	imgvr_reps.fna	0.0027	0.0038	100.00	0.195	99.09-103.15	0.195	0.13-0.45	1	1.152	46/153	96.20	0	IMGVR_UViG_3300029361_000006|3300029361|Ga0243815_1000856
/home/jb/open_problems/medical/dysbiosis/fastq_analysis/qc/CXD568_trim_1.fastq.gz	imgvr_reps.fna	0.0026	0.0029	100.00	0.186	100.60-104.32	0.186	0.13-0.42	1	1.235	51/117	97.36	0	IMGVR_UViG_3300029026_000140|3300029026|Ga0169630_100005|2-29401
/home/jb/open_problems/medical/dysbiosis/fastq_analysis/qc/CXD568_trim_1.fastq.gz	imgvr_reps.fna	0.0025	0.0038	100.00	0.182	99.43-102.97	0.182	0.13-0.36	1	1.083	48/155	96.29	0	IMGVR_UViG_3300045988_153928|3300045988|Ga0495776_127828
/home/jb/open_problems/medical/dysbiosis/fastq_analysis/qc/CXD568_trim_1.fastq.gz	imgvr_reps.fna	0.0025	0.0039	100.00	0.182	98.40-101.97	0.182	0.14-0.36	1	1.548	42/181	95.40	0	IMGVR_UViG_3300045988_072981|3300045988|Ga0495776_046412
