Sample_file	Genome_file	Taxonomic_abundance	Sequence_abundance	Adjusted_ANI	Eff_cov	ANI_5-95_percentile	Eff_lambda	Lambda_5-95_percentile	Median_cov	Mean_cov_geq1	Containment_ind	Naive_ANI	kmers_reassigned	Contig_name
/home/jb/open_problems/medical/dysbiosis/fastq_analysis/qc/CXD568_trim_1.fastq.gz	gtdb_genomes_reps_r220/database/GCF/027/667/425/GCF_027667425.1_genomic.fna.gz	5.8396	6.7889	98.76	26.000	NA-NA	HIGH	NA-NA	26	24.803	11099/16352	98.76	872	NZ_JAQEGR010000001.1 Fusicatenibacter saccharivorans strain AM67-22ACA AM67-22ACA.Scaf1, whole genome shotgun sequence
/home/jb/open_problems/medical/dysbiosis/fastq_analysis/qc/CXD568_trim_1.fastq.gz	gtdb_genomes_reps_r220/database/GCF/019/052/365/GCF_019052365.1_genomic.fna.gz	3.5936	3.5338	96.86	16.000	NA-NA	HIGH	NA-NA	16	16.036	5120/13775	96.86	280	NZ_JAHQUY010000087.1 Leyella stercorea strain MSK.21.24 NODE_100_length_10106_cov_221.554, whole genome shotgun sequence
/home/jb/open_problems/medical/dysbiosis/fastq_analysis/qc/CXD568_trim_1.fastq.gz	gtdb_genomes_reps_r220/database/GCF/025/147/485/GCF_025147485.1_genomic.fna.gz	2.8444	4.0469	99.07	12.664	NA-NA	HIGH	NA-NA	14	12.664	14614/19545	99.07	506	NZ_CP102263.1 Bacteroides uniformis strain ATCC 8492 chromosome, complete genome
/home/jb/open_problems/medical/dysbiosis/fastq_analysis/qc/CXD568_trim_1.fastq.gz	gtdb_genomes_reps_r220/database/GCF/003/697/165/GCF_003697165.2_genomic.fna.gz	2.8357	4.3879	97.58	12.626	NA-NA	HIGH	NA-NA	13	12.626	9924/21223	97.58	3	NZ_CP033092.2 Escherichia coli DSM 30083 = JCM 1649 = ATCC 11775 chromosome, complete genome
/home/jb/open_problems/medical/dysbiosis/fastq_analysis/qc/CXD568_trim_1.fastq.gz	gtdb_genomes_reps_r220/database/GCF/000/012/825/GCF_000012825.1_genomic.fna.gz	2.7502	4.3640	99.38	12.245	NA-NA	HIGH	NA-NA	12	12.245	17412/21133	99.38	11	NC_009614.1 Phocaeicola vulgatus ATCC 8482, complete sequence
/home/jb/open_problems/medical/dysbiosis/fastq_analysis/qc/CXD568_trim_1.fastq.gz	gtdb_genomes_reps_r220/database/GCF/000/020/605/GCF_000020605.1_genomic.fna.gz	2.6717	2.8326	98.37	11.896	NA-NA	HIGH	NA-NA	11	11.896	8415/14021	98.37	658	NC_012781.1 Agathobacter rectalis ATCC 33656, complete sequence
/home/jb/open_problems/medical/dysbiosis/fastq_analysis/qc/CXD568_trim_1.fastq.gz	gtdb_genomes_reps_r220/database/GCF/020/687/245/GCF_020687245.1_genomic.fna.gz	2.5790	2.3479	97.77	11.483	NA-NA	HIGH	NA-NA	12	11.483	6366/12801	97.77	1457	NZ_JAJEQG010000010.1 Faecalibacterium longum CLA-AA-H243 NODE_10_length_77401_cov_21.251280, whole genome shotgun sequence
/home/jb/open_problems/medical/dysbiosis/fastq_analysis/qc/CXD568_trim_1.fastq.gz	gtdb_genomes_reps_r220/database/GCF/023/347/235/GCF_023347235.1_genomic.fna.gz	2.3853	2.3664	97.14	10.620	NA-NA	HIGH	NA-NA	10	10.620	5481/13454	97.14	1985	NZ_CP094467.1 Faecalibacterium sp. I4-1-79 chromosome, complete genome
/home/jb/open_problems/medical/dysbiosis/fastq_analysis/qc/CXD568_trim_1.fastq.gz	gtdb_genomes_reps_r220/database/GCF/023/347/255/GCF_023347255.1_genomic.fna.gz	2.3659	2.2681	99.04	10.534	NA-NA	HIGH	NA-NA	11	10.534	9594/12942	99.04	258	NZ_CP094466.1 Faecalibacterium sp. I4-3-84 chromosome, complete genome
/home/jb/open_problems/medical/dysbiosis/fastq_analysis/qc/CXD568_trim_1.fastq.gz	gtdb_genomes_reps_r220/database/GCF/020/687/435/GCF_020687435.1_genomic.fna.gz	2.2411	2.3942	97.12	9.978	NA-NA	HIGH	NA-NA	10	9.978	6013/14878	97.12	4494	NZ_JAJEQQ010000010.1 Blautia sp. CLA-AA-H217 NODE_10_length_118329_cov_31.248562, whole genome shotgun sequence
/home/jb/open_problems/medical/dysbiosis/fastq_analysis/qc/CXD568_trim_1.fastq.gz	gtdb_genomes_reps_r220/database/GCA/958/454/115/GCA_958454115.1_genomic.fna.gz	2.1114	1.6127	99.12	9.401	NA-NA	HIGH	NA-NA	9	9.401	8110/10656	99.12	127	CAUEAK010000001.1 MAG TPA_asm: Blautia wexlerae isolate SRR18940294_bin.27_MetaWRAP_v1.3_MAG genome assembly, contig: ERZ18683078.73, whole genome shotgun sequence
/home/jb/open_problems/medical/dysbiosis/fastq_analysis/qc/CXD568_trim_1.fastq.gz	gtdb_genomes_reps_r220/database/GCF/000/012/845/GCF_000012845.1_genomic.fna.gz	2.0552	3.0390	99.34	9.151	NA-NA	HIGH	NA-NA	9	9.151	16789/20586	99.34	85	NC_009615.1 Parabacteroides distasonis ATCC 8503, complete sequence
/home/jb/open_problems/medical/dysbiosis/fastq_analysis/qc/CXD568_trim_1.fastq.gz	gtdb_genomes_reps_r220/database/GCF/900/106/785/GCF_900106785.1_genomic.fna.gz	1.9637	2.0974	97.27	8.743	NA-NA	HIGH	NA-NA	9	8.743	5865/13840	97.27	300	NZ_LT629829.1 Prevotellamassilia timonensis strain Marseille-P2831T, whole genome shotgun sequence
/home/jb/open_problems/medical/dysbiosis/fastq_analysis/qc/CXD568_trim_1.fastq.gz	gtdb_genomes_reps_r220/database/GCA/019/113/615/GCA_019113615.1_genomic.fna.gz	1.9460	1.4035	98.36	8.664	NA-NA	HIGH	NA-NA	8	8.664	6124/10238	98.36	260	DXHE01000073.1 MAG TPA_asm: Candidatus Acutalibacter stercoravium isolate ChiBcolR1-495 ChiBcolR1__C100346_L97109_SAMN08009782, whole genome shotgun sequence
/home/jb/open_problems/medical/dysbiosis/fastq_analysis/qc/CXD568_trim_1.fastq.gz	gtdb_genomes_reps_r220/database/GCF/010/509/575/GCF_010509575.1_genomic.fna.gz	1.8837	1.7961	98.17	8.387	NA-NA	HIGH	NA-NA	8	8.387	7326/12970	98.17	1305	NZ_CP048437.1 Faecalibacterium duncaniae strain JCM 31915 chromosome, complete genome
/home/jb/open_problems/medical/dysbiosis/fastq_analysis/qc/CXD568_trim_1.fastq.gz	gtdb_genomes_reps_r220/database/GCF/000/834/015/GCF_000834015.1_genomic.fna.gz	1.8322	1.8375	98.61	8.157	NA-NA	HIGH	NA-NA	8	8.157	8963/13822	98.61	35	NZ_JXQI01000001.1 Prevotella pectinovora strain P4-76 contig1, whole genome shotgun sequence
/home/jb/open_problems/medical/dysbiosis/fastq_analysis/qc/CXD568_trim_1.fastq.gz	gtdb_genomes_reps_r220/database/GCF/001/406/815/GCF_001406815.1_genomic.fna.gz	1.6742	1.7158	98.61	7.454	NA-NA	HIGH	NA-NA	7	7.454	9247/14285	98.61	691	NZ_CVRR01000001.1 Roseburia faecis strain M72, whole genome shotgun sequence
/home/jb/open_problems/medical/dysbiosis/fastq_analysis/qc/CXD568_trim_1.fastq.gz	gtdb_genomes_reps_r220/database/GCF/025/151/215/GCF_025151215.1_genomic.fna.gz	1.6415	2.2083	98.29	7.308	NA-NA	HIGH	NA-NA	7	7.308	10856/18503	98.29	848	NZ_CP102286.1 Parabacteroides merdae ATCC 43184 chromosome, complete genome
/home/jb/open_problems/medical/dysbiosis/fastq_analysis/qc/CXD568_trim_1.fastq.gz	gtdb_genomes_reps_r220/database/GCF/025/148/125/GCF_025148125.1_genomic.fna.gz	1.6293	2.3463	98.18	7.254	NA-NA	HIGH	NA-NA	7	7.254	10860/19168	98.18	3638	NZ_CP102267.1 Blautia wexlerae DSM 19850 chromosome, complete genome
/home/jb/open_problems/medical/dysbiosis/fastq_analysis/qc/CXD568_trim_1.fastq.gz	gtdb_genomes_reps_r220/database/GCA/900/551/625/GCA_900551625.1_genomic.fna.gz	1.5008	0.8031	97.08	6.682	NA-NA	HIGH	NA-NA	7	6.682	2991/7490	97.08	36	URWZ01000001.1 uncultured Collinsella sp. isolate UMGS1424 genome assembly, contig: NODE_453_length_22258_cov_4.142864, whole genome shotgun sequence
/home/jb/open_problems/medical/dysbiosis/fastq_analysis/qc/CXD568_trim_1.fastq.gz	gtdb_genomes_reps_r220/database/GCA/014/871/745/GCA_014871745.1_genomic.fna.gz	1.4033	0.9646	95.12	6.248	NA-NA	HIGH	NA-NA	6	6.248	2038/9600	95.12	1767	WGSI01000001.1 MAG: Collinsella sp. isolate COPD009 SA9242_bin.25_contig_1, whole genome shotgun sequence
/home/jb/open_problems/medical/dysbiosis/fastq_analysis/qc/CXD568_trim_1.fastq.gz	gtdb_genomes_reps_r220/database/GCF/002/834/235/GCF_002834235.1_genomic.fna.gz	1.3097	0.9661	98.01	5.831	NA-NA	HIGH	NA-NA	6	5.831	5393/10048	98.01	349	NZ_NNBY01000001.1 Ruminococcus bromii strain 5AMG contig000001, whole genome shotgun sequence
/home/jb/open_problems/medical/dysbiosis/fastq_analysis/qc/CXD568_trim_1.fastq.gz	gtdb_genomes_reps_r220/database/GCF/900/167/555/GCF_900167555.1_genomic.fna.gz	1.2841	1.2793	98.12	5.717	NA-NA	HIGH	NA-NA	6	5.717	7457/13412	98.12	602	NZ_FUYF01000092.1 Gemmiger formicilis strain ATCC 27749, whole genome shotgun sequence
/home/jb/open_problems/medical/dysbiosis/fastq_analysis/qc/CXD568_trim_1.fastq.gz	gtdb_genomes_reps_r220/database/GCF/000/154/465/GCF_000154465.1_genomic.fna.gz	1.2600	0.9877	99.64	5.610	NA-NA	HIGH	NA-NA	5	5.610	9585/10726	99.64	0	NZ_DS499581.1 Alistipes putredinis DSM 17216 Scfld_02_11, whole genome shotgun sequence
/home/jb/open_problems/medical/dysbiosis/fastq_analysis/qc/CXD568_trim_1.fastq.gz	gtdb_genomes_reps_r220/database/GCA/001/916/055/GCA_001916055.1_genomic.fna.gz	1.2203	0.5599	98.99	5.433	NA-NA	HIGH	NA-NA	5	5.433	4734/6491	98.99	18	MNRR01000017.1 MAG: Clostridium sp. 28_12 Ley3_66761_scaffold_10414, whole genome shotgun sequence
/home/jb/open_problems/medical/dysbiosis/fastq_analysis/qc/CXD568_trim_1.fastq.gz	gtdb_genomes_reps_r220/database/GCF/003/024/685/GCF_003024685.1_genomic.fna.gz	1.2110	1.0398	97.51	5.392	NA-NA	HIGH	NA-NA	5	5.392	5381/11774	97.51	227	NZ_PYLQ01000001.1 Faecalibacillus intestinalis strain SNUG30099 scaffold_0, whole genome shotgun sequence
/home/jb/open_problems/medical/dysbiosis/fastq_analysis/qc/CXD568_trim_1.fastq.gz	gtdb_genomes_reps_r220/database/GCA/000/433/735/GCA_000433735.1_genomic.fna.gz	1.1763	0.7835	99.19	5.237	NA-NA	HIGH	NA-NA	5	5.237	7198/9250	99.19	2	HF998251.1 Clostridium sp. CAG:167 genomic scaffold, scf3, whole genome shotgun sequence
/home/jb/open_problems/medical/dysbiosis/fastq_analysis/qc/CXD568_trim_1.fastq.gz	gtdb_genomes_reps_r220/database/GCF/900/048/895/GCF_900048895.1_genomic.fna.gz	1.1648	1.3143	98.90	5.186	NA-NA	HIGH	NA-NA	5	5.186	11232/15816	98.90	59	NZ_LT160627.1 Neglectibacter timonensis strain SN17, whole genome shotgun sequence
/home/jb/open_problems/medical/dysbiosis/fastq_analysis/qc/CXD568_trim_1.fastq.gz	gtdb_genomes_reps_r220/database/GCF/000/173/975/GCF_000173975.1_genomic.fna.gz	1.1125	1.1252	98.74	4.953	NA-NA	HIGH	NA-NA	5	4.953	9485/14047	98.74	466	NZ_ACEP01000175.1 Anaerobutyricum hallii DSM 3353 E_hallii-1.0_Cont496.1, whole genome shotgun sequence
/home/jb/open_problems/medical/dysbiosis/fastq_analysis/qc/CXD568_trim_1.fastq.gz	gtdb_genomes_reps_r220/database/GCA/019/117/555/GCA_019117555.1_genomic.fna.gz	1.0710	1.9056	97.50	4.768	NA-NA	HIGH	NA-NA	5	4.768	11382/24968	97.50	1511	DWZM01000079.1 MAG TPA_asm: Candidatus Bacteroides intestinigallinarum isolate 2926 ChiHcec17__C103617_L18972_SAMN08010063, whole genome shotgun sequence
/home/jb/open_problems/medical/dysbiosis/fastq_analysis/qc/CXD568_trim_1.fastq.gz	gtdb_genomes_reps_r220/database/GCA/019/421/285/GCA_019421285.1_genomic.fna.gz	1.0558	0.6098	97.36	4.701	NA-NA	HIGH	NA-NA	5	4.701	3568/8170	97.36	1711	JAHZFO010000001.1 MAG: Clostridiales bacterium isolate HRGM_Genome_2936 HRGM_Genome_2936_1, whole genome shotgun sequence
/home/jb/open_problems/medical/dysbiosis/fastq_analysis/qc/CXD568_trim_1.fastq.gz	gtdb_genomes_reps_r220/database/GCA/025/757/685/GCA_025757685.1_genomic.fna.gz	1.0130	0.6183	97.91	4.510	NA-NA	HIGH	NA-NA	4	4.510	4486/8630	97.91	227	CP107220.1 MAG: Oscillospiraceae bacterium isolate KR001_HAM_0053 chromosome, complete genome
/home/jb/open_problems/medical/dysbiosis/fastq_analysis/qc/CXD568_trim_1.fastq.gz	gtdb_genomes_reps_r220/database/GCF/900/120/195/GCF_900120195.1_genomic.fna.gz	0.9814	0.9980	98.90	4.370	NA-NA	HIGH	NA-NA	4	4.370	9849/13885	98.90	513	NZ_LT635537.1 Blautia sp. Marseille-P3087 strain Marseille-P3087T, whole genome shotgun sequence
/home/jb/open_problems/medical/dysbiosis/fastq_analysis/qc/CXD568_trim_1.fastq.gz	gtdb_genomes_reps_r220/database/GCF/009/696/065/GCF_009696065.1_genomic.fna.gz	0.9529	0.9470	97.17	4.243	NA-NA	HIGH	NA-NA	4	4.243	5715/13906	97.17	2812	NZ_VUMS01000001.1 Oliverpabstia intestinalis strain BSM-380-WT-5A seq1, whole genome shotgun sequence
/home/jb/open_problems/medical/dysbiosis/fastq_analysis/qc/CXD568_trim_1.fastq.gz	gtdb_genomes_reps_r220/database/GCF/025/567/095/GCF_025567095.1_genomic.fna.gz	0.9458	1.1112	98.04	4.211	NA-NA	HIGH	NA-NA	4	4.211	8790/16241	98.04	855	NZ_JAOQJH010000001.1 Anthropogastromicrobium aceti strain H6_35 .14207_7_90.1, whole genome shotgun sequence
/home/jb/open_problems/medical/dysbiosis/fastq_analysis/qc/CXD568_trim_1.fastq.gz	gtdb_genomes_reps_r220/database/GCF/025/150/085/GCF_025150085.1_genomic.fna.gz	0.8924	0.8008	98.75	3.973	NA-NA	HIGH	NA-NA	4	3.973	8428/12447	98.75	425	NZ_CP102280.1 Dorea longicatena strain DSM 13814 chromosome, complete genome
/home/jb/open_problems/medical/dysbiosis/fastq_analysis/qc/CXD568_trim_1.fastq.gz	gtdb_genomes_reps_r220/database/GCF/030/296/915/GCF_030296915.1_genomic.fna.gz	0.8597	0.7408	98.88	3.828	NA-NA	HIGH	NA-NA	4	3.828	8522/12086	98.88	223	NZ_AP028031.1 Anaerostipes hadrus ATCC 29173 = JCM 17467 chromosome, complete genome
/home/jb/open_problems/medical/dysbiosis/fastq_analysis/qc/CXD568_trim_1.fastq.gz	gtdb_genomes_reps_r220/database/GCA/018/715/885/GCA_018715885.1_genomic.fna.gz	0.7934	0.6099	99.10	3.533	NA-NA	HIGH	NA-NA	3	3.533	8203/10869	99.10	9	DVKT01000009.1 MAG TPA_asm: Candidatus Caccoplasma intestinavium isolate 21143 CHK51__C103499_L27198_ERR2241737, whole genome shotgun sequence
/home/jb/open_problems/medical/dysbiosis/fastq_analysis/qc/CXD568_trim_1.fastq.gz	gtdb_genomes_reps_r220/database/GCF/000/196/555/GCF_000196555.1_genomic.fna.gz	0.7790	0.5710	98.83	3.468	NA-NA	HIGH	NA-NA	3	3.468	6943/9990	98.83	2	NC_015067.1 Bifidobacterium longum subsp. longum JCM 1217, complete sequence
/home/jb/open_problems/medical/dysbiosis/fastq_analysis/qc/CXD568_trim_1.fastq.gz	gtdb_genomes_reps_r220/database/GCF/025/567/015/GCF_025567015.1_genomic.fna.gz	0.7689	0.9683	98.34	3.423	NA-NA	HIGH	NA-NA	3	3.423	10428/17507	98.34	1035	NZ_JAOQJO010000001.1 Brotolimicola acetigignens strain f_CXY .18048_1_81.1, whole genome shotgun sequence
/home/jb/open_problems/medical/dysbiosis/fastq_analysis/qc/CXD568_trim_1.fastq.gz	gtdb_genomes_reps_r220/database/GCA/900/553/265/GCA_900553265.1_genomic.fna.gz	0.7475	0.6119	98.39	3.328	NA-NA	HIGH	NA-NA	3	3.328	6870/11362	98.39	48	USDD01000001.1 uncultured Clostridiales bacterium isolate UMGS1603 genome assembly, contig: NODE_121_length_60786_cov_6.532249, whole genome shotgun sequence
/home/jb/open_problems/medical/dysbiosis/fastq_analysis/qc/CXD568_trim_1.fastq.gz	gtdb_genomes_reps_r220/database/GCF/000/188/175/GCF_000188175.1_genomic.fna.gz	0.7456	0.4862	99.21	3.320	NA-NA	HIGH	NA-NA	3	3.320	7169/9172	99.21	19	NZ_GL830843.1 Phascolarctobacterium succinatutens YIT 12067 Scfld0, whole genome shotgun sequence
/home/jb/open_problems/medical/dysbiosis/fastq_analysis/qc/CXD568_trim_1.fastq.gz	gtdb_genomes_reps_r220/database/GCA/905/215/475/GCA_905215475.1_genomic.fna.gz	0.7323	0.4129	97.94	3.261	NA-NA	HIGH	NA-NA	3	3.261	4180/7957	97.94	66	CAJMPW010000001.1 TPA_asm: uncultured bacterium isolate ERR1600716-bin.16 genome assembly, contig: NODE_1_length_539502_cov_99.761658, whole genome shotgun sequence
/home/jb/open_problems/medical/dysbiosis/fastq_analysis/qc/CXD568_trim_1.fastq.gz	gtdb_genomes_reps_r220/database/GCA/900/548/615/GCA_900548615.1_genomic.fna.gz	0.7257	0.4599	99.04	3.231	NA-NA	HIGH	NA-NA	3	3.231	6502/8776	99.04	73	URKW01000001.1 uncultured Clostridiales bacterium isolate UMGS1099 genome assembly, contig: NODE_242_length_62560_cov_9.486937, whole genome shotgun sequence
/home/jb/open_problems/medical/dysbiosis/fastq_analysis/qc/CXD568_trim_1.fastq.gz	gtdb_genomes_reps_r220/database/GCF/025/145/845/GCF_025145845.1_genomic.fna.gz	0.7220	0.8454	98.51	3.215	NA-NA	HIGH	NA-NA	3	3.215	9787/15600	98.51	608	NZ_CP102253.1 Alistipes shahii WAL 8301 chromosome, complete genome
/home/jb/open_problems/medical/dysbiosis/fastq_analysis/qc/CXD568_trim_1.fastq.gz	gtdb_genomes_reps_r220/database/GCA/000/434/635/GCA_000434635.1_genomic.fna.gz	0.6969	0.5361	97.80	3.103	NA-NA	HIGH	NA-NA	3	3.103	5358/10683	97.80	143	HF987968.1 Firmicutes bacterium CAG:110 genomic scaffold, scf9, whole genome shotgun sequence
/home/jb/open_problems/medical/dysbiosis/fastq_analysis/qc/CXD568_trim_1.fastq.gz	gtdb_genomes_reps_r220/database/GCF/025/149/785/GCF_025149785.1_genomic.fna.gz	0.6797	0.7047	98.33	3.026	NA-NA	HIGH	NA-NA	3	3.026	8500/14318	98.33	1362	NZ_CP102277.1 Coprococcus comes ATCC 27758 chromosome, complete genome
/home/jb/open_problems/medical/dysbiosis/fastq_analysis/qc/CXD568_trim_1.fastq.gz	gtdb_genomes_reps_r220/database/GCA/000/433/455/GCA_000433455.1_genomic.fna.gz	0.6485	0.2808	98.36	2.887	NA-NA	HIGH	NA-NA	3	2.887	3646/6095	98.36	2	HF992472.1 Mycoplasma sp. CAG:877 genomic scaffold, scf5, whole genome shotgun sequence
/home/jb/open_problems/medical/dysbiosis/fastq_analysis/qc/CXD568_trim_1.fastq.gz	gtdb_genomes_reps_r220/database/GCA/905/200/265/GCA_905200265.1_genomic.fna.gz	0.5416	0.3652	98.83	2.411	98.77-98.89	2.411	2.29-2.57	2	2.739	5928/9365	98.54	48	CAJKJS010000001.1 MAG TPA_asm: uncultured Ruminococcaceae bacterium isolate ERR1600698-bin.13 genome assembly, contig: NODE_943_length_32961_cov_6.331976, whole genome shotgun sequence
/home/jb/open_problems/medical/dysbiosis/fastq_analysis/qc/CXD568_trim_1.fastq.gz	gtdb_genomes_reps_r220/database/GCF/009/680/455/GCF_009680455.1_genomic.fna.gz	0.4954	0.4603	98.60	2.206	98.55-98.66	2.206	2.10-2.31	2	2.536	7578/13152	98.24	703	NZ_WKRD01000010.1 Lachnospira eligens strain BIOML-A1 scaffold10_size99411, whole genome shotgun sequence
/home/jb/open_problems/medical/dysbiosis/fastq_analysis/qc/CXD568_trim_1.fastq.gz	gtdb_genomes_reps_r220/database/GCF/000/233/955/GCF_000233955.1_genomic.fna.gz	0.4504	0.5860	97.90	2.005	97.83-97.97	2.005	1.90-2.10	2	2.557	8222/18331	97.45	309	NZ_JH376577.1 Paraprevotella clara YIT 11840 Scfld0, whole genome shotgun sequence
/home/jb/open_problems/medical/dysbiosis/fastq_analysis/qc/CXD568_trim_1.fastq.gz	gtdb_genomes_reps_r220/database/GCA/000/435/475/GCA_000435475.1_genomic.fna.gz	0.4393	0.2607	98.54	1.956	98.48-98.64	1.956	1.81-2.03	2	2.341	4545/8355	98.06	1	FR896020.1 Cryptobacterium sp. CAG:338 genomic scaffold, scf1, whole genome shotgun sequence
/home/jb/open_problems/medical/dysbiosis/fastq_analysis/qc/CXD568_trim_1.fastq.gz	gtdb_genomes_reps_r220/database/GCF/000/469/345/GCF_000469345.1_genomic.fna.gz	0.4384	0.4645	98.30	1.952	98.24-98.35	1.952	1.86-2.06	2	2.359	7497/14800	97.83	961	NZ_KI271072.1 Eubacterium ramulus ATCC 29099 Scaffold1027, whole genome shotgun sequence
/home/jb/open_problems/medical/dysbiosis/fastq_analysis/qc/CXD568_trim_1.fastq.gz	gtdb_genomes_reps_r220/database/GCA/000/437/855/GCA_000437855.1_genomic.fna.gz	0.4346	0.1655	99.20	1.935	99.11-99.29	1.935	1.79-2.04	2	2.327	3569/5356	98.70	6	FR902163.1 Clostridium sp. CAG:567 genomic scaffold, scf3, whole genome shotgun sequence
/home/jb/open_problems/medical/dysbiosis/fastq_analysis/qc/CXD568_trim_1.fastq.gz	gtdb_genomes_reps_r220/database/GCF/019/734/885/GCF_019734885.1_genomic.fna.gz	0.4183	0.4627	97.89	1.862	97.82-97.96	1.862	1.77-1.96	2	2.329	6812/15601	97.36	1237	NZ_JAAXCM010000047.1 Coprococcus catus strain VPIC661 NODE_10_length_119888_cov_151.841_ID_19, whole genome shotgun sequence
/home/jb/open_problems/medical/dysbiosis/fastq_analysis/qc/CXD568_trim_1.fastq.gz	gtdb_genomes_reps_r220/database/GCA/900/550/775/GCA_900550775.1_genomic.fna.gz	0.4158	0.2370	97.78	1.851	97.67-97.86	1.851	1.74-1.96	2	2.296	3370/8019	97.24	29	URTH01000001.1 uncultured Clostridiales bacterium isolate UMGS1326 genome assembly, contig: NODE_1842_length_30249_cov_3.308836, whole genome shotgun sequence
/home/jb/open_problems/medical/dysbiosis/fastq_analysis/qc/CXD568_trim_1.fastq.gz	gtdb_genomes_reps_r220/database/GCA/025/150/425/GCA_025150425.1_genomic.fna.gz	0.4124	0.3415	97.59	1.836	97.51-97.70	1.836	1.69-1.94	2	2.136	4507/11421	97.05	78	CP102281.1 [Eubacterium] siraeum strain DSM 15702 chromosome, complete genome
/home/jb/open_problems/medical/dysbiosis/fastq_analysis/qc/CXD568_trim_1.fastq.gz	gtdb_genomes_reps_r220/database/GCF/000/205/025/GCF_000205025.1_genomic.fna.gz	0.3902	0.3396	98.81	1.737	98.74-98.86	1.737	1.66-1.82	2	2.079	6855/12065	98.19	19	NZ_GL883674.1 Parasutterella excrementihominis YIT 11859 Scfld0, whole genome shotgun sequence
/home/jb/open_problems/medical/dysbiosis/fastq_analysis/qc/CXD568_trim_1.fastq.gz	gtdb_genomes_reps_r220/database/GCA/959/600/905/GCA_959600905.1_genomic.fna.gz	0.3778	0.2172	99.43	1.682	99.35-99.50	1.682	1.60-1.78	2	2.113	5486/8042	98.77	3	CAUGNO010000001.1 MAG TPA_asm: uncultured Eubacteriales bacterium isolate SRR16279983_bin.24_MetaWRAP_v1.3_MAG genome assembly, contig: ERZ19289347.10, whole genome shotgun sequence
/home/jb/open_problems/medical/dysbiosis/fastq_analysis/qc/CXD568_trim_1.fastq.gz	gtdb_genomes_reps_r220/database/GCF/003/315/195/GCF_003315195.1_genomic.fna.gz	0.3654	0.3295	98.78	1.627	98.72-98.84	1.627	1.56-1.71	2	2.157	6861/12490	98.09	11	NZ_QNRV01000001.1 Sutterella wadsworthensis strain DSM 14016 Ga0244527_101, whole genome shotgun sequence
/home/jb/open_problems/medical/dysbiosis/fastq_analysis/qc/CXD568_trim_1.fastq.gz	gtdb_genomes_reps_r220/database/GCA/003/507/655/GCA_003507655.1_genomic.fna.gz	0.3519	0.2395	98.52	1.567	98.43-98.58	1.567	1.50-1.65	2	2.007	4784/9598	97.78	146	DNUZ01000039.1 MAG TPA_asm: Lachnospiraceae bacterium isolate UBA11774 contig_1120, whole genome shotgun sequence
/home/jb/open_problems/medical/dysbiosis/fastq_analysis/qc/CXD568_trim_1.fastq.gz	gtdb_genomes_reps_r220/database/GCA/003/096/535/GCA_003096535.1_genomic.fna.gz	0.3480	0.3005	98.24	1.550	98.14-98.32	1.550	1.48-1.64	2	2.248	5473/12033	97.49	617	QEKJ01000001.1 Agathobaculum butyriciproducens strain DSM 100391 Ga0215719_101, whole genome shotgun sequence
/home/jb/open_problems/medical/dysbiosis/fastq_analysis/qc/CXD568_trim_1.fastq.gz	gtdb_genomes_reps_r220/database/GCF/000/172/175/GCF_000172175.1_genomic.fna.gz	0.3454	0.6425	98.91	1.538	98.85-98.97	1.538	1.48-1.59	2	1.983	14613/25907	98.17	442	NZ_ABJL02000008.1 Bacteroides intestinalis DSM 17393 B_intestinalis-2.0.1_Cont607, whole genome shotgun sequence
/home/jb/open_problems/medical/dysbiosis/fastq_analysis/qc/CXD568_trim_1.fastq.gz	gtdb_genomes_reps_r220/database/GCF/014/287/955/GCF_014287955.1_genomic.fna.gz	0.3370	0.3042	98.96	1.501	98.88-99.03	1.501	1.42-1.58	2	2.185	7221/12750	98.18	325	NZ_JACOPD010000001.1 Lachnospira hominis strain NSJ-43 M7_ctg0001, whole genome shotgun sequence
/home/jb/open_problems/medical/dysbiosis/fastq_analysis/qc/CXD568_trim_1.fastq.gz	gtdb_genomes_reps_r220/database/GCA/020/687/125/GCA_020687125.1_genomic.fna.gz	0.3184	0.3274	98.14	1.418	98.06-98.23	1.418	1.35-1.49	2	2.176	6155/14465	97.28	908	JAJEPY010000100.1 Oscillospiraceae bacterium CLA-AA-H269 NODE_100_length_8506_cov_27.135485, whole genome shotgun sequence
/home/jb/open_problems/medical/dysbiosis/fastq_analysis/qc/CXD568_trim_1.fastq.gz	gtdb_genomes_reps_r220/database/GCF/900/209/925/GCF_900209925.1_genomic.fna.gz	0.3137	0.3389	97.18	1.397	97.07-97.28	1.397	1.31-1.48	2	2.119	4513/14496	96.31	1868	NZ_LT907978.1 Anaerobutyricum hallii isolate EH1 chromosome I
/home/jb/open_problems/medical/dysbiosis/fastq_analysis/qc/CXD568_trim_1.fastq.gz	gtdb_genomes_reps_r220/database/GCA/000/435/055/GCA_000435055.1_genomic.fna.gz	0.3117	0.1896	98.56	1.388	98.44-98.66	1.388	1.29-1.48	2	1.895	4084/8524	97.65	12	FR879670.1 Clostridium sp. CAG:138 genomic scaffold, scf1, whole genome shotgun sequence
/home/jb/open_problems/medical/dysbiosis/fastq_analysis/qc/CXD568_trim_1.fastq.gz	gtdb_genomes_reps_r220/database/GCF/029/024/925/GCF_029024925.1_genomic.fna.gz	0.2997	0.2641	98.90	1.334	98.81-98.98	1.334	1.27-1.39	2	1.830	6414/12259	97.93	15	NZ_CP118962.1 Enterococcus faecalis strain DSM 20478 chromosome, complete genome
/home/jb/open_problems/medical/dysbiosis/fastq_analysis/qc/CXD568_trim_1.fastq.gz	gtdb_genomes_reps_r220/database/GCF/000/016/525/GCF_000016525.1_genomic.fna.gz	0.2935	0.1672	98.64	1.307	98.51-98.75	1.307	1.22-1.38	2	1.784	3734/7834	97.64	0	NC_009515.1 Methanobrevibacter smithii ATCC 35061, complete sequence
/home/jb/open_problems/medical/dysbiosis/fastq_analysis/qc/CXD568_trim_1.fastq.gz	gtdb_genomes_reps_r220/database/GCF/000/382/445/GCF_000382445.1_genomic.fna.gz	0.2926	0.4179	99.11	1.303	99.03-99.18	1.303	1.25-1.35	2	2.172	10540/18994	98.12	649	NZ_KB905472.1 Phocaeicola massiliensis B84634 = Timone 84634 = DSM 17679 = JCM 13223 strain DSM 17679 aczJl-supercont1.1, whole genome shotgun sequence
/home/jb/open_problems/medical/dysbiosis/fastq_analysis/qc/CXD568_trim_1.fastq.gz	gtdb_genomes_reps_r220/database/GCF/000/190/535/GCF_000190535.1_genomic.fna.gz	0.2907	0.3924	99.43	1.294	99.36-99.49	1.294	1.25-1.34	2	1.867	11261/18480	98.41	70	NC_015160.1 Odoribacter splanchnicus DSM 20712, complete sequence
/home/jb/open_problems/medical/dysbiosis/fastq_analysis/qc/CXD568_trim_1.fastq.gz	gtdb_genomes_reps_r220/database/GCF/009/193/325/GCF_009193325.2_genomic.fna.gz	0.2862	0.4679	97.92	1.274	97.84-98.03	1.274	1.20-1.32	2	2.385	8478/22185	96.94	915	NZ_CP059856.1 Bacteroides zhangwenhongii strain HF-5287 chromosome, complete genome
/home/jb/open_problems/medical/dysbiosis/fastq_analysis/qc/CXD568_trim_1.fastq.gz	gtdb_genomes_reps_r220/database/GCA/000/435/495/GCA_000435495.1_genomic.fna.gz	0.2809	0.1172	99.25	1.251	99.13-99.35	1.251	1.17-1.33	1	1.746	3301/5840	98.18	1	FR884004.1 Firmicutes bacterium CAG:552 genomic scaffold, scf8, whole genome shotgun sequence
/home/jb/open_problems/medical/dysbiosis/fastq_analysis/qc/CXD568_trim_1.fastq.gz	gtdb_genomes_reps_r220/database/GCF/020/687/385/GCF_020687385.1_genomic.fna.gz	0.2743	0.2603	99.13	1.221	99.07-99.21	1.221	1.17-1.27	2	2.025	7179/13312	98.03	89	NZ_JAJEQM010000010.1 Hominilimicola fabiformis strain CLA-AA-H232 NODE_10_length_105690_cov_43.690493, whole genome shotgun sequence
/home/jb/open_problems/medical/dysbiosis/fastq_analysis/qc/CXD568_trim_1.fastq.gz	gtdb_genomes_reps_r220/database/GCF/014/297/285/GCF_014297285.1_genomic.fna.gz	0.2731	0.3081	97.52	1.216	97.40-97.63	1.216	1.14-1.28	2	2.034	4980/15406	96.42	1126	NZ_JACOQI010000001.1 Dysosmobacter segnis strain BX15 BX-15_ctg0001, whole genome shotgun sequence
/home/jb/open_problems/medical/dysbiosis/fastq_analysis/qc/CXD568_trim_1.fastq.gz	gtdb_genomes_reps_r220/database/GCA/000/435/195/GCA_000435195.1_genomic.fna.gz	0.2624	0.1652	99.18	1.168	99.09-99.28	1.168	1.10-1.23	1	1.781	4664/8728	98.00	10	FR880119.1 Clostridium sp. CAG:169 genomic scaffold, scf4, whole genome shotgun sequence
/home/jb/open_problems/medical/dysbiosis/fastq_analysis/qc/CXD568_trim_1.fastq.gz	gtdb_genomes_reps_r220/database/GCF/900/312/975/GCF_900312975.1_genomic.fna.gz	0.2522	0.2147	96.81	1.123	96.64-96.94	1.123	1.04-1.21	1	1.858	2920/11781	95.60	375	NZ_LT990039.1 Massilistercora timonensis strain Marseille-P3756 chromosome contig00001
/home/jb/open_problems/medical/dysbiosis/fastq_analysis/qc/CXD568_trim_1.fastq.gz	gtdb_genomes_reps_r220/database/GCA/003/112/755/GCA_003112755.1_genomic.fna.gz	0.2430	0.3198	98.66	1.082	98.56-98.75	1.082	1.03-1.13	1	1.763	7048/16161	97.36	167	BFBT01000001.1 Lawsonibacter asaccharolyticus DNA, contig01, whole genome shotgun sequence
/home/jb/open_problems/medical/dysbiosis/fastq_analysis/qc/CXD568_trim_1.fastq.gz	gtdb_genomes_reps_r220/database/GCF/003/425/665/GCF_003425665.1_genomic.fna.gz	0.2382	0.1826	99.87	1.061	99.77-99.95	1.061	1.02-1.11	1	1.613	6751/10667	98.54	0	NZ_QQRQ01000001.1 Evtepia gabavorous strain KLE1738 KLE1738_1, whole genome shotgun sequence
/home/jb/open_problems/medical/dysbiosis/fastq_analysis/qc/CXD568_trim_1.fastq.gz	gtdb_genomes_reps_r220/database/GCF/014/384/965/GCF_014384965.1_genomic.fna.gz	0.2372	0.1998	98.84	1.056	98.72-98.96	1.056	1.00-1.11	1	1.750	5441/11783	97.54	228	NZ_JACRSW010000027.1 Jutongia hominis strain BX3 BX3_ctg001, whole genome shotgun sequence
/home/jb/open_problems/medical/dysbiosis/fastq_analysis/qc/CXD568_trim_1.fastq.gz	gtdb_genomes_reps_r220/database/GCF/025/150/245/GCF_025150245.1_genomic.fna.gz	0.2254	0.2209	98.44	1.004	98.31-98.56	1.004	0.95-1.05	2	2.112	5316/13409	97.06	1009	NZ_CP102279.1 Dorea formicigenerans strain ATCC 27755 chromosome, complete genome
/home/jb/open_problems/medical/dysbiosis/fastq_analysis/qc/CXD568_trim_1.fastq.gz	gtdb_genomes_reps_r220/database/GCA/004/000/625/GCA_004000625.1_genomic.fna.gz	0.2170	0.1686	98.78	0.966	98.67-98.92	0.966	0.91-1.02	1	1.641	4595/10810	97.28	39	SAUS01000023.1 MAG: Candidatus Cibiobacter qucibialis isolate SGB15286A NODE_1001_length_34658_cov_24.6781, whole genome shotgun sequence
/home/jb/open_problems/medical/dysbiosis/fastq_analysis/qc/CXD568_trim_1.fastq.gz	gtdb_genomes_reps_r220/database/GCF/025/567/525/GCF_025567525.1_genomic.fna.gz	0.2131	0.2486	98.33	0.949	98.21-98.44	0.949	0.90-0.99	1	1.690	6002/16126	96.86	1130	NZ_JAOQJY010000001.1 Gallintestinimicrobium propionicum strain Sanger_16 .14207_7_45.1, whole genome shotgun sequence
/home/jb/open_problems/medical/dysbiosis/fastq_analysis/qc/CXD568_trim_1.fastq.gz	gtdb_genomes_reps_r220/database/GCF/014/288/055/GCF_014288055.1_genomic.fna.gz	0.2127	0.1676	97.12	0.947	96.93-97.25	0.947	0.88-1.03	1	1.645	2676/10808	95.60	523	NZ_JACOPK010000001.1 Agathobaculum hominis strain M2 M2_ctg0001, whole genome shotgun sequence
/home/jb/open_problems/medical/dysbiosis/fastq_analysis/qc/CXD568_trim_1.fastq.gz	gtdb_genomes_reps_r220/database/GCF/025/147/765/GCF_025147765.1_genomic.fna.gz	0.2060	0.2311	98.06	0.917	97.92-98.19	0.917	0.86-0.96	1	1.780	5055/15190	96.51	1759	NZ_CP102265.1 Blautia obeum ATCC 29174 chromosome, complete genome
/home/jb/open_problems/medical/dysbiosis/fastq_analysis/qc/CXD568_trim_1.fastq.gz	gtdb_genomes_reps_r220/database/GCA/000/154/345/GCA_000154345.1_genomic.fna.gz	0.2042	0.2052	99.34	0.909	99.23-99.46	0.909	0.86-0.95	1	1.618	6763/13860	97.71	77	DS480351.1 Clostridium leptum DSM 753 Scfld_02_20 genomic scaffold, whole genome shotgun sequence
/home/jb/open_problems/medical/dysbiosis/fastq_analysis/qc/CXD568_trim_1.fastq.gz	gtdb_genomes_reps_r220/database/GCA/900/550/315/GCA_900550315.1_genomic.fna.gz	0.2042	0.1154	97.92	0.909	97.74-98.11	0.909	0.82-0.99	1	1.535	2453/7879	96.31	13	URRK01000001.1 uncultured Ruminococcaceae bacterium isolate UMGS1279 genome assembly, contig: NODE_552_length_38426_cov_3.466602, whole genome shotgun sequence
/home/jb/open_problems/medical/dysbiosis/fastq_analysis/qc/CXD568_trim_1.fastq.gz	gtdb_genomes_reps_r220/database/GCF/025/566/865/GCF_025566865.1_genomic.fna.gz	0.1926	0.2381	99.49	0.857	99.38-99.60	0.857	0.82-0.89	1	1.720	8792/17061	97.88	25	NZ_JAOQJM010000001.1 Blautia acetigignens strain Sanger_28 .13414_6_20.1, whole genome shotgun sequence
/home/jb/open_problems/medical/dysbiosis/fastq_analysis/qc/CXD568_trim_1.fastq.gz	gtdb_genomes_reps_r220/database/GCF/000/949/455/GCF_000949455.1_genomic.fna.gz	0.1873	0.2367	98.76	0.834	98.63-98.84	0.834	0.79-0.88	1	1.563	6937/17864	96.99	304	NZ_JXXK01000001.1 Ruthenibacterium lactatiformans strain 585-1 contig00001, whole genome shotgun sequence
/home/jb/open_problems/medical/dysbiosis/fastq_analysis/qc/CXD568_trim_1.fastq.gz	gtdb_genomes_reps_r220/database/GCA/900/542/395/GCA_900542395.1_genomic.fna.gz	0.1868	0.1318	97.51	0.832	97.34-97.70	0.832	0.78-0.90	1	1.494	2592/10023	95.73	353	UQNM01000001.1 uncultured Clostridiales bacterium isolate UMGS459 genome assembly, contig: NODE_395_length_65181_cov_5.190400, whole genome shotgun sequence
/home/jb/open_problems/medical/dysbiosis/fastq_analysis/qc/CXD568_trim_1.fastq.gz	gtdb_genomes_reps_r220/database/GCF/000/425/045/GCF_000425045.1_genomic.fna.gz	0.1832	0.1285	99.82	0.815	99.69-99.95	0.815	0.77-0.86	1	1.492	5122/9707	97.96	0	NZ_AULA01000001.1 Acidaminococcus intestini DSM 21505 H503DRAFT_scaffold00001.1_C, whole genome shotgun sequence
/home/jb/open_problems/medical/dysbiosis/fastq_analysis/qc/CXD568_trim_1.fastq.gz	gtdb_genomes_reps_r220/database/GCA/902/363/665/GCA_902363665.1_genomic.fna.gz	0.1829	0.2329	98.35	0.815	98.20-98.49	0.815	0.77-0.86	1	1.685	5828/17267	96.56	1066	CABJAW010000001.1 Lachnospiraceae bacterium isolate MGYG-HGUT-00137 genome assembly, contig: .21673_4_12.1, whole genome shotgun sequence
/home/jb/open_problems/medical/dysbiosis/fastq_analysis/qc/CXD568_trim_1.fastq.gz	gtdb_genomes_reps_r220/database/GCF/000/296/465/GCF_000296465.1_genomic.fna.gz	0.1753	0.1856	98.70	0.781	98.55-98.81	0.781	0.74-0.83	1	1.459	5638/14696	96.96	276	NZ_JH815203.1 Barnesiella intestinihominis YIT 11860 supercont1.1, whole genome shotgun sequence
/home/jb/open_problems/medical/dysbiosis/fastq_analysis/qc/CXD568_trim_1.fastq.gz	gtdb_genomes_reps_r220/database/GCA/900/553/645/GCA_900553645.1_genomic.fna.gz	0.1696	0.1009	98.44	0.755	98.24-98.64	0.755	0.69-0.82	1	1.438	2692/8258	96.45	40	USEE01000001.1 uncultured Clostridiales bacterium isolate UMGS1633 genome assembly, contig: NODE_876_length_21253_cov_3.448391, whole genome shotgun sequence
/home/jb/open_problems/medical/dysbiosis/fastq_analysis/qc/CXD568_trim_1.fastq.gz	gtdb_genomes_reps_r220/database/GCA/000/432/275/GCA_000432275.1_genomic.fna.gz	0.1689	0.0887	99.12	0.752	98.94-99.33	0.752	0.69-0.80	1	1.406	2970/7397	97.10	1	HF995253.1 Proteobacteria bacterium CAG:495 genomic scaffold, scf9, whole genome shotgun sequence
/home/jb/open_problems/medical/dysbiosis/fastq_analysis/qc/CXD568_trim_1.fastq.gz	gtdb_genomes_reps_r220/database/GCA/900/112/995/GCA_900112995.1_genomic.fna.gz	0.1670	0.1446	99.13	0.743	98.96-99.27	0.743	0.70-0.79	1	1.496	4984/12183	97.16	153	FONU01000049.1 Lactobacillus rogosae strain ATCC 27753 genome assembly, contig: Ga0052885_scaffold00047.47, whole genome shotgun sequence
/home/jb/open_problems/medical/dysbiosis/fastq_analysis/qc/CXD568_trim_1.fastq.gz	gtdb_genomes_reps_r220/database/GCF/009/755/265/GCF_009755265.1_genomic.fna.gz	0.1642	0.1412	98.53	0.731	98.40-98.71	0.731	0.67-0.78	1	1.509	3953/12042	96.47	13	NZ_WPOO01000001.1 Adlercreutzia rubneri strain ResAG-91 ResAG91_contig_001, whole genome shotgun sequence
/home/jb/open_problems/medical/dysbiosis/fastq_analysis/qc/CXD568_trim_1.fastq.gz	gtdb_genomes_reps_r220/database/GCF/020/687/205/GCF_020687205.1_genomic.fna.gz	0.1576	0.1583	98.22	0.702	98.08-98.35	0.702	0.66-0.74	1	1.524	4077/13974	96.10	963	NZ_JAJEQE010000100.1 Hominisplanchenecus faecis strain CLA-AA-H246 NODE_100_length_1501_cov_195.508427, whole genome shotgun sequence
/home/jb/open_problems/medical/dysbiosis/fastq_analysis/qc/CXD568_trim_1.fastq.gz	gtdb_genomes_reps_r220/database/GCA/001/312/505/GCA_001312505.1_genomic.fna.gz	0.1562	0.1564	97.23	0.695	97.04-97.41	0.695	0.63-0.74	1	1.524	2952/13972	95.11	1522	BBDW01000001.1 [Ruminococcus] faecis JCM 15917 DNA, contig: JCM15917.contig00001, whole genome shotgun sequence
/home/jb/open_problems/medical/dysbiosis/fastq_analysis/qc/CXD568_trim_1.fastq.gz	gtdb_genomes_reps_r220/database/GCF/003/478/035/GCF_003478035.1_genomic.fna.gz	0.1508	0.1665	98.51	0.671	98.33-98.63	0.671	0.63-0.72	1	1.535	4843/15363	96.34	745	NZ_QUEP01000001.1 Clostridium sp. OF03-18AA OF03-18AA.Scaf1, whole genome shotgun sequence
/home/jb/open_problems/medical/dysbiosis/fastq_analysis/qc/CXD568_trim_1.fastq.gz	gtdb_genomes_reps_r220/database/GCF/003/474/435/GCF_003474435.1_genomic.fna.gz	0.1499	0.1693	98.29	0.667	98.14-98.45	0.667	0.62-0.72	2	3.277	4645/15762	96.14	1723	NZ_QRNF01000001.1 Ruminococcus sp. AF46-10NS AF46-10NS.Scaf1, whole genome shotgun sequence
/home/jb/open_problems/medical/dysbiosis/fastq_analysis/qc/CXD568_trim_1.fastq.gz	gtdb_genomes_reps_r220/database/GCA/003/522/945/GCA_003522945.1_genomic.fna.gz	0.1490	0.0843	98.72	0.664	98.51-98.92	0.664	0.61-0.73	1	1.448	2535/7774	96.45	28	DPHR01000023.1 MAG TPA_asm: Clostridiales bacterium isolate UBA11467 contig_10094, whole genome shotgun sequence
/home/jb/open_problems/medical/dysbiosis/fastq_analysis/qc/CXD568_trim_1.fastq.gz	gtdb_genomes_reps_r220/database/GCF/020/554/845/GCF_020554845.1_genomic.fna.gz	0.1467	0.1850	98.72	0.653	98.52-98.85	0.653	0.62-0.70	1	1.673	5815/17617	96.49	1039	NZ_JAJCIA010000001.1 Blautia faecis strain DFI.3.66 LDJIBEFH_1, whole genome shotgun sequence
/home/jb/open_problems/medical/dysbiosis/fastq_analysis/qc/CXD568_trim_1.fastq.gz	gtdb_genomes_reps_r220/database/GCA/019/116/605/GCA_019116605.1_genomic.fna.gz	0.1451	0.0954	99.05	0.646	98.85-99.26	0.646	0.59-0.69	1	1.385	3243/9167	96.70	10	DXBI01000025.1 MAG TPA_asm: Candidatus Dorea faecipullorum isolate ChiGjej2B2-10896 ChiGjej2B2M5__C103489_L2564_SAMN08009833, whole genome shotgun sequence
/home/jb/open_problems/medical/dysbiosis/fastq_analysis/qc/CXD568_trim_1.fastq.gz	gtdb_genomes_reps_r220/database/GCF/006/542/665/GCF_006542665.1_genomic.fna.gz	0.1444	0.1465	99.18	0.643	99.03-99.32	0.643	0.61-0.68	1	1.419	5389/14233	96.92	49	NZ_AP019735.1 Alistipes communis strain 5CBH24 chromosome, complete genome
/home/jb/open_problems/medical/dysbiosis/fastq_analysis/qc/CXD568_trim_1.fastq.gz	gtdb_genomes_reps_r220/database/GCF/025/567/195/GCF_025567195.1_genomic.fna.gz	0.1428	0.1492	97.96	0.636	97.76-98.11	0.636	0.60-0.68	1	1.433	3620/14520	95.62	794	NZ_JAOQJF010000001.1 Alitiscatomonas aceti strain f_CCE .18048_1_85.1, whole genome shotgun sequence
/home/jb/open_problems/medical/dysbiosis/fastq_analysis/qc/CXD568_trim_1.fastq.gz	gtdb_genomes_reps_r220/database/GCF/003/435/375/GCF_003435375.1_genomic.fna.gz	0.1381	0.1593	97.66	0.615	97.48-97.84	0.615	0.57-0.66	1	1.564	3588/16043	95.28	2083	NZ_QWGL01000001.1 Clostridium sp. AM34-11AC AM34-11AC.Scaf1, whole genome shotgun sequence
/home/jb/open_problems/medical/dysbiosis/fastq_analysis/qc/CXD568_trim_1.fastq.gz	gtdb_genomes_reps_r220/database/GCA/905/215/055/GCA_905215055.1_genomic.fna.gz	0.1319	0.1199	98.60	0.587	98.43-98.77	0.587	0.55-0.63	1	1.804	3715/12564	96.15	64	CAJMOH010000001.1 TPA_asm: uncultured bacterium isolate ERR1430498-bin.2 genome assembly, contig: NODE_85_length_149892_cov_12.403699, whole genome shotgun sequence
/home/jb/open_problems/medical/dysbiosis/fastq_analysis/qc/CXD568_trim_1.fastq.gz	gtdb_genomes_reps_r220/database/GCA/910/588/075/GCA_910588075.1_genomic.fna.gz	0.1294	0.0913	98.88	0.576	98.70-99.08	0.576	0.54-0.61	1	1.320	3067/9929	96.28	2	CAJUOS010000001.1 MAG TPA_asm: uncultured Erysipelotrichaceae bacterium isolate MGBC163490 genome assembly, contig: MGBC163490.1, whole genome shotgun sequence
/home/jb/open_problems/medical/dysbiosis/fastq_analysis/qc/CXD568_trim_1.fastq.gz	gtdb_genomes_reps_r220/database/GCF/005/121/165/GCF_005121165.3_genomic.fna.gz	0.1258	0.1383	99.64	0.560	99.48-99.79	0.560	0.53-0.59	1	1.538	6009/15083	97.07	41	NZ_CP034413.3 Dysosmobacter welbionis strain J115 chromosome, complete genome
/home/jb/open_problems/medical/dysbiosis/fastq_analysis/qc/CXD568_trim_1.fastq.gz	gtdb_genomes_reps_r220/database/GCF/020/686/945/GCF_020686945.1_genomic.fna.gz	0.1233	0.1479	98.45	0.549	98.29-98.62	0.549	0.51-0.58	1	1.451	4468/16728	95.83	953	NZ_JAJEPR010000100.1 Fusicatenibacter sp. CLA-AA-H277 NODE_100_length_1191_cov_37.984740, whole genome shotgun sequence
/home/jb/open_problems/medical/dysbiosis/fastq_analysis/qc/CXD568_trim_1.fastq.gz	gtdb_genomes_reps_r220/database/GCF/020/564/355/GCF_020564355.1_genomic.fna.gz	0.1225	0.1135	99.09	0.545	98.92-99.26	0.545	0.51-0.58	1	1.474	4166/12905	96.42	150	NZ_JAJCRR010000001.1 Lachnospira pectinoschiza strain SL.1.13 OMCMFGFK_1, whole genome shotgun sequence
/home/jb/open_problems/medical/dysbiosis/fastq_analysis/qc/CXD568_trim_1.fastq.gz	gtdb_genomes_reps_r220/database/GCF/014/297/245/GCF_014297245.1_genomic.fna.gz	0.1211	0.1347	96.72	0.539	96.41-97.04	0.539	0.47-0.59	1	2.003	2333/15472	94.08	3725	NZ_JACOQG010000001.1 Blautia difficilis strain M29 M30_ctg001, whole genome shotgun sequence
/home/jb/open_problems/medical/dysbiosis/fastq_analysis/qc/CXD568_trim_1.fastq.gz	gtdb_genomes_reps_r220/database/GCF/000/701/705/GCF_000701705.1_genomic.fna.gz	0.1211	0.1723	98.98	0.539	98.85-99.11	0.539	0.51-0.56	1	1.308	5994/19755	96.23	2	NZ_JNJP01000001.1 Bilophila wadsworthia ATCC 49260 T370DRAFT_scaffold00001.1_C, whole genome shotgun sequence
/home/jb/open_problems/medical/dysbiosis/fastq_analysis/qc/CXD568_trim_1.fastq.gz	gtdb_genomes_reps_r220/database/GCF/000/154/445/GCF_000154445.1_genomic.fna.gz	0.1184	0.1081	99.55	0.527	99.42-99.72	0.527	0.49-0.55	1	1.304	4594/12778	96.75	1	NZ_DS499569.1 Intestinibacter bartlettii DSM 16795 Scfld_02_17, whole genome shotgun sequence
/home/jb/open_problems/medical/dysbiosis/fastq_analysis/qc/CXD568_trim_1.fastq.gz	gtdb_genomes_reps_r220/database/GCF/014/384/705/GCF_014384705.1_genomic.fna.gz	0.1122	0.1027	98.96	0.500	98.77-99.17	0.500	0.46-0.53	1	1.373	3561/12421	96.05	251	NZ_JACRSN010000001.1 Yeguia hominis strain NSJ-40 M1_ctg001, whole genome shotgun sequence
/home/jb/open_problems/medical/dysbiosis/fastq_analysis/qc/CXD568_trim_1.fastq.gz	gtdb_genomes_reps_r220/database/GCA/934/426/285/GCA_934426285.1_genomic.fna.gz	0.1098	0.0757	96.10	0.489	95.71-96.50	0.489	0.41-0.56	1	1.645	1091/9596	93.23	622	CAKRYE010000001.1 MAG: uncultured Blautia sp. isolate REFINED_METABAT215_TOP10_CONTIGS_1500_ASSEMBLY_K77_MERGED__Hadza_PheChl_Fiber-Hadza-Nepal_E_10_1530.130 genome assembly, contig: Hadza_PheChl_Fiber-Hadza-Nepal_E_10_1530__NODE_487_length_75726_cov_33.239778, whole genome shotgun sequence
/home/jb/open_problems/medical/dysbiosis/fastq_analysis/qc/CXD568_trim_1.fastq.gz	gtdb_genomes_reps_r220/database/GCA/003/514/385/GCA_003514385.1_genomic.fna.gz	0.1092	0.0696	97.03	0.486	96.69-97.30	0.486	0.43-0.54	1	1.261	1355/8959	94.09	28	DOQR01000005.1 MAG TPA_asm: Oscillospiraceae bacterium isolate UBA11447 contig_1984, whole genome shotgun sequence
/home/jb/open_problems/medical/dysbiosis/fastq_analysis/qc/CXD568_trim_1.fastq.gz	gtdb_genomes_reps_r220/database/GCF/025/145/285/GCF_025145285.1_genomic.fna.gz	0.1091	0.1297	97.58	0.486	97.38-97.77	0.486	0.45-0.52	1	1.378	2980/16516	94.63	1128	NZ_CP102251.1 Alistipes onderdonkii strain DSM 19147 chromosome, complete genome
/home/jb/open_problems/medical/dysbiosis/fastq_analysis/qc/CXD568_trim_1.fastq.gz	gtdb_genomes_reps_r220/database/GCF/025/148/635/GCF_025148635.1_genomic.fna.gz	0.1065	0.1575	98.43	0.474	98.25-98.61	0.474	0.44-0.50	1	1.258	4684/20251	95.39	264	NZ_CP102269.1 Butyricimonas virosa strain DSM 23226 chromosome, complete genome
/home/jb/open_problems/medical/dysbiosis/fastq_analysis/qc/CXD568_trim_1.fastq.gz	gtdb_genomes_reps_r220/database/GCA/900/542/445/GCA_900542445.1_genomic.fna.gz	0.1059	0.0874	98.80	0.472	98.60-99.02	0.472	0.43-0.51	1	1.329	3010/11641	95.73	33	UQNN01000001.1 uncultured Clostridiales bacterium isolate UMGS462 genome assembly, contig: NODE_2_length_402639_cov_8.139072, whole genome shotgun sequence
/home/jb/open_problems/medical/dysbiosis/fastq_analysis/qc/CXD568_trim_1.fastq.gz	gtdb_genomes_reps_r220/database/GCA/019/118/845/GCA_019118845.1_genomic.fna.gz	0.1051	0.0776	99.08	0.468	98.87-99.31	0.468	0.43-0.50	1	1.282	2933/10440	95.99	13	DWYE01000080.1 MAG TPA_asm: Candidatus Anaeromassilibacillus stercoravium isolate ChiSjej5B23-4625 ChiSjej5B23M5__C100897_L19793_SAMN08009953, whole genome shotgun sequence
/home/jb/open_problems/medical/dysbiosis/fastq_analysis/qc/CXD568_trim_1.fastq.gz	gtdb_genomes_reps_r220/database/GCA/019/112/625/GCA_019112625.1_genomic.fna.gz	0.1051	0.0706	97.80	0.468	97.49-98.09	0.468	0.42-0.51	1	1.364	1809/9622	94.75	171	DXIW01000011.1 MAG TPA_asm: Candidatus Acutalibacter stercorigallinarum isolate ChiGjej2B2-2649 ChiGjej2B2M5__C121068_L12133_SAMN08009833, whole genome shotgun sequence
/home/jb/open_problems/medical/dysbiosis/fastq_analysis/qc/CXD568_trim_1.fastq.gz	gtdb_genomes_reps_r220/database/GCF/900/129/655/GCF_900129655.1_genomic.fna.gz	0.1050	0.1210	98.91	0.467	98.72-99.10	0.467	0.43-0.50	1	1.261	4398/16248	95.87	132	NZ_FQWK01000018.1 Bacteroides clarus YIT 12056, whole genome shotgun sequence
/home/jb/open_problems/medical/dysbiosis/fastq_analysis/qc/CXD568_trim_1.fastq.gz	gtdb_genomes_reps_r220/database/GCF/025/144/995/GCF_025144995.1_genomic.fna.gz	0.1044	0.0917	99.28	0.465	99.09-99.50	0.465	0.43-0.49	1	1.261	3590/12086	96.16	7	NZ_CP102250.1 Alistipes indistinctus YIT 12060 chromosome, complete genome
/home/jb/open_problems/medical/dysbiosis/fastq_analysis/qc/CXD568_trim_1.fastq.gz	gtdb_genomes_reps_r220/database/GCA/900/764/105/GCA_900764105.1_genomic.fna.gz	0.1031	0.0623	96.95	0.459	96.59-97.28	0.459	0.41-0.51	1	1.275	1205/8563	93.87	6	CAAFMS010000001.1 MAG TPA_asm: Clostridia bacterium, isolate HGM11441, WGS project CAAFMS010000000 data, contig: SRS1596872_78_k141_8015, whole genome shotgun sequence
/home/jb/open_problems/medical/dysbiosis/fastq_analysis/qc/CXD568_trim_1.fastq.gz	gtdb_genomes_reps_r220/database/GCA/902/363/135/GCA_902363135.1_genomic.fna.gz	0.1019	0.1182	98.86	0.454	98.65-99.08	0.454	0.42-0.49	1	1.546	4254/16024	95.81	589	CABIZF010000001.1 Lachnospiraceae bacterium isolate MGYG-HGUT-00092 genome assembly, contig: .20287_6_63.1, whole genome shotgun sequence
/home/jb/open_problems/medical/dysbiosis/fastq_analysis/qc/CXD568_trim_1.fastq.gz	gtdb_genomes_reps_r220/database/GCA/003/478/355/GCA_003478355.1_genomic.fna.gz	0.0979	0.1305	97.47	0.436	97.23-97.74	0.436	0.39-0.47	1	1.620	2990/18419	94.30	1744	QUFC01000001.1 Lachnospiraceae bacterium AM48-27BH AM48-27BH.Scaf1, whole genome shotgun sequence
/home/jb/open_problems/medical/dysbiosis/fastq_analysis/qc/CXD568_trim_1.fastq.gz	gtdb_genomes_reps_r220/database/GCA/000/432/135/GCA_000432135.1_genomic.fna.gz	0.0942	0.0735	98.81	0.420	98.58-99.06	0.420	0.38-0.45	1	1.302	2619/11056	95.46	50	HF990512.1 Firmicutes bacterium CAG:124 genomic scaffold, scf7, whole genome shotgun sequence
/home/jb/open_problems/medical/dysbiosis/fastq_analysis/qc/CXD568_trim_1.fastq.gz	gtdb_genomes_reps_r220/database/GCF/028/539/415/GCF_028539415.1_genomic.fna.gz	0.0919	0.1914	98.03	0.409	97.87-98.22	0.409	0.38-0.43	1	1.252	5312/29270	94.64	2140	NZ_JANSWE010000001.1 Bacteroides cellulosilyticus DSM 14838 contig_1, whole genome shotgun sequence
/home/jb/open_problems/medical/dysbiosis/fastq_analysis/qc/CXD568_trim_1.fastq.gz	gtdb_genomes_reps_r220/database/GCA/905/206/455/GCA_905206455.1_genomic.fna.gz	0.0906	0.0604	99.39	0.404	99.16-99.69	0.404	0.36-0.43	1	1.220	2523/9189	95.92	2	CAJLHL010000001.1 MAG TPA_asm: uncultured Clostridiales bacterium isolate ERR1600730-bin.21 genome assembly, contig: NODE_572_length_69647_cov_5.957423, whole genome shotgun sequence
/home/jb/open_problems/medical/dysbiosis/fastq_analysis/qc/CXD568_trim_1.fastq.gz	gtdb_genomes_reps_r220/database/GCF/003/024/715/GCF_003024715.1_genomic.fna.gz	0.0893	0.0899	97.78	0.398	97.51-98.06	0.398	0.36-0.43	1	1.515	2290/13933	94.34	1361	NZ_PYLO01000001.1 Clostridium fessum strain SNUG30386 scaffold_0, whole genome shotgun sequence
/home/jb/open_problems/medical/dysbiosis/fastq_analysis/qc/CXD568_trim_1.fastq.gz	gtdb_genomes_reps_r220/database/GCF/000/435/835/GCF_000435835.1_genomic.fna.gz	0.0890	0.0846	99.37	0.396	99.20-99.61	0.396	0.36-0.42	1	1.228	3647/13567	95.85	3	NZ_FR883346.1 Clostridium sp. CAG:221, whole genome shotgun sequence
/home/jb/open_problems/medical/dysbiosis/fastq_analysis/qc/CXD568_trim_1.fastq.gz	gtdb_genomes_reps_r220/database/GCF/025/144/665/GCF_025144665.1_genomic.fna.gz	0.0878	0.0750	98.96	0.391	98.71-99.24	0.391	0.36-0.43	1	1.219	2788/11893	95.43	31	NZ_CP102294.1 Alistipes ihumii AP11 chromosome, complete genome
/home/jb/open_problems/medical/dysbiosis/fastq_analysis/qc/CXD568_trim_1.fastq.gz	gtdb_genomes_reps_r220/database/GCF/000/265/365/GCF_000265365.1_genomic.fna.gz	0.0861	0.0989	96.06	0.384	95.74-96.46	0.384	0.33-0.43	1	1.544	1422/15352	92.61	1164	NC_018011.1 Alistipes finegoldii DSM 17242, complete sequence
/home/jb/open_problems/medical/dysbiosis/fastq_analysis/qc/CXD568_trim_1.fastq.gz	gtdb_genomes_reps_r220/database/GCA/018/223/385/GCA_018223385.1_genomic.fna.gz	0.0861	0.0822	98.42	0.383	98.14-98.67	0.383	0.35-0.42	1	1.255	2651/13562	94.87	393	JAGTTR010000010.1 Oscillospiraceae bacterium Marseille-Q3528 NODE_10_length_123350_cov_15.6595, whole genome shotgun sequence
/home/jb/open_problems/medical/dysbiosis/fastq_analysis/qc/CXD568_trim_1.fastq.gz	gtdb_genomes_reps_r220/database/GCF/937/890/665/GCF_937890665.1_genomic.fna.gz	0.0859	0.0992	97.06	0.382	96.76-97.35	0.382	0.34-0.42	1	1.504	2060/16277	93.55	437	NZ_CALADU010000001.1 MAG: uncultured Subdoligranulum sp. isolate ERR318707_bin.71_CONCOCT_v1.1_MAG ERZ1764579.1107, whole genome shotgun sequence
/home/jb/open_problems/medical/dysbiosis/fastq_analysis/qc/CXD568_trim_1.fastq.gz	gtdb_genomes_reps_r220/database/GCF/001/591/705/GCF_001591705.1_genomic.fna.gz	0.0850	0.0613	97.87	0.379	97.55-98.20	0.379	0.34-0.42	1	1.259	1634/10086	94.30	306	NZ_BCVK01000001.1 Lactococcus cremoris subsp. cremoris NBRC 100676, whole genome shotgun sequence
/home/jb/open_problems/medical/dysbiosis/fastq_analysis/qc/CXD568_trim_1.fastq.gz	gtdb_genomes_reps_r220/database/GCF/003/479/425/GCF_003479425.1_genomic.fna.gz	0.0828	0.1325	99.04	0.369	98.89-99.22	0.369	0.34-0.39	1	1.295	5115/22334	95.36	54	NZ_QUHC01000001.1 Odoribacter sp. AF15-53 AF15-53.Scaf1, whole genome shotgun sequence
/home/jb/open_problems/medical/dysbiosis/fastq_analysis/qc/CXD568_trim_1.fastq.gz	gtdb_genomes_reps_r220/database/GCA/904/394/705/GCA_904394705.1_genomic.fna.gz	0.0823	0.0502	98.42	0.367	98.05-98.75	0.367	0.33-0.41	1	1.207	1617/8626	94.74	14	CAJFNJ010000001.1 Candidatus Avimicrobium caecorum isolate Coassembly_mag_137 genome assembly, contig: MAGpy_11413_min2k_bin_137_fak87_61810, whole genome shotgun sequence
/home/jb/open_problems/medical/dysbiosis/fastq_analysis/qc/CXD568_trim_1.fastq.gz	gtdb_genomes_reps_r220/database/GCF/000/236/865/GCF_000236865.1_genomic.fna.gz	0.0818	0.0603	97.44	0.364	97.07-97.83	0.364	0.32-0.42	1	1.302	1380/10103	93.78	130	NZ_HE611015.1 Senegalimassilia anaerobia JC110 strain type strain: JC110, whole genome shotgun sequence
/home/jb/open_problems/medical/dysbiosis/fastq_analysis/qc/CXD568_trim_1.fastq.gz	gtdb_genomes_reps_r220/database/GCF/009/695/995/GCF_009695995.1_genomic.fna.gz	0.0816	0.0745	95.64	0.363	95.22-96.08	0.363	0.31-0.42	1	1.877	965/12609	92.04	1110	NZ_VUMU01000001.1 Waltera intestinalis strain WCA3-601-WT-6H seq1, whole genome shotgun sequence
/home/jb/open_problems/medical/dysbiosis/fastq_analysis/qc/CXD568_trim_1.fastq.gz	gtdb_genomes_reps_r220/database/GCA/002/404/795/GCA_002404795.1_genomic.fna.gz	0.0776	0.0524	96.07	0.345	95.57-96.47	0.345	0.30-0.40	1	1.197	801/9504	92.33	195	DHKK01000146.1 MAG TPA_asm: Clostridiales bacterium UBA4696 UBA4696_contig_1000, whole genome shotgun sequence
/home/jb/open_problems/medical/dysbiosis/fastq_analysis/qc/CXD568_trim_1.fastq.gz	gtdb_genomes_reps_r220/database/GCF/025/145/645/GCF_025145645.1_genomic.fna.gz	0.0766	0.0947	97.57	0.341	97.29-97.84	0.341	0.31-0.37	1	1.333	2338/17338	93.74	1024	NZ_CP102252.1 Alistipes senegalensis JC50 chromosome, complete genome
/home/jb/open_problems/medical/dysbiosis/fastq_analysis/qc/CXD568_trim_1.fastq.gz	gtdb_genomes_reps_r220/database/GCF/013/304/735/GCF_013304735.1_genomic.fna.gz	0.0760	0.0935	97.28	0.338	97.07-97.57	0.338	0.30-0.37	1	1.724	2179/17184	93.56	4825	NZ_JAAITI010000095.1 Blautia luti strain MSK.16.34 NODE_101_length_578_cov_324.543, whole genome shotgun sequence
/home/jb/open_problems/medical/dysbiosis/fastq_analysis/qc/CXD568_trim_1.fastq.gz	gtdb_genomes_reps_r220/database/GCA/000/435/555/GCA_000435555.1_genomic.fna.gz	0.0757	0.0370	98.20	0.337	97.71-98.75	0.337	0.28-0.40	1	1.229	1119/6846	94.32	93	FR881491.1 Firmicutes bacterium CAG:176 genomic scaffold, scf4, whole genome shotgun sequence
/home/jb/open_problems/medical/dysbiosis/fastq_analysis/qc/CXD568_trim_1.fastq.gz	gtdb_genomes_reps_r220/database/GCA/019/419/095/GCA_019419095.1_genomic.fna.gz	0.0749	0.0468	95.94	0.333	95.43-96.52	0.333	0.27-0.40	1	2.423	688/8678	92.15	2411	DYAP01000001.1 MAG TPA_asm: Clostridiales bacterium isolate HRGM_Genome_1358 HRGM_Genome_1358_1, whole genome shotgun sequence
/home/jb/open_problems/medical/dysbiosis/fastq_analysis/qc/CXD568_trim_1.fastq.gz	gtdb_genomes_reps_r220/database/GCA/900/545/925/GCA_900545925.1_genomic.fna.gz	0.0726	0.0717	97.66	0.323	97.30-97.99	0.323	0.29-0.36	1	1.251	1828/13773	93.69	771	URAZ01000001.1 uncultured Clostridiales bacterium isolate UMGS830 genome assembly, contig: NODE_27_length_119457_cov_8.341464, whole genome shotgun sequence
/home/jb/open_problems/medical/dysbiosis/fastq_analysis/qc/CXD568_trim_1.fastq.gz	gtdb_genomes_reps_r220/database/GCA/025/758/065/GCA_025758065.1_genomic.fna.gz	0.0716	0.0870	97.94	0.319	97.64-98.25	0.319	0.28-0.35	1	1.320	2291/15918	93.94	1114	CP107199.1 MAG: Lachnospiraceae bacterium isolate KR001_HIC_0035 chromosome, complete genome
/home/jb/open_problems/medical/dysbiosis/fastq_analysis/qc/CXD568_trim_1.fastq.gz	gtdb_genomes_reps_r220/database/GCF/003/865/035/GCF_003865035.1_genomic.fna.gz	0.0707	0.0548	97.51	0.315	97.08-98.01	0.315	0.26-0.36	1	1.459	1293/10410	93.49	717	NZ_BHVZ01000001.1 Anaerotignum faecicola strain KCTC 15736 Contigs01, whole genome shotgun sequence
/home/jb/open_problems/medical/dysbiosis/fastq_analysis/qc/CXD568_trim_1.fastq.gz	gtdb_genomes_reps_r220/database/GCF/900/120/155/GCF_900120155.1_genomic.fna.gz	0.0698	0.0638	98.85	0.311	98.53-99.18	0.311	0.28-0.34	1	1.237	2319/12376	94.74	81	NZ_LT635547.1 Clostridium sp. Marseille-P3244 strain Marseille-P3244T, whole genome shotgun sequence
/home/jb/open_problems/medical/dysbiosis/fastq_analysis/qc/CXD568_trim_1.fastq.gz	gtdb_genomes_reps_r220/database/GCA/000/433/035/GCA_000433035.1_genomic.fna.gz	0.0687	0.0353	99.55	0.306	99.09-99.89	0.306	0.27-0.35	1	1.162	1684/7359	95.35	0	FR890794.1 Staphylococcus sp. CAG:324 genomic scaffold, scf2, whole genome shotgun sequence
/home/jb/open_problems/medical/dysbiosis/fastq_analysis/qc/CXD568_trim_1.fastq.gz	gtdb_genomes_reps_r220/database/GCF/018/408/575/GCF_018408575.1_genomic.fna.gz	0.0686	0.0539	96.76	0.305	96.30-97.31	0.305	0.24-0.35	1	1.388	1042/10670	92.77	997	NZ_AP023418.1 Vescimonas coprocola strain MM50 chromosome, complete genome
/home/jb/open_problems/medical/dysbiosis/fastq_analysis/qc/CXD568_trim_1.fastq.gz	gtdb_genomes_reps_r220/database/GCF/000/011/065/GCF_000011065.1_genomic.fna.gz	0.0684	0.1322	98.44	0.304	98.27-98.65	0.304	0.28-0.32	1	1.357	4437/26733	94.37	676	NC_004663.1 Bacteroides thetaiotaomicron VPI-5482, complete sequence
/home/jb/open_problems/medical/dysbiosis/fastq_analysis/qc/CXD568_trim_1.fastq.gz	gtdb_genomes_reps_r220/database/GCA/900/545/515/GCA_900545515.1_genomic.fna.gz	0.0680	0.0573	99.62	0.303	99.33-99.92	0.303	0.27-0.33	1	1.201	2753/11850	95.40	9	UQZA01000001.1 uncultured Clostridiales bacterium isolate UMGS777 genome assembly, contig: NODE_3_length_269332_cov_9.326303, whole genome shotgun sequence
/home/jb/open_problems/medical/dysbiosis/fastq_analysis/qc/CXD568_trim_1.fastq.gz	gtdb_genomes_reps_r220/database/GCA/934/394/595/GCA_934394595.1_genomic.fna.gz	0.0675	0.0625	95.89	0.300	95.42-96.21	0.300	0.26-0.36	1	1.241	931/13149	91.81	278	CAKRRX010000001.1 MAG: uncultured Blautia sp. isolate REFINED_METABAT215_TOP10_CONTIGS_1500_ASSEMBLY_K77_MERGED__Hadza_MoBio_hadza-E-H_K_7_1773.232 genome assembly, contig: Hadza_MoBio_hadza-E-H_K_7_1773__NODE_289_length_115336_cov_8.187612, whole genome shotgun sequence
/home/jb/open_problems/medical/dysbiosis/fastq_analysis/qc/CXD568_trim_1.fastq.gz	gtdb_genomes_reps_r220/database/GCA/902/363/805/GCA_902363805.1_genomic.fna.gz	0.0659	0.0559	98.46	0.293	98.10-98.80	0.293	0.26-0.33	1	1.747	1914/11883	94.28	448	CABJBF010000001.1 Eubacteriaceae bacterium isolate MGYG-HGUT-00139 genome assembly, contig: .21673_4_36.1, whole genome shotgun sequence
/home/jb/open_problems/medical/dysbiosis/fastq_analysis/qc/CXD568_trim_1.fastq.gz	gtdb_genomes_reps_r220/database/GCA/902/462/295/GCA_902462295.1_genomic.fna.gz	0.0656	0.0343	97.85	0.292	97.31-98.29	0.292	0.25-0.34	1	1.238	950/7316	93.63	125	CABQAZ010000001.1 MAG TPA_asm: uncultured Clostridium sp. isolate MGYG-HGUT-00421 genome assembly, contig: GUT_GENOME009639_1, whole genome shotgun sequence
/home/jb/open_problems/medical/dysbiosis/fastq_analysis/qc/CXD568_trim_1.fastq.gz	gtdb_genomes_reps_r220/database/GCF/003/574/295/GCF_003574295.1_genomic.fna.gz	0.0639	0.0596	98.48	0.285	98.12-98.82	0.285	0.25-0.32	1	1.567	2063/12994	94.24	950	NZ_BHGK01000001.1 Mediterraneibacter butyricigenes strain KCTC 15684 Contigs1, whole genome shotgun sequence
/home/jb/open_problems/medical/dysbiosis/fastq_analysis/qc/CXD568_trim_1.fastq.gz	gtdb_genomes_reps_r220/database/GCA/003/537/755/GCA_003537755.1_genomic.fna.gz	0.0636	0.0436	97.58	0.283	97.12-98.08	0.283	0.24-0.33	1	1.159	1091/9437	93.28	8	DPQS01000057.1 MAG TPA_asm: Clostridiales bacterium isolate UBA11477 contig_10032, whole genome shotgun sequence
/home/jb/open_problems/medical/dysbiosis/fastq_analysis/qc/CXD568_trim_1.fastq.gz	gtdb_genomes_reps_r220/database/GCA/900/548/465/GCA_900548465.1_genomic.fna.gz	0.0636	0.0545	97.52	0.283	97.10-97.97	0.283	0.24-0.32	1	1.241	1420/12210	93.29	108	URKY01000001.1 uncultured Eubacterium sp. isolate UMGS1096 genome assembly, contig: NODE_33_length_201478_cov_6.845350, whole genome shotgun sequence
/home/jb/open_problems/medical/dysbiosis/fastq_analysis/qc/CXD568_trim_1.fastq.gz	gtdb_genomes_reps_r220/database/GCF/029/218/125/GCF_029218125.1_genomic.fna.gz	0.0630	0.0492	95.64	0.280	94.99-96.14	0.280	0.23-0.35	1	1.364	679/10885	91.44	797	NZ_JARFXX010000010.1 Neopoerus faecalis strain CMD_1836 LM_D8_4-BHI_SB-7_1_NODE_10_length_87348, whole genome shotgun sequence
/home/jb/open_problems/medical/dysbiosis/fastq_analysis/qc/CXD568_trim_1.fastq.gz	gtdb_genomes_reps_r220/database/GCA/900/547/295/GCA_900547295.1_genomic.fna.gz	0.0620	0.0466	98.69	0.276	98.28-99.07	0.276	0.24-0.32	1	1.165	1679/10457	94.27	48	URGK01000001.1 uncultured Clostridiales bacterium isolate UMGS973 genome assembly, contig: NODE_32_length_98693_cov_4.670705, whole genome shotgun sequence
/home/jb/open_problems/medical/dysbiosis/fastq_analysis/qc/CXD568_trim_1.fastq.gz	gtdb_genomes_reps_r220/database/GCA/900/557/165/GCA_900557165.1_genomic.fna.gz	0.0603	0.0432	99.37	0.269	98.91-99.70	0.269	0.23-0.31	1	1.164	1946/10056	94.84	68	USRS01000001.1 uncultured Clostridium sp. isolate UMGS2014 genome assembly, contig: NODE_178_length_94279_cov_5.020759, whole genome shotgun sequence
/home/jb/open_problems/medical/dysbiosis/fastq_analysis/qc/CXD568_trim_1.fastq.gz	gtdb_genomes_reps_r220/database/GCF/000/225/345/GCF_000225345.1_genomic.fna.gz	0.0587	0.0649	97.82	0.262	97.49-98.24	0.262	0.22-0.29	1	1.560	1792/15124	93.35	1311	NC_015977.1 Roseburia hominis A2-183, complete sequence
/home/jb/open_problems/medical/dysbiosis/fastq_analysis/qc/CXD568_trim_1.fastq.gz	gtdb_genomes_reps_r220/database/GCA/025/758/045/GCA_025758045.1_genomic.fna.gz	0.0583	0.0566	97.81	0.260	97.43-98.19	0.260	0.22-0.30	1	1.853	1539/13219	93.30	844	CP107208.1 MAG: Oscillospiraceae bacterium isolate KR001_HIC_0042 chromosome, complete genome
/home/jb/open_problems/medical/dysbiosis/fastq_analysis/qc/CXD568_trim_1.fastq.gz	gtdb_genomes_reps_r220/database/GCA/916/988/195/GCA_916988195.3_genomic.fna.gz	0.0581	0.0574	95.63	0.259	95.12-96.32	0.259	0.21-0.31	1	1.549	790/13695	91.21	1243	CAKASQ030000001.1 Oscillospiraceae bacterium isolate POC01 genome assembly, contig: NODE_103_length_1712_cov_1308.667890, whole genome shotgun sequence
/home/jb/open_problems/medical/dysbiosis/fastq_analysis/qc/CXD568_trim_1.fastq.gz	gtdb_genomes_reps_r220/database/GCF/029/023/865/GCF_029023865.1_genomic.fna.gz	0.0577	0.0460	98.59	0.257	98.15-98.99	0.257	0.22-0.30	1	1.166	1579/10826	93.98	21	NZ_CP118969.1 Lactococcus lactis strain DSM 20481 chromosome, complete genome
/home/jb/open_problems/medical/dysbiosis/fastq_analysis/qc/CXD568_trim_1.fastq.gz	gtdb_genomes_reps_r220/database/GCA/003/480/725/GCA_003480725.1_genomic.fna.gz	0.0576	0.0581	97.59	0.257	97.22-98.05	0.257	0.21-0.29	1	1.345	1573/14143	93.16	1354	QUJQ01000001.1 Clostridiaceae bacterium AM27-36LB AM27-36LB.Scaf1, whole genome shotgun sequence
/home/jb/open_problems/medical/dysbiosis/fastq_analysis/qc/CXD568_trim_1.fastq.gz	gtdb_genomes_reps_r220/database/GCA/944/381/075/GCA_944381075.1_genomic.fna.gz	0.0563	0.0345	98.61	0.250	98.16-99.05	0.250	0.21-0.29	1	1.141	1240/8629	93.93	8	CALWJT010000001.1 MAG: uncultured Clostridia bacterium isolate E0_DP__bin197 genome assembly, contig: E0_DP__k127_2113218, whole genome shotgun sequence
/home/jb/open_problems/medical/dysbiosis/fastq_analysis/qc/CXD568_trim_1.fastq.gz	gtdb_genomes_reps_r220/database/GCF/014/306/095/GCF_014306095.1_genomic.fna.gz	0.0558	0.0360	98.18	0.248	97.72-98.61	0.248	0.21-0.29	1	1.167	1113/8934	93.50	108	NZ_JACRWC010000048.1 Lentihominibacter faecis strain BX16 BX-16_ctg00003, whole genome shotgun sequence
/home/jb/open_problems/medical/dysbiosis/fastq_analysis/qc/CXD568_trim_1.fastq.gz	gtdb_genomes_reps_r220/database/GCA/003/525/905/GCA_003525905.1_genomic.fna.gz	0.0554	0.0374	98.16	0.247	97.74-98.66	0.247	0.21-0.29	1	1.303	1153/9364	93.47	137	DQIA01000017.1 MAG TPA_asm: Clostridiales bacterium isolate UBA10758 contig_10012, whole genome shotgun sequence
/home/jb/open_problems/medical/dysbiosis/fastq_analysis/qc/CXD568_trim_1.fastq.gz	gtdb_genomes_reps_r220/database/GCA/958/436/045/GCA_958436045.1_genomic.fna.gz	0.0551	0.0290	98.09	0.246	97.56-98.60	0.246	0.21-0.29	1	1.144	891/7446	93.38	29	CAUBIP010000001.1 MAG TPA_asm: uncultured Oscillospiraceae bacterium isolate SRR18940306_bin.18_MetaWRAP_v1.3_MAG genome assembly, contig: ERZ18683049.192, whole genome shotgun sequence
/home/jb/open_problems/medical/dysbiosis/fastq_analysis/qc/CXD568_trim_1.fastq.gz	gtdb_genomes_reps_r220/database/GCA/000/435/975/GCA_000435975.1_genomic.fna.gz	0.0551	0.0334	97.51	0.245	97.02-98.08	0.245	0.20-0.29	1	1.227	856/8577	92.84	172	FR884056.1 Oscillibacter sp. CAG:241 genomic scaffold, scf4, whole genome shotgun sequence
/home/jb/open_problems/medical/dysbiosis/fastq_analysis/qc/CXD568_trim_1.fastq.gz	gtdb_genomes_reps_r220/database/GCF/025/567/415/GCF_025567415.1_genomic.fna.gz	0.0548	0.0454	98.16	0.244	97.73-98.62	0.244	0.21-0.28	1	1.302	1406/11424	93.47	642	NZ_JAOQJV010000001.1 Dorea ammoniilytica strain Sanger_02 .13470_2_91.1, whole genome shotgun sequence
/home/jb/open_problems/medical/dysbiosis/fastq_analysis/qc/CXD568_trim_1.fastq.gz	gtdb_genomes_reps_r220/database/GCA/902/473/035/GCA_902473035.1_genomic.fna.gz	0.0548	0.0405	95.55	0.244	94.83-96.02	0.244	0.19-0.31	1	1.133	550/10441	90.94	13	CABRQG010000001.1 MAG TPA_asm: uncultured Clostridiales bacterium isolate MGYG-HGUT-01822 genome assembly, contig: GUT_GENOME111314_1, whole genome shotgun sequence
/home/jb/open_problems/medical/dysbiosis/fastq_analysis/qc/CXD568_trim_1.fastq.gz	gtdb_genomes_reps_r220/database/GCF/900/106/845/GCF_900106845.1_genomic.fna.gz	0.0545	0.0521	98.79	0.243	98.39-99.11	0.243	0.21-0.27	1	1.131	1818/12280	94.02	38	NZ_LT629846.1 Romboutsia timonensis strain Marseille-P326, whole genome shotgun sequence
/home/jb/open_problems/medical/dysbiosis/fastq_analysis/qc/CXD568_trim_1.fastq.gz	gtdb_genomes_reps_r220/database/GCA/900/549/055/GCA_900549055.1_genomic.fna.gz	0.0534	0.0340	97.37	0.238	96.81-97.85	0.238	0.20-0.29	1	1.146	821/8860	92.61	14	URNB01000001.1 uncultured Ruminococcaceae bacterium isolate UMGS1148 genome assembly, contig: NODE_125_length_90205_cov_5.447965, whole genome shotgun sequence
/home/jb/open_problems/medical/dysbiosis/fastq_analysis/qc/CXD568_trim_1.fastq.gz	gtdb_genomes_reps_r220/database/GCA/904/420/575/GCA_904420575.1_genomic.fna.gz	0.0532	0.0484	98.48	0.237	98.07-98.85	0.237	0.21-0.27	1	1.140	1684/12836	93.66	26	CAJFVW010000001.1 uncultured Gordonibacter sp. isolate Coassembly_mag_502 genome assembly, contig: MAGpy_11413_min2k_bin_502_fak87_7924, whole genome shotgun sequence
/home/jb/open_problems/medical/dysbiosis/fastq_analysis/qc/CXD568_trim_1.fastq.gz	gtdb_genomes_reps_r220/database/GCA/019/410/105/GCA_019410105.1_genomic.fna.gz	0.0530	0.0237	97.03	0.236	96.44-97.70	0.236	0.18-0.29	1	1.334	518/6219	92.30	777	DXTB01000001.1 MAG TPA_asm: Clostridiales bacterium isolate HRGM_Genome_2519 HRGM_Genome_2519_1, whole genome shotgun sequence
/home/jb/open_problems/medical/dysbiosis/fastq_analysis/qc/CXD568_trim_1.fastq.gz	gtdb_genomes_reps_r220/database/GCA/018/711/955/GCA_018711955.1_genomic.fna.gz	0.0525	0.0422	98.39	0.234	97.92-98.73	0.234	0.20-0.27	1	1.131	1427/11311	93.54	26	DVHQ01000166.1 MAG TPA_asm: Candidatus Limiplasma merdipullorum isolate ChiBcec16-3123 ChiBcec16__C100747_L3466_SRR6323486, whole genome shotgun sequence
/home/jb/open_problems/medical/dysbiosis/fastq_analysis/qc/CXD568_trim_1.fastq.gz	gtdb_genomes_reps_r220/database/GCF/009/707/925/GCF_009707925.1_genomic.fna.gz	0.0512	0.0584	96.64	0.228	96.25-97.19	0.228	0.18-0.26	1	1.757	1147/15914	91.87	3239	NZ_WMBC01000010.1 Blautia luti DSM 14534 = JCM 17040 strain DSM 14534 NODE_10_length_159355_cov_65.184038, whole genome shotgun sequence
/home/jb/open_problems/medical/dysbiosis/fastq_analysis/qc/CXD568_trim_1.fastq.gz	gtdb_genomes_reps_r220/database/GCA/902/490/355/GCA_902490355.1_genomic.fna.gz	0.0504	0.0383	98.20	0.224	97.75-98.69	0.224	0.19-0.26	1	1.480	1239/10545	93.33	99	CABUDN010000001.1 MAG TPA_asm: uncultured Oscillibacter sp. isolate MGYG-HGUT-03910 genome assembly, contig: GUT_GENOME249374_1, whole genome shotgun sequence
/home/jb/open_problems/medical/dysbiosis/fastq_analysis/qc/CXD568_trim_1.fastq.gz	gtdb_genomes_reps_r220/database/GCA/020/555/865/GCA_020555865.1_genomic.fna.gz	0.0503	0.0340	98.85	0.224	98.37-99.30	0.224	0.19-0.26	1	1.168	1331/9466	93.87	67	JAJCJJ010000001.1 Bacterium 210917-DFI.7.65 strain DFI.7.65 OHJDKNLD_1, whole genome shotgun sequence
/home/jb/open_problems/medical/dysbiosis/fastq_analysis/qc/CXD568_trim_1.fastq.gz	gtdb_genomes_reps_r220/database/GCA/900/759/455/GCA_900759455.1_genomic.fna.gz	0.0500	0.0292	99.09	0.223	98.55-99.60	0.223	0.19-0.26	1	1.129	1237/8224	94.07	0	CAAEVI010000001.1 MAG TPA_asm: Erysipelotrichaceae bacterium, isolate HGM09884, WGS project CAAEVI010000000 data, contig: ERS608587_67_k95_638, whole genome shotgun sequence
/home/jb/open_problems/medical/dysbiosis/fastq_analysis/qc/CXD568_trim_1.fastq.gz	gtdb_genomes_reps_r220/database/GCA/000/433/515/GCA_000433515.1_genomic.fna.gz	0.0489	0.0377	98.33	0.218	97.86-98.77	0.218	0.19-0.26	1	1.122	1259/10832	93.29	17	FR891039.1 Firmicutes bacterium CAG:272 genomic scaffold, scf6, whole genome shotgun sequence
/home/jb/open_problems/medical/dysbiosis/fastq_analysis/qc/CXD568_trim_1.fastq.gz	gtdb_genomes_reps_r220/database/GCA/900/542/375/GCA_900542375.1_genomic.fna.gz	0.0480	0.0287	99.48	0.214	98.90-99.98	0.214	0.18-0.25	1	1.357	1389/8383	94.37	1	UQNI01000001.1 uncultured Ruminococcaceae bacterium isolate UMGS454 genome assembly, contig: NODE_241_length_67032_cov_4.336265, whole genome shotgun sequence
/home/jb/open_problems/medical/dysbiosis/fastq_analysis/qc/CXD568_trim_1.fastq.gz	gtdb_genomes_reps_r220/database/GCF/900/104/675/GCF_900104675.1_genomic.fna.gz	0.0477	0.0593	96.10	0.213	95.57-96.84	0.213	0.16-0.25	1	1.956	949/16789	91.15	822	NZ_LT629940.1 Angelakisella massiliensis strain Marseille-P3217T, whole genome shotgun sequence
/home/jb/open_problems/medical/dysbiosis/fastq_analysis/qc/CXD568_trim_1.fastq.gz	gtdb_genomes_reps_r220/database/GCF/020/686/965/GCF_020686965.1_genomic.fna.gz	0.0471	0.0506	97.96	0.210	97.46-98.51	0.210	0.17-0.24	1	1.334	1517/15067	92.86	1226	NZ_JAJEPS010000010.1 Hominiventricola filiformis strain CLA-AA-H276 NODE_10_length_115340_cov_22.532009, whole genome shotgun sequence
/home/jb/open_problems/medical/dysbiosis/fastq_analysis/qc/CXD568_trim_1.fastq.gz	gtdb_genomes_reps_r220/database/GCF/003/122/485/GCF_003122485.1_genomic.fna.gz	0.0454	0.0487	96.60	0.202	96.04-97.02	0.202	0.17-0.24	1	1.329	945/14925	91.48	1618	NZ_JRFU01000001.1 Eubacterium ramulus strain 21 contig1, whole genome shotgun sequence
/home/jb/open_problems/medical/dysbiosis/fastq_analysis/qc/CXD568_trim_1.fastq.gz	gtdb_genomes_reps_r220/database/GCA/900/543/915/GCA_900543915.1_genomic.fna.gz	0.0448	0.0274	98.26	0.200	97.63-98.74	0.200	0.17-0.24	1	1.113	913/8696	92.99	13	UQTB01000001.1 uncultured Clostridiales bacterium isolate UMGS621 genome assembly, contig: NODE_90_length_134391_cov_11.819743, whole genome shotgun sequence
/home/jb/open_problems/medical/dysbiosis/fastq_analysis/qc/CXD568_trim_1.fastq.gz	gtdb_genomes_reps_r220/database/GCF/002/222/615/GCF_002222615.2_genomic.fna.gz	0.0442	0.0621	98.83	0.197	98.41-99.17	0.197	0.17-0.22	1	1.621	2454/19603	93.52	119	NZ_CP022412.2 Bacteroides caccae strain ATCC 43185 chromosome, complete genome
/home/jb/open_problems/medical/dysbiosis/fastq_analysis/qc/CXD568_trim_1.fastq.gz	gtdb_genomes_reps_r220/database/GCA/021/635/425/GCA_021635425.1_genomic.fna.gz	0.0435	0.0353	96.79	0.194	96.08-97.42	0.194	0.15-0.24	1	1.118	723/11280	91.52	39	JAJWOJ010000388.1 MAG: Clostridiales bacterium isolate B44_16.fa NODE_10021_length_2297_cov_2.821142, whole genome shotgun sequence
/home/jb/open_problems/medical/dysbiosis/fastq_analysis/qc/CXD568_trim_1.fastq.gz	gtdb_genomes_reps_r220/database/GCA/934/615/635/GCA_934615635.1_genomic.fna.gz	0.0428	0.0306	99.77	0.190	99.29-100.19	0.190	0.16-0.22	1	1.119	1634/10113	94.29	1	CAKTTT010000001.1 MAG: uncultured Eubacteriales bacterium isolate REFINED_METABAT215_SUBJECT_CONTIGS_1500_ASSEMBLY_K77_MERGED__Pilot_MoBio_Fiber_I_11_1003.208 genome assembly, contig: Pilot_MoBio_Fiber_I_11_1003__NODE_3379_length_38189_cov_4.094065, whole genome shotgun sequence
/home/jb/open_problems/medical/dysbiosis/fastq_analysis/qc/CXD568_trim_1.fastq.gz	gtdb_genomes_reps_r220/database/GCA/900/760/275/GCA_900760275.1_genomic.fna.gz	0.0426	0.0259	97.96	0.190	97.25-98.67	0.190	0.15-0.23	1	1.090	779/8498	92.58	14	CAAEYL010000001.1 MAG TPA_asm: Clostridia bacterium, isolate HGM12719, WGS project CAAEYL010000000 data, contig: SRS014979_19_k99_37, whole genome shotgun sequence
/home/jb/open_problems/medical/dysbiosis/fastq_analysis/qc/CXD568_trim_1.fastq.gz	gtdb_genomes_reps_r220/database/GCA/902/472/305/GCA_902472305.1_genomic.fna.gz	0.0424	0.0332	99.76	0.189	99.26-100.26	0.189	0.16-0.22	1	1.225	1770/11064	94.26	3	CABRNK010000001.1 MAG TPA_asm: uncultured Ruminococcaceae bacterium isolate MGYG-HGUT-01760 genome assembly, contig: GUT_GENOME107124_1, whole genome shotgun sequence
/home/jb/open_problems/medical/dysbiosis/fastq_analysis/qc/CXD568_trim_1.fastq.gz	gtdb_genomes_reps_r220/database/GCA/018/711/265/GCA_018711265.1_genomic.fna.gz	0.0422	0.0328	99.01	0.188	98.53-99.45	0.188	0.16-0.22	1	1.143	1384/10987	93.54	7	DVIM01000042.1 MAG TPA_asm: Candidatus Spyradocola merdavium isolate CHK191-18038 CHK191__C101858_L4730_ERR3414586, whole genome shotgun sequence
/home/jb/open_problems/medical/dysbiosis/fastq_analysis/qc/CXD568_trim_1.fastq.gz	gtdb_genomes_reps_r220/database/GCA/934/435/195/GCA_934435195.1_genomic.fna.gz	0.0412	0.0370	95.43	0.183	94.45-96.26	0.183	0.13-0.24	1	1.190	501/12736	90.09	252	CAKSAJ010000001.1 MAG: uncultured Schaedlerella sp. isolate REFINED_METABAT215_TOP10_CONTIGS_1500_ASSEMBLY_K77_MERGED__Hadza_PheChl_Fiber-Hadza-Nepal_I_16_1564.217 genome assembly, contig: Hadza_PheChl_Fiber-Hadza-Nepal_I_16_1564__NODE_24_length_261920_cov_81.187124, whole genome shotgun sequence
/home/jb/open_problems/medical/dysbiosis/fastq_analysis/qc/CXD568_trim_1.fastq.gz	gtdb_genomes_reps_r220/database/GCF/000/153/925/GCF_000153925.1_genomic.fna.gz	0.0400	0.0337	96.09	0.178	95.28-96.81	0.178	0.13-0.24	1	1.457	530/11176	90.63	260	NZ_DS264383.1 [Ruminococcus] torques ATCC 27756 Scfld0240, whole genome shotgun sequence
/home/jb/open_problems/medical/dysbiosis/fastq_analysis/qc/CXD568_trim_1.fastq.gz	gtdb_genomes_reps_r220/database/GCF/008/121/495/GCF_008121495.1_genomic.fna.gz	0.0389	0.0425	95.74	0.173	94.85-96.40	0.173	0.14-0.23	1	1.668	621/14950	90.25	835	NZ_CP043051.1 [Ruminococcus] gnavus ATCC 29149 strain JCM6515 chromosome, complete genome
/home/jb/open_problems/medical/dysbiosis/fastq_analysis/qc/CXD568_trim_1.fastq.gz	gtdb_genomes_reps_r220/database/GCF/001/754/075/GCF_001754075.1_genomic.fna.gz	0.0379	0.0386	96.25	0.169	95.51-97.04	0.169	0.13-0.21	1	1.225	679/14289	90.64	569	NZ_MIEH01000001.1 Merdimonas faecis strain BR31 BR31_L001_R1_001_(paired)_contig_1, whole genome shotgun sequence
/home/jb/open_problems/medical/dysbiosis/fastq_analysis/qc/CXD568_trim_1.fastq.gz	gtdb_genomes_reps_r220/database/GCA/023/400/335/GCA_023400335.1_genomic.fna.gz	0.0373	0.0370	96.87	0.166	96.18-97.42	0.166	0.13-0.20	1	1.115	801/14004	91.18	160	JAEXFF010000241.1 MAG: Bacteroidetes bacterium isolate OH_HBB_237 k127_1000384, whole genome shotgun sequence
/home/jb/open_problems/medical/dysbiosis/fastq_analysis/qc/CXD568_trim_1.fastq.gz	gtdb_genomes_reps_r220/database/GCF/000/210/055/GCF_000210055.1_genomic.fna.gz	0.0372	0.0413	96.62	0.166	95.93-97.30	0.166	0.13-0.21	1	1.553	768/14631	90.93	446	NC_021021.1 Gordonibacter pamelaeae 7-10-1-b, complete sequence
/home/jb/open_problems/medical/dysbiosis/fastq_analysis/qc/CXD568_trim_1.fastq.gz	gtdb_genomes_reps_r220/database/GCA/018/380/115/GCA_018380115.1_genomic.fna.gz	0.0371	0.0315	96.36	0.165	95.51-97.08	0.165	0.13-0.21	1	1.088	594/11875	90.79	86	JAGZUF010000005.1 MAG: Oscillospiraceae bacterium isolate L1_007_365G1_dasL1_007_365G1_maxbin2.maxbin.026sta_sub L1_007_365G1_scaffold_100, whole genome shotgun sequence
/home/jb/open_problems/medical/dysbiosis/fastq_analysis/qc/CXD568_trim_1.fastq.gz	gtdb_genomes_reps_r220/database/GCF/015/140/235/GCF_015140235.1_genomic.fna.gz	0.0360	0.0281	97.11	0.160	96.43-97.77	0.160	0.13-0.20	1	1.211	663/11103	91.31	313	NZ_AP023321.1 Solibaculum mannosilyticum strain 12CBH8 chromosome, complete genome
/home/jb/open_problems/medical/dysbiosis/fastq_analysis/qc/CXD568_trim_1.fastq.gz	gtdb_genomes_reps_r220/database/GCA/018/712/885/GCA_018712885.1_genomic.fna.gz	0.0357	0.0241	98.98	0.159	98.35-99.61	0.159	0.13-0.19	1	1.140	1008/9398	93.05	17	DVGE01000009.1 MAG TPA_asm: Candidatus Pullichristensenella stercoripullorum isolate 5266 ChiHjej21__C10043_L2803_SRR6323301, whole genome shotgun sequence
/home/jb/open_problems/medical/dysbiosis/fastq_analysis/qc/CXD568_trim_1.fastq.gz	gtdb_genomes_reps_r220/database/GCA/938/049/125/GCA_938049125.1_genomic.fna.gz	0.0351	0.0192	97.13	0.156	96.22-98.06	0.156	0.12-0.21	1	1.100	449/7647	91.26	68	CALICR010000001.1 MAG TPA_asm: uncultured Clostridia bacterium isolate ERR2198629_bin.23_CONCOCT_v1.1_MAG genome assembly, contig: ERZ1767235.16022, whole genome shotgun sequence
/home/jb/open_problems/medical/dysbiosis/fastq_analysis/qc/CXD568_trim_1.fastq.gz	gtdb_genomes_reps_r220/database/GCF/000/577/815/GCF_000577815.1_genomic.fna.gz	0.0347	0.0390	99.23	0.155	98.78-99.57	0.155	0.14-0.18	1	1.100	1782/15748	93.21	28	NZ_CBYM010000001.1 Clostridium saudiense strain JCC, whole genome shotgun sequence
/home/jb/open_problems/medical/dysbiosis/fastq_analysis/qc/CXD568_trim_1.fastq.gz	gtdb_genomes_reps_r220/database/GCA/900/542/245/GCA_900542245.1_genomic.fna.gz	0.0342	0.0239	97.29	0.152	96.58-98.21	0.152	0.11-0.20	1	1.185	605/9906	91.38	139	UQMQ01000001.1 uncultured Clostridiales bacterium isolate UMGS434 genome assembly, contig: NODE_240_length_48820_cov_4.921014, whole genome shotgun sequence
/home/jb/open_problems/medical/dysbiosis/fastq_analysis/qc/CXD568_trim_1.fastq.gz	gtdb_genomes_reps_r220/database/GCF/001/553/605/GCF_001553605.1_genomic.fna.gz	0.0341	0.0387	98.98	0.152	98.50-99.35	0.152	0.13-0.18	1	1.083	1598/15586	92.92	8	NZ_CP014229.1 Desulfovibrio fairfieldensis strain CCUG 45958 chromosome, complete genome
/home/jb/open_problems/medical/dysbiosis/fastq_analysis/qc/CXD568_trim_1.fastq.gz	gtdb_genomes_reps_r220/database/GCA/946/496/415/GCA_946496415.1_genomic.fna.gz	0.0339	0.0163	97.43	0.151	96.67-98.30	0.151	0.11-0.20	1	1.091	417/6670	91.45	194	CAMMGP010000001.1 MAG: uncultured Clostridia bacterium isolate ERR4836966_bin.81_MetaWRAP_v1.1_MAG genome assembly, contig: NODE_2413_length_24681_cov_7.829205, whole genome shotgun sequence
/home/jb/open_problems/medical/dysbiosis/fastq_analysis/qc/CXD568_trim_1.fastq.gz	gtdb_genomes_reps_r220/database/GCA/934/875/375/GCA_934875375.1_genomic.fna.gz	0.0326	0.0211	97.72	0.145	96.83-98.62	0.145	0.11-0.19	1	1.403	610/9191	91.62	136	CAKXHL010000001.1 MAG: uncultured bacterium isolate MTG243_bin.11.fa genome assembly, contig: NODE_1_length_265071_cov_8.077100, whole genome shotgun sequence
/home/jb/open_problems/medical/dysbiosis/fastq_analysis/qc/CXD568_trim_1.fastq.gz	gtdb_genomes_reps_r220/database/GCF/014/287/775/GCF_014287775.1_genomic.fna.gz	0.0323	0.0291	97.53	0.144	96.78-98.22	0.144	0.11-0.18	1	1.196	779/12546	91.43	431	NZ_JACOOZ010000001.1 Eubacterium segne strain BX4 BX4_ctg001, whole genome shotgun sequence
/home/jb/open_problems/medical/dysbiosis/fastq_analysis/qc/CXD568_trim_1.fastq.gz	gtdb_genomes_reps_r220/database/GCA/959/603/585/GCA_959603585.1_genomic.fna.gz	0.0317	0.0233	99.24	0.141	98.58-99.81	0.141	0.12-0.17	1	1.070	1064/10252	92.95	1	CAUGYD010000001.1 MAG TPA_asm: uncultured Eubacteriales bacterium isolate SRR16279986_bin.37_MetaWRAP_v1.3_MAG genome assembly, contig: ERZ19289350.5, whole genome shotgun sequence
/home/jb/open_problems/medical/dysbiosis/fastq_analysis/qc/CXD568_trim_1.fastq.gz	gtdb_genomes_reps_r220/database/GCF/000/239/295/GCF_000239295.1_genomic.fna.gz	0.0317	0.0372	98.36	0.141	97.86-98.90	0.141	0.12-0.17	1	1.146	1293/16381	92.14	731	NZ_JH417617.1 Flavonifractor plautii ATCC 29863 Scfld0, whole genome shotgun sequence
/home/jb/open_problems/medical/dysbiosis/fastq_analysis/qc/CXD568_trim_1.fastq.gz	gtdb_genomes_reps_r220/database/GCF/003/477/885/GCF_003477885.1_genomic.fna.gz	0.0314	0.0498	98.69	0.140	98.31-99.08	0.140	0.12-0.16	1	1.120	1944/22262	92.44	397	NZ_QUEE01000001.1 Lachnotalea sp. AF33-28 AF33-28.Scaf1, whole genome shotgun sequence
/home/jb/open_problems/medical/dysbiosis/fastq_analysis/qc/CXD568_trim_1.fastq.gz	gtdb_genomes_reps_r220/database/GCA/944/388/335/GCA_944388335.1_genomic.fna.gz	0.0310	0.0189	99.24	0.138	98.62-99.93	0.138	0.11-0.17	1	1.166	873/8571	92.90	5	CALXIJ010000001.1 MAG: uncultured Pygmaiobacter sp. isolate E0_RM__bin206 genome assembly, contig: E0_RM__k127_2004868, whole genome shotgun sequence
/home/jb/open_problems/medical/dysbiosis/fastq_analysis/qc/CXD568_trim_1.fastq.gz	gtdb_genomes_reps_r220/database/GCF/003/480/315/GCF_003480315.1_genomic.fna.gz	0.0309	0.0306	96.83	0.138	96.10-98.02	0.138	0.09-0.17	1	1.342	650/13649	90.65	848	NZ_QUIV01000001.1 Clostridium sp. AM33-3 AM33-3.Scaf1, whole genome shotgun sequence
/home/jb/open_problems/medical/dysbiosis/fastq_analysis/qc/CXD568_trim_1.fastq.gz	gtdb_genomes_reps_r220/database/GCA/018/713/605/GCA_018713605.1_genomic.fna.gz	0.0308	0.0159	96.96	0.137	95.80-98.05	0.137	0.09-0.20	1	1.064	358/7260	90.75	5	DVOM01000014.1 MAG TPA_asm: Candidatus Scatocola faecigallinarum isolate 2846 CHK22__C100522_L11351_ERR2241687, whole genome shotgun sequence
/home/jb/open_problems/medical/dysbiosis/fastq_analysis/qc/CXD568_trim_1.fastq.gz	gtdb_genomes_reps_r220/database/GCA/018/713/365/GCA_018713365.1_genomic.fna.gz	0.0306	0.0259	95.84	0.136	94.88-96.78	0.136	0.09-0.19	1	1.106	398/11678	89.67	429	DVOU01000050.1 MAG TPA_asm: Candidatus Pullichristensenella excrementipullorum isolate 1279 ChiHcolR29__C107908_L21159_SRR6323130, whole genome shotgun sequence
/home/jb/open_problems/medical/dysbiosis/fastq_analysis/qc/CXD568_trim_1.fastq.gz	gtdb_genomes_reps_r220/database/GCF/025/567/565/GCF_025567565.1_genomic.fna.gz	0.0306	0.0289	98.24	0.136	97.58-98.94	0.136	0.10-0.17	1	1.179	977/13204	91.94	469	NZ_JAOQKF010000001.1 Muriventricola aceti strain H5_61 .14207_7_60.1, whole genome shotgun sequence
/home/jb/open_problems/medical/dysbiosis/fastq_analysis/qc/CXD568_trim_1.fastq.gz	gtdb_genomes_reps_r220/database/GCA/900/548/595/GCA_900548595.1_genomic.fna.gz	0.0305	0.0177	98.55	0.136	97.85-99.37	0.136	0.10-0.17	1	1.113	652/8062	92.21	20	URLB01000001.1 uncultured Clostridiales bacterium isolate UMGS1098 genome assembly, contig: NODE_668_length_41991_cov_3.401135, whole genome shotgun sequence
/home/jb/open_problems/medical/dysbiosis/fastq_analysis/qc/CXD568_trim_1.fastq.gz	gtdb_genomes_reps_r220/database/GCA/900/549/885/GCA_900549885.1_genomic.fna.gz	0.0304	0.0253	97.12	0.136	96.25-97.74	0.136	0.11-0.18	1	1.136	597/11652	90.86	154	URQA01000001.1 uncultured Clostridiales bacterium isolate UMGS1232 genome assembly, contig: NODE_121_length_87095_cov_7.098794, whole genome shotgun sequence
/home/jb/open_problems/medical/dysbiosis/fastq_analysis/qc/CXD568_trim_1.fastq.gz	gtdb_genomes_reps_r220/database/GCF/018/408/705/GCF_018408705.1_genomic.fna.gz	0.0302	0.0316	98.05	0.135	97.42-98.56	0.135	0.11-0.16	1	1.183	981/14246	91.73	370	NZ_AP023420.1 Pusillibacter faecalis strain MM59 chromosome
/home/jb/open_problems/medical/dysbiosis/fastq_analysis/qc/CXD568_trim_1.fastq.gz	gtdb_genomes_reps_r220/database/GCA/934/351/765/GCA_934351765.1_genomic.fna.gz	0.0297	0.0194	97.12	0.132	96.03-97.84	0.132	0.10-0.19	1	1.068	455/9079	90.80	33	CAKRJM010000001.1 MAG: uncultured Lachnospiraceae bacterium isolate REFINED_METABAT215_TOP10_CONTIGS_1500_ASSEMBLY_K77_MERGED__Hadza_PheChl_Fiber-Hadza-Nepal_A_14_1640.372 genome assembly, contig: Hadza_PheChl_Fiber-Hadza-Nepal_A_14_1640__NODE_2350_length_40934_cov_4.256994, whole genome shotgun sequence
/home/jb/open_problems/medical/dysbiosis/fastq_analysis/qc/CXD568_trim_1.fastq.gz	gtdb_genomes_reps_r220/database/GCA/019/415/645/GCA_019415645.1_genomic.fna.gz	0.0295	0.0272	97.25	0.131	96.51-98.11	0.131	0.09-0.17	1	1.248	682/13003	90.93	139	DXYV01000001.1 MAG TPA_asm: Clostridiales bacterium isolate HRGM_Genome_3993 HRGM_Genome_3993_1, whole genome shotgun sequence
/home/jb/open_problems/medical/dysbiosis/fastq_analysis/qc/CXD568_trim_1.fastq.gz	gtdb_genomes_reps_r220/database/GCF/900/199/375/GCF_900199375.1_genomic.fna.gz	0.0294	0.0298	98.25	0.131	97.48-98.93	0.131	0.10-0.17	1	1.093	1015/14285	91.82	73	NZ_LT900217.1 Gordonibacter urolithinfaciens strain DSM 27213T chromosome I
/home/jb/open_problems/medical/dysbiosis/fastq_analysis/qc/CXD568_trim_1.fastq.gz	gtdb_genomes_reps_r220/database/GCA/934/277/655/GCA_934277655.1_genomic.fna.gz	0.0292	0.0200	98.80	0.130	98.14-99.52	0.130	0.10-0.16	1	1.183	815/9606	92.35	51	CAKQVC010000001.1 MAG: uncultured Clostridia bacterium isolate REFINED_METABAT215_TOP10_CONTIGS_1500_ASSEMBLY_K77_MERGED__Nepal_MoBio_Fiber-Hadza-Nepal_D_23_RAJ0016YZ.144 genome assembly, contig: Nepal_MoBio_Fiber-Hadza-Nepal_D_23_RAJ0016YZ__NODE_2003_length_26656_cov_21.507656, whole genome shotgun sequence
/home/jb/open_problems/medical/dysbiosis/fastq_analysis/qc/CXD568_trim_1.fastq.gz	gtdb_genomes_reps_r220/database/GCA/904/399/395/GCA_904399395.1_genomic.fna.gz	0.0274	0.0246	98.03	0.122	97.21-98.64	0.122	0.10-0.16	1	1.063	788/12677	91.43	13	CAJFPJ010000001.1 uncultured Clostridia bacterium isolate Coassembly_mag_77 genome assembly, contig: MAGpy_11413_min2k_bin_77_fak87_61479, whole genome shotgun sequence
/home/jb/open_problems/medical/dysbiosis/fastq_analysis/qc/CXD568_trim_1.fastq.gz	gtdb_genomes_reps_r220/database/GCF/015/555/905/GCF_015555905.1_genomic.fna.gz	0.0272	0.0274	99.38	0.121	98.84-99.84	0.121	0.10-0.14	1	1.067	1321/14012	92.67	139	NZ_JADNLK010000010.1 Clostridium sp. D43t1_170807_H7 NODE_10_length_126598_cov_25.9431, whole genome shotgun sequence
/home/jb/open_problems/medical/dysbiosis/fastq_analysis/qc/CXD568_trim_1.fastq.gz	gtdb_genomes_reps_r220/database/GCA/019/421/925/GCA_019421925.1_genomic.fna.gz	0.0254	0.0181	99.74	0.113	99.14-100.42	0.113	0.09-0.14	1	1.092	985/9993	92.80	3	JAHZEH010000001.1 MAG: Clostridia bacterium isolate HRGM_Genome_2656 HRGM_Genome_2656_1, whole genome shotgun sequence
/home/jb/open_problems/medical/dysbiosis/fastq_analysis/qc/CXD568_trim_1.fastq.gz	gtdb_genomes_reps_r220/database/GCF/000/614/145/GCF_000614145.1_genomic.fna.gz	0.0251	0.0369	97.35	0.112	96.72-98.11	0.112	0.08-0.14	1	1.373	965/20621	90.59	633	NZ_BAKK01000144.1 Bacteroides faecichinchillae JCM 17102, whole genome shotgun sequence
/home/jb/open_problems/medical/dysbiosis/fastq_analysis/qc/CXD568_trim_1.fastq.gz	gtdb_genomes_reps_r220/database/GCF/024/499/055/GCF_024499055.1_genomic.fna.gz	0.0249	0.0213	95.59	0.111	94.61-97.14	0.111	0.06-0.16	1	1.119	295/11384	88.88	83	NZ_CP071249.1 Turicibacter bilis strain MMM721 chromosome, complete genome
/home/jb/open_problems/medical/dysbiosis/fastq_analysis/qc/CXD568_trim_1.fastq.gz	gtdb_genomes_reps_r220/database/GCF/010/120/595/GCF_010120595.1_genomic.fna.gz	0.0248	0.0160	97.61	0.111	96.49-98.53	0.111	0.08-0.16	1	1.099	424/8584	90.75	18	NZ_CP038020.1 Streptococcus thermophilus strain ATCC 19258 chromosome, complete genome
/home/jb/open_problems/medical/dysbiosis/fastq_analysis/qc/CXD568_trim_1.fastq.gz	gtdb_genomes_reps_r220/database/GCA/003/343/815/GCA_003343815.1_genomic.fna.gz	0.0247	0.0107	98.64	0.110	97.47-99.87	0.110	0.07-0.16	1	1.063	367/5389	91.70	2	QAKL01000109.1 MAG: Clostridiales bacterium isolate CIM:MAG 1201 contig_101219, whole genome shotgun sequence
/home/jb/open_problems/medical/dysbiosis/fastq_analysis/qc/CXD568_trim_1.fastq.gz	gtdb_genomes_reps_r220/database/GCF/900/186/585/GCF_900186585.1_genomic.fna.gz	0.0243	0.0202	96.70	0.108	95.36-98.03	0.108	0.07-0.15	1	1.113	417/11519	89.85	210	NZ_FYDD01000004.1 Massiliimalia timonensis strain Marseille-P3753, whole genome shotgun sequence
/home/jb/open_problems/medical/dysbiosis/fastq_analysis/qc/CXD568_trim_1.fastq.gz	gtdb_genomes_reps_r220/database/GCA/900/550/625/GCA_900550625.1_genomic.fna.gz	0.0236	0.0129	99.06	0.105	98.01-99.92	0.105	0.08-0.14	1	1.060	569/7632	91.97	6	URSW01000001.1 uncultured Clostridiales bacterium isolate UMGS1312 genome assembly, contig: NODE_671_length_36933_cov_3.055724, whole genome shotgun sequence
/home/jb/open_problems/medical/dysbiosis/fastq_analysis/qc/CXD568_trim_1.fastq.gz	gtdb_genomes_reps_r220/database/GCF/000/785/515/GCF_000785515.1_genomic.fna.gz	0.0233	0.0157	96.90	0.104	95.60-98.07	0.104	0.06-0.16	1	1.055	346/9341	89.91	114	NZ_CP009913.1 Streptococcus salivarius strain NCTC 8618 chromosome, complete genome
/home/jb/open_problems/medical/dysbiosis/fastq_analysis/qc/CXD568_trim_1.fastq.gz	gtdb_genomes_reps_r220/database/GCA/900/761/905/GCA_900761905.1_genomic.fna.gz	0.0227	0.0155	97.31	0.101	96.15-98.65	0.101	0.06-0.15	1	1.065	397/9606	90.23	4	CAAFEP010000001.1 MAG TPA_asm: Firmicutes bacterium, isolate HGM14224, WGS project CAAFEP010000000 data, contig: SRS104400_78_k99_1365, whole genome shotgun sequence
/home/jb/open_problems/medical/dysbiosis/fastq_analysis/qc/CXD568_trim_1.fastq.gz	gtdb_genomes_reps_r220/database/GCA/944/384/255/GCA_944384255.1_genomic.fna.gz	0.0225	0.0155	98.49	0.100	97.35-99.39	0.100	0.07-0.14	1	1.054	569/9592	91.29	7	CALWSS010000001.1 MAG: uncultured Clostridia bacterium isolate E11__bin155 genome assembly, contig: E11__k127_4130935, whole genome shotgun sequence
/home/jb/open_problems/medical/dysbiosis/fastq_analysis/qc/CXD568_trim_1.fastq.gz	gtdb_genomes_reps_r220/database/GCF/000/157/975/GCF_000157975.1_genomic.fna.gz	0.0223	0.0249	98.78	0.099	98.03-99.41	0.099	0.08-0.12	1	1.066	1016/15522	91.58	173	NZ_GG657710.1 Blautia hydrogenotrophica DSM 10507 Scfld93, whole genome shotgun sequence
/home/jb/open_problems/medical/dysbiosis/fastq_analysis/qc/CXD568_trim_1.fastq.gz	gtdb_genomes_reps_r220/database/GCA/900/552/095/GCA_900552095.1_genomic.fna.gz	0.0222	0.0132	96.73	0.099	95.35-98.16	0.099	0.05-0.15	1	1.149	281/8371	89.63	37	URYM01000001.1 uncultured Blautia sp. isolate UMGS1472 genome assembly, contig: NODE_319_length_28328_cov_5.332473, whole genome shotgun sequence
/home/jb/open_problems/medical/dysbiosis/fastq_analysis/qc/CXD568_trim_1.fastq.gz	gtdb_genomes_reps_r220/database/GCA/905/214/155/GCA_905214155.1_genomic.fna.gz	0.0221	0.0121	98.47	0.099	97.41-99.47	0.099	0.07-0.14	1	1.131	436/7501	91.23	65	CAJMLC010000001.1 TPA_asm: uncultured bacterium isolate ERR1430500-bin.65 genome assembly, contig: NODE_1146_length_34739_cov_7.777938, whole genome shotgun sequence
/home/jb/open_problems/medical/dysbiosis/fastq_analysis/qc/CXD568_trim_1.fastq.gz	gtdb_genomes_reps_r220/database/GCA/000/509/105/GCA_000509105.1_genomic.fna.gz	0.0215	0.0350	97.43	0.096	96.64-98.39	0.096	0.07-0.12	1	1.158	941/22892	90.22	383	BAIF02000143.1 Clostridiales bacterium VE202-21 DNA, contig: VE202-21_contig00143, whole genome shotgun sequence
/home/jb/open_problems/medical/dysbiosis/fastq_analysis/qc/CXD568_trim_1.fastq.gz	gtdb_genomes_reps_r220/database/GCA/018/711/985/GCA_018711985.1_genomic.fna.gz	0.0214	0.0167	99.00	0.095	98.16-99.98	0.095	0.07-0.12	1	1.080	735/11009	91.64	7	DVHS01000060.1 MAG TPA_asm: Candidatus Egerieenecus merdigallinarum isolate ChiSxjej2B14-4419 ChiSxjej2B14M5__C102790_L20008_SRR6323376, whole genome shotgun sequence
/home/jb/open_problems/medical/dysbiosis/fastq_analysis/qc/CXD568_trim_1.fastq.gz	gtdb_genomes_reps_r220/database/GCA/944/383/465/GCA_944383465.1_genomic.fna.gz	0.0211	0.0112	99.46	0.094	98.30-100.62	0.094	0.06-0.13	1	1.082	562/7401	92.02	1	CALWPQ010000001.1 MAG: uncultured Clostridia bacterium isolate E07__bin309 genome assembly, contig: E07__k127_3987725, whole genome shotgun sequence
/home/jb/open_problems/medical/dysbiosis/fastq_analysis/qc/CXD568_trim_1.fastq.gz	gtdb_genomes_reps_r220/database/GCA/905/198/155/GCA_905198155.1_genomic.fna.gz	0.0205	0.0176	99.31	0.091	98.33-100.19	0.091	0.07-0.12	1	1.138	842/11925	91.80	4	CAJKBQ010000001.1 MAG TPA_asm: uncultured Clostridiales bacterium isolate ERR1430549-bin.24 genome assembly, contig: NODE_56_length_152910_cov_17.521998, whole genome shotgun sequence
/home/jb/open_problems/medical/dysbiosis/fastq_analysis/qc/CXD568_trim_1.fastq.gz	gtdb_genomes_reps_r220/database/GCA/019/114/415/GCA_019114415.1_genomic.fna.gz	0.0203	0.0159	96.90	0.090	95.78-98.77	0.090	0.05-0.13	1	1.176	357/10941	89.55	147	DXFO01000012.1 MAG TPA_asm: Candidatus Gemmiger faecavium isolate ChiSxjej1B13-1558 ChiSxjej1B13M5__C105211_L6979_SAMN08009907, whole genome shotgun sequence
/home/jb/open_problems/medical/dysbiosis/fastq_analysis/qc/CXD568_trim_1.fastq.gz	gtdb_genomes_reps_r220/database/GCA/934/169/725/GCA_934169725.1_genomic.fna.gz	0.0200	0.0082	98.54	0.089	97.06-100.45	0.089	0.04-0.15	1	1.106	310/5739	91.02	20	CAKPOF010000001.1 MAG: uncultured Clostridia bacterium isolate REFINED_METABAT215_TOP10_CONTIGS_1500_ASSEMBLY_K77_MERGED__Hadza_PheChl_Fiber-Hadza-Nepal_C_6_2233.57 genome assembly, contig: Hadza_PheChl_Fiber-Hadza-Nepal_C_6_2233__NODE_9_length_457924_cov_16.983368, whole genome shotgun sequence
/home/jb/open_problems/medical/dysbiosis/fastq_analysis/qc/CXD568_trim_1.fastq.gz	gtdb_genomes_reps_r220/database/GCA/900/546/265/GCA_900546265.1_genomic.fna.gz	0.0195	0.0222	98.20	0.087	97.21-99.05	0.087	0.06-0.12	1	1.156	822/16035	90.86	104	URCA01000001.1 uncultured Ruminococcaceae bacterium isolate UMGS856 genome assembly, contig: NODE_10_length_213345_cov_8.553964, whole genome shotgun sequence
/home/jb/open_problems/medical/dysbiosis/fastq_analysis/qc/CXD568_trim_1.fastq.gz	gtdb_genomes_reps_r220/database/GCA/944/387/205/GCA_944387205.1_genomic.fna.gz	0.0188	0.0140	97.44	0.084	96.07-98.55	0.084	0.05-0.13	1	1.053	376/10472	89.82	119	CALXDZ010000001.1 MAG: uncultured Oscillospiraceae bacterium isolate E0_RM__bin177 genome assembly, contig: E0_RM__k127_1368895, whole genome shotgun sequence
/home/jb/open_problems/medical/dysbiosis/fastq_analysis/qc/CXD568_trim_1.fastq.gz	gtdb_genomes_reps_r220/database/GCA/944/386/835/GCA_944386835.1_genomic.fna.gz	0.0183	0.0124	95.93	0.082	94.28-97.88	0.082	0.04-0.14	1	1.097	206/9520	88.37	15	CALXCQ010000001.1 MAG: uncultured Oscillospiraceae bacterium isolate E05__bin171 genome assembly, contig: E05__k127_4844869, whole genome shotgun sequence
/home/jb/open_problems/medical/dysbiosis/fastq_analysis/qc/CXD568_trim_1.fastq.gz	gtdb_genomes_reps_r220/database/GCA/944/388/395/GCA_944388395.1_genomic.fna.gz	0.0181	0.0111	96.33	0.081	94.54-98.20	0.081	0.04-0.15	1	1.048	207/8489	88.71	27	CALXIP010000001.1 MAG: uncultured Ruthenibacterium sp. isolate E01__bin7 genome assembly, contig: E01__k127_377515, whole genome shotgun sequence
/home/jb/open_problems/medical/dysbiosis/fastq_analysis/qc/CXD568_trim_1.fastq.gz	gtdb_genomes_reps_r220/database/GCF/009/695/545/GCF_009695545.1_genomic.fna.gz	0.0176	0.0301	98.25	0.079	97.31-99.07	0.079	0.06-0.10	1	1.058	1053/23806	90.43	44	NZ_VUNS01000001.1 Victivallis lenta strain BBE-744-WT-12 seq1, whole genome shotgun sequence
/home/jb/open_problems/medical/dysbiosis/fastq_analysis/qc/CXD568_trim_1.fastq.gz	gtdb_genomes_reps_r220/database/GCA/900/554/725/GCA_900554725.1_genomic.fna.gz	0.0176	0.0065	98.04	0.078	96.33-100.49	0.078	0.03-0.14	1	1.052	213/5219	90.20	29	USII01000001.1 uncultured Clostridiales bacterium isolate UMGS1746 genome assembly, contig: NODE_1052_length_19606_cov_3.599867, whole genome shotgun sequence
/home/jb/open_problems/medical/dysbiosis/fastq_analysis/qc/CXD568_trim_1.fastq.gz	gtdb_genomes_reps_r220/database/GCA/019/419/955/GCA_019419955.1_genomic.fna.gz	0.0174	0.0070	99.53	0.078	97.93-101.49	0.078	0.04-0.12	1	1.130	355/5508	91.54	0	JAHZIB010000001.1 MAG: Clostridiales bacterium isolate HRGM_Genome_3375 HRGM_Genome_3375_1, whole genome shotgun sequence
/home/jb/open_problems/medical/dysbiosis/fastq_analysis/qc/CXD568_trim_1.fastq.gz	gtdb_genomes_reps_r220/database/GCA/944/387/035/GCA_944387035.1_genomic.fna.gz	0.0174	0.0120	96.56	0.077	94.84-98.88	0.077	0.03-0.14	1	1.053	244/9700	88.80	318	CALXDJ010000001.1 MAG: uncultured Oscillospiraceae bacterium isolate BRZ_EH__bin138 genome assembly, contig: BRZ_EH__NODE_92_length_207987_cov_11.079886, whole genome shotgun sequence
/home/jb/open_problems/medical/dysbiosis/fastq_analysis/qc/CXD568_trim_1.fastq.gz	gtdb_genomes_reps_r220/database/GCA/944/381/515/GCA_944381515.1_genomic.fna.gz	0.0173	0.0155	98.42	0.077	97.21-99.50	0.077	0.05-0.11	1	1.065	568/12508	90.51	15	CALWLM010000001.1 MAG: uncultured Lachnospiraceae bacterium isolate E15__bin96 genome assembly, contig: E15__k127_1261215, whole genome shotgun sequence
/home/jb/open_problems/medical/dysbiosis/fastq_analysis/qc/CXD568_trim_1.fastq.gz	gtdb_genomes_reps_r220/database/GCA/904/397/835/GCA_904397835.1_genomic.fna.gz	0.0172	0.0117	97.24	0.076	95.69-99.14	0.076	0.04-0.12	1	1.076	304/9782	89.41	22	CAJFOV010000001.1 Candidatus Aristotella avistercoris isolate Coassembly_mag_500 genome assembly, contig: MAGpy_11413_min2k_bin_500_fak87_87091, whole genome shotgun sequence
/home/jb/open_problems/medical/dysbiosis/fastq_analysis/qc/CXD568_trim_1.fastq.gz	gtdb_genomes_reps_r220/database/GCA/900/757/905/GCA_900757905.1_genomic.fna.gz	0.0171	0.0124	97.88	0.076	96.39-99.11	0.076	0.05-0.12	1	1.049	385/10134	89.99	20	CAAEPN010000001.1 MAG TPA_asm: Clostridia bacterium, isolate HGM12628, WGS project CAAEPN010000000 data, contig: ERS537390_59_k99_1146, whole genome shotgun sequence
/home/jb/open_problems/medical/dysbiosis/fastq_analysis/qc/CXD568_trim_1.fastq.gz	gtdb_genomes_reps_r220/database/GCF/022/867/805/GCF_022867805.1_genomic.fna.gz	0.0170	0.0224	98.37	0.076	97.40-99.39	0.076	0.05-0.10	1	1.115	816/18556	90.41	147	NZ_JALIFO010000006.1 Cuneatibacter sp. NSJ-177 B-1669N-35_ctg00001, whole genome shotgun sequence
/home/jb/open_problems/medical/dysbiosis/fastq_analysis/qc/CXD568_trim_1.fastq.gz	gtdb_genomes_reps_r220/database/GCF/015/667/935/GCF_015667935.1_genomic.fna.gz	0.0168	0.0154	98.29	0.075	96.96-99.70	0.075	0.05-0.11	1	1.147	546/12725	90.34	510	NZ_JADPET010000100.1 Clostridium sp. 1001270J_160509_D11 NODE_100_length_10651_cov_27.8814, whole genome shotgun sequence
/home/jb/open_problems/medical/dysbiosis/fastq_analysis/qc/CXD568_trim_1.fastq.gz	gtdb_genomes_reps_r220/database/GCF/000/164/675/GCF_000164675.2_genomic.fna.gz	0.0166	0.0110	98.36	0.074	96.86-100.04	0.074	0.04-0.12	1	1.036	393/9218	90.32	4	NC_015678.1 Streptococcus parasanguinis ATCC 15912, complete sequence
/home/jb/open_problems/medical/dysbiosis/fastq_analysis/qc/CXD568_trim_1.fastq.gz	gtdb_genomes_reps_r220/database/GCF/021/531/255/GCF_021531255.1_genomic.fna.gz	0.0164	0.0128	96.60	0.073	95.17-98.56	0.073	0.04-0.11	1	1.125	263/10798	88.71	166	NZ_JAFBIO010000010.1 Fournierella massiliensis strain An912 An912_NODE_10_length_65636_cov_23.961809_pilon, whole genome shotgun sequence
/home/jb/open_problems/medical/dysbiosis/fastq_analysis/qc/CXD568_trim_1.fastq.gz	gtdb_genomes_reps_r220/database/GCA/019/421/015/GCA_019421015.1_genomic.fna.gz	0.0162	0.0195	97.23	0.072	95.94-98.22	0.072	0.05-0.11	1	1.045	490/16810	89.22	31	JAHZGC010000001.1 MAG: Coriobacteriaceae bacterium isolate HRGM_Genome_3029 HRGM_Genome_3029_1, whole genome shotgun sequence
/home/jb/open_problems/medical/dysbiosis/fastq_analysis/qc/CXD568_trim_1.fastq.gz	gtdb_genomes_reps_r220/database/GCF/000/940/845/GCF_000940845.1_genomic.fna.gz	0.0161	0.0131	97.18	0.072	95.59-99.27	0.072	0.03-0.12	1	1.031	318/11110	89.17	1	NZ_CP010341.1 Propionibacterium freudenreichii subsp. freudenreichii strain 20271T chromosome, complete genome
/home/jb/open_problems/medical/dysbiosis/fastq_analysis/qc/CXD568_trim_1.fastq.gz	gtdb_genomes_reps_r220/database/GCA/900/604/495/GCA_900604495.1_genomic.fna.gz	0.0158	0.0159	97.08	0.070	95.61-98.69	0.070	0.04-0.11	1	1.047	384/14098	89.03	47	UWOR01000032.1 Desulfovibrio sp. Marseille-P6017 genome assembly, contig: contig00032, whole genome shotgun sequence
/home/jb/open_problems/medical/dysbiosis/fastq_analysis/qc/CXD568_trim_1.fastq.gz	gtdb_genomes_reps_r220/database/GCA/003/150/225/GCA_003150225.1_genomic.fna.gz	0.0157	0.0071	99.06	0.070	97.62-100.70	0.070	0.04-0.11	1	1.050	299/5915	90.82	5	QAND01000021.1 MAG: Bacillota bacterium isolate CIM:MAG 959 contig_110950, whole genome shotgun sequence
/home/jb/open_problems/medical/dysbiosis/fastq_analysis/qc/CXD568_trim_1.fastq.gz	gtdb_genomes_reps_r220/database/GCA/018/713/005/GCA_018713005.1_genomic.fna.gz	0.0152	0.0110	99.10	0.068	97.77-100.36	0.068	0.04-0.10	1	1.106	502/10116	90.77	22	DVFX01000034.1 MAG TPA_asm: Candidatus Scatomorpha gallistercoris isolate ChiHjej12B11-5383 ChiHjej12B11M5__C100315_L21305_SRR6323174, whole genome shotgun sequence
/home/jb/open_problems/medical/dysbiosis/fastq_analysis/qc/CXD568_trim_1.fastq.gz	gtdb_genomes_reps_r220/database/GCA/900/757/485/GCA_900757485.1_genomic.fna.gz	0.0150	0.0145	96.48	0.067	94.99-98.84	0.067	0.03-0.11	1	1.176	290/13583	88.33	42	CAAEOA010000001.1 MAG TPA_asm: Ruminococcaceae bacterium, isolate HGM13222, WGS project CAAEOA010000000 data, contig: ERS537327_19_k99_679, whole genome shotgun sequence
/home/jb/open_problems/medical/dysbiosis/fastq_analysis/qc/CXD568_trim_1.fastq.gz	gtdb_genomes_reps_r220/database/GCA/000/437/915/GCA_000437915.1_genomic.fna.gz	0.0149	0.0069	99.41	0.066	97.89-101.37	0.066	0.03-0.11	1	1.035	344/6416	90.99	0	FR900977.1 Subdoligranulum sp. CAG:314 genomic scaffold, scf3, whole genome shotgun sequence
/home/jb/open_problems/medical/dysbiosis/fastq_analysis/qc/CXD568_trim_1.fastq.gz	gtdb_genomes_reps_r220/database/GCA/030/531/025/GCA_030531025.1_genomic.fna.gz	0.0145	0.0159	96.67	0.065	94.95-98.63	0.065	0.03-0.12	1	1.031	319/14537	88.41	33	JAUMTV010000242.1 MAG: Turicibacter sp. isolate S10M_St_005 NODE_1001_length_2385_cov_2.675536, whole genome shotgun sequence
/home/jb/open_problems/medical/dysbiosis/fastq_analysis/qc/CXD568_trim_1.fastq.gz	gtdb_genomes_reps_r220/database/GCA/904/395/335/GCA_904395335.1_genomic.fna.gz	0.0142	0.0107	98.84	0.063	97.40-100.18	0.063	0.04-0.10	1	1.059	458/10728	90.33	20	CAJFNR010000001.1 Candidatus Avimonas narfia isolate Coassembly_mag_196 genome assembly, contig: MAGpy_11413_min2k_bin_196_fak87_74589, whole genome shotgun sequence
/home/jb/open_problems/medical/dysbiosis/fastq_analysis/qc/CXD568_trim_1.fastq.gz	gtdb_genomes_reps_r220/database/GCF/900/636/965/GCF_900636965.1_genomic.fna.gz	0.0138	0.0127	96.77	0.062	94.96-98.81	0.062	0.03-0.11	1	1.030	268/12445	88.35	3	NZ_LR134331.1 Lacticaseibacillus rhamnosus strain NCTC13764 chromosome 1, complete sequence
/home/jb/open_problems/medical/dysbiosis/fastq_analysis/qc/CXD568_trim_1.fastq.gz	gtdb_genomes_reps_r220/database/GCF/000/154/825/GCF_000154825.1_genomic.fna.gz	0.0135	0.0095	95.71	0.060	93.47-96.90	0.060	0.04-0.12	1	1.297	148/9855	87.33	11	NZ_DS560019.1 Anaerofustis stercorihominis DSM 17244 Scfld_02_4, whole genome shotgun sequence
/home/jb/open_problems/medical/dysbiosis/fastq_analysis/qc/CXD568_trim_1.fastq.gz	gtdb_genomes_reps_r220/database/GCA/018/712/125/GCA_018712125.1_genomic.fna.gz	0.0122	0.0091	97.18	0.054	95.08-99.35	0.054	0.03-0.11	1	1.026	227/10421	88.39	23	DVHM01000116.1 MAG TPA_asm: Candidatus Pullilachnospira gallistercoris isolate ChiSjej5B23-6657 ChiSjej5B23M5__C100489_L15769_SRR6323335, whole genome shotgun sequence
/home/jb/open_problems/medical/dysbiosis/fastq_analysis/qc/CXD568_trim_1.fastq.gz	gtdb_genomes_reps_r220/database/GCF/021/109/255/GCF_021109255.1_genomic.fna.gz	0.0120	0.0081	99.21	0.054	97.50-101.44	0.054	0.03-0.09	1	1.147	394/9630	90.20	131	NZ_JAJODG010000001.1 Merdimmobilis hominis strain NSJ-153 DNF-D8-22_ctg001, whole genome shotgun sequence
/home/jb/open_problems/medical/dysbiosis/fastq_analysis/qc/CXD568_trim_1.fastq.gz	gtdb_genomes_reps_r220/database/GCA/900/753/285/GCA_900753285.1_genomic.fna.gz	0.0112	0.0089	97.51	0.050	95.43-99.59	0.050	0.02-0.10	1	1.044	248/11107	88.46	119	CAADYN010000001.1 MAG TPA_asm: Clostridia bacterium, isolate HGM12664, WGS project CAADYN010000000 data, contig: ERS396348_42_k79_14, whole genome shotgun sequence
/home/jb/open_problems/medical/dysbiosis/fastq_analysis/qc/CXD568_trim_1.fastq.gz	gtdb_genomes_reps_r220/database/GCF/014/337/215/GCF_014337215.1_genomic.fna.gz	0.0112	0.0136	98.88	0.050	97.39-100.23	0.050	0.03-0.07	1	1.089	584/16955	89.70	227	NZ_CP060635.1 Wansuia hejianensis strain NSJ-29 chromosome, complete genome
/home/jb/open_problems/medical/dysbiosis/fastq_analysis/qc/CXD568_trim_1.fastq.gz	gtdb_genomes_reps_r220/database/GCA/944/385/035/GCA_944385035.1_genomic.fna.gz	0.0107	0.0083	98.35	0.048	96.14-100.49	0.048	0.02-0.09	1	1.030	301/10822	89.09	80	CALWVV010000001.1 MAG: uncultured Oscillospiraceae bacterium isolate BRZ_CR__bin3 genome assembly, contig: BRZ_CR__NODE_18_length_331106_cov_13.733597, whole genome shotgun sequence
/home/jb/open_problems/medical/dysbiosis/fastq_analysis/qc/CXD568_trim_1.fastq.gz	gtdb_genomes_reps_r220/database/GCF/019/042/275/GCF_019042275.1_genomic.fna.gz	0.0107	0.0188	98.88	0.048	97.75-100.00	0.048	0.03-0.07	1	1.110	792/24111	89.57	117	NZ_JAHQCW010000001.1 Diplocloster agilis strain ASD5720 Scaffold_1, whole genome shotgun sequence
/home/jb/open_problems/medical/dysbiosis/fastq_analysis/qc/CXD568_trim_1.fastq.gz	gtdb_genomes_reps_r220/database/GCF/013/046/825/GCF_013046825.1_genomic.fna.gz	0.0106	0.0098	100.00	0.047	98.51-101.50	0.047	0.03-0.08	1	1.043	610/12533	90.71	0	NZ_CP053187.1 Turicibacter sanguinis strain MOL361 chromosome, complete genome
/home/jb/open_problems/medical/dysbiosis/fastq_analysis/qc/CXD568_trim_1.fastq.gz	gtdb_genomes_reps_r220/database/GCA/934/215/455/GCA_934215455.1_genomic.fna.gz	0.0104	0.0055	97.08	0.046	93.99-97.92	0.046	0.04-0.12	1	1.023	133/7395	87.84	154	CAKPZX010000001.1 MAG: uncultured Streptococcus sp. isolate REFINED_METABAT215_TOP10_CONTIGS_1500_ASSEMBLY_K77_MERGED__Hadza_MoBio_hadza-A-D_F_2_1628.228 genome assembly, contig: Hadza_MoBio_hadza-A-D_F_2_1628__NODE_408_length_103483_cov_22.656751, whole genome shotgun sequence
/home/jb/open_problems/medical/dysbiosis/fastq_analysis/qc/CXD568_trim_1.fastq.gz	gtdb_genomes_reps_r220/database/GCA/019/117/525/GCA_019117525.1_genomic.fna.gz	0.0103	0.0070	98.09	0.046	95.88-99.84	0.046	0.03-0.08	1	1.206	233/9501	88.73	58	DWZO01000038.1 MAG TPA_asm: Candidatus Massilimicrobiota merdigallinarum isolate CHK183-8118 CHK183__C100466_L7937_SAMEA5754827, whole genome shotgun sequence
/home/jb/open_problems/medical/dysbiosis/fastq_analysis/qc/CXD568_trim_1.fastq.gz	gtdb_genomes_reps_r220/database/GCA/900/546/315/GCA_900546315.1_genomic.fna.gz	0.0099	0.0092	97.15	0.044	94.81-98.74	0.044	0.03-0.09	1	1.017	232/13074	87.80	23	URCP01000001.1 uncultured Clostridiales bacterium isolate UMGS874 genome assembly, contig: NODE_126_length_106798_cov_4.641373, whole genome shotgun sequence
/home/jb/open_problems/medical/dysbiosis/fastq_analysis/qc/CXD568_trim_1.fastq.gz	gtdb_genomes_reps_r220/database/GCA/944/384/895/GCA_944384895.1_genomic.fna.gz	0.0098	0.0065	99.40	0.044	97.07-101.35	0.044	0.02-0.08	1	1.018	329/9249	89.80	1	CALWVB010000001.1 MAG: uncultured Clostridia bacterium isolate E14__bin329 genome assembly, contig: E14__k127_1076530, whole genome shotgun sequence
/home/jb/open_problems/medical/dysbiosis/fastq_analysis/qc/CXD568_trim_1.fastq.gz	gtdb_genomes_reps_r220/database/GCA/018/712/505/GCA_018712505.1_genomic.fna.gz	0.0094	0.0068	99.00	0.042	96.72-101.25	0.042	0.02-0.07	1	1.086	301/10015	89.31	1	DVGX01000182.1 MAG TPA_asm: Candidatus Ventrisoma faecale isolate ChiHcolR19-5415 ChiHcolR19__C100631_L22052_SRR6323310, whole genome shotgun sequence
/home/jb/open_problems/medical/dysbiosis/fastq_analysis/qc/CXD568_trim_1.fastq.gz	gtdb_genomes_reps_r220/database/GCF/003/269/275/GCF_003269275.1_genomic.fna.gz	0.0091	0.0065	97.00	0.041	94.55-97.38	0.041	0.04-0.09	1	1.072	153/9898	87.41	12	NZ_QLTS01000001.1 Phascolarctobacterium faecium DSM 14760 Ga0215641_101, whole genome shotgun sequence
/home/jb/open_problems/medical/dysbiosis/fastq_analysis/qc/CXD568_trim_1.fastq.gz	gtdb_genomes_reps_r220/database/GCF/001/553/855/GCF_001553855.1_genomic.fna.gz	0.0090	0.0060	97.25	0.040	94.60-97.76	0.040	0.04-0.09	1	1.020	153/9257	87.60	29	NZ_LQWV01000001.1 Streptococcus gordonii strain CCUG 33482 contig_1, whole genome shotgun sequence
/home/jb/open_problems/medical/dysbiosis/fastq_analysis/qc/CXD568_trim_1.fastq.gz	gtdb_genomes_reps_r220/database/GCA/900/547/725/GCA_900547725.1_genomic.fna.gz	0.0084	0.0057	98.58	0.037	95.69-99.68	0.037	0.03-0.09	1	1.108	222/9416	88.61	40	URHR01000001.1 uncultured Clostridiales bacterium isolate UMGS1014 genome assembly, contig: NODE_186_length_86364_cov_5.295114, whole genome shotgun sequence
/home/jb/open_problems/medical/dysbiosis/fastq_analysis/qc/CXD568_trim_1.fastq.gz	gtdb_genomes_reps_r220/database/GCF/014/297/275/GCF_014297275.1_genomic.fna.gz	0.0083	0.0070	99.33	0.037	97.44-101.29	0.037	0.02-0.07	1	1.139	346/11453	89.32	137	NZ_JACOQK010000001.1 Clostridium facile strain NSJ-27 1, whole genome shotgun sequence
/home/jb/open_problems/medical/dysbiosis/fastq_analysis/qc/CXD568_trim_1.fastq.gz	gtdb_genomes_reps_r220/database/GCA/019/424/865/GCA_019424865.1_genomic.fna.gz	0.0081	0.0058	99.86	0.036	97.64-101.93	0.036	0.02-0.07	1	1.050	342/10089	89.66	91	JAHYYS010000001.1 MAG: bacterium isolate HRGM_Genome_1129 HRGM_Genome_1129_1, whole genome shotgun sequence
/home/jb/open_problems/medical/dysbiosis/fastq_analysis/qc/CXD568_trim_1.fastq.gz	gtdb_genomes_reps_r220/database/GCF/004/134/775/GCF_004134775.1_genomic.fna.gz	0.0079	0.0063	100.00	0.035	98.94-102.86	0.035	0.02-0.06	1	1.032	467/10944	90.33	0	NZ_SDOZ01000001.1 Candidatus Borkfalkia ceftriaxoniphila strain HDS1380 MM4TEC2__C1_L_46754_, whole genome shotgun sequence
/home/jb/open_problems/medical/dysbiosis/fastq_analysis/qc/CXD568_trim_1.fastq.gz	gtdb_genomes_reps_r220/database/GCA/905/209/085/GCA_905209085.1_genomic.fna.gz	0.0068	0.0064	98.75	0.030	96.09-99.63	0.030	0.02-0.07	1	1.041	270/13425	88.16	38	CAJLRM010000001.1 MAG TPA_asm: uncultured Clostridiales bacterium isolate ERR1600743-bin.83 genome assembly, contig: NODE_1_length_705068_cov_32.696169, whole genome shotgun sequence
/home/jb/open_problems/medical/dysbiosis/fastq_analysis/qc/CXD568_trim_1.fastq.gz	gtdb_genomes_reps_r220/database/GCA/900/761/075/GCA_900761075.1_genomic.fna.gz	0.0059	0.0038	100.00	0.026	97.11-100.43	0.026	0.02-0.06	1	1.072	237/8910	88.96	0	CAAFBK010000001.1 MAG TPA_asm: Christensenellaceae bacterium, isolate HGM11616, WGS project CAAFBK010000000 data, contig: SRS042628_64_k99_92, whole genome shotgun sequence
/home/jb/open_problems/medical/dysbiosis/fastq_analysis/qc/CXD568_trim_1.fastq.gz	gtdb_genomes_reps_r220/database/GCA/018/366/495/GCA_018366495.1_genomic.fna.gz	0.0042	0.0034	100.00	0.019	98.28-101.72	0.019	0.02-0.04	1	1.052	329/11415	89.19	56	JAGZHZ010000002.1 MAG: Clostridiales bacterium isolate L3_130_000G1_dasL3_130_000G1_metabat.metabat.2 L3_130_000G1_scaffold_105, whole genome shotgun sequence
