{
  "page_time_fraction": 0.6464466094067263,
  "black_holes": [
    {
      "name": "mini (1 kg)",
      "hawking": {
        "M_kg": 1.0,
        "T_H_K": 1.2269006698422716e+23,
        "t_evap_s": 8.411477904855981e-17,
        "r_S_m": 1.4852320538237331e-27,
        "lambda_peak_m": 2.9704641076474662e-27,
        "S_BH_bits": 3.827306675587623e+16,
        "log10_T_H": 23.088809403570043,
        "log10_t_evap": -16.075127691534554,
        "log10_S_BH": 16.582893262898462
      },
      "k_info": {
        "K_matter_bits": 88.94996609387753,
        "K_hawking_bits": 0.0,
        "K_deficit_bits": 88.94996609387753,
        "S_BH_bits": 3.827306675587623e+16,
        "K_over_S_BH": 2.3240877628448903e-15,
        "log10_S_BH": 16.582893262898462
      },
      "page": {
        "S_BH_bits": 3.827306675587623e+16,
        "t_evap_s": 8.411477904855981e-17,
        "t_page_fraction": 0.6464466094067263,
        "t_page_s": 5.4375713716937425e-17,
        "S_ent_at_page_bits": 1.9136533377938116e+16,
        "dS_ent_dt_post_page_bits_per_s": 6.434813321987528e+32,
        "log10_t_page": -16.26459502959973,
        "log10_t_evap": -16.075127691534554
      },
      "k_rate": {
        "K_matter_bits": 88.94996609387753,
        "S_BH_bits": 3.827306675587623e+16,
        "post_page_duration_s": 2.973906533162238e-17,
        "dK_dt_bits_per_s": 2.9910141795644984e+18,
        "dS_dt_bits_per_s": 6.434813321987528e+32,
        "K_S_ratio": 2.3240877628448903e-15,
        "log10_dK_dt": 18.47581847190528,
        "log10_dS_dt": 32.808535952265004
      }
    },
    {
      "name": "asteroid-mass (10^6 kg)",
      "hawking": {
        "M_kg": 1000000.0,
        "T_H_K": 1.2269006698422715e+17,
        "t_evap_s": 84.1147790485598,
        "r_S_m": 1.485232053823733e-21,
        "lambda_peak_m": 2.970464107647466e-21,
        "S_BH_bits": 3.827306675587623e+28,
        "log10_T_H": 17.088809403570043,
        "log10_t_evap": 1.9248723084654449,
        "log10_S_BH": 28.582893262898462
      },
      "k_info": {
        "K_matter_bits": 108.8815346632017,
        "K_hawking_bits": 0.0,
        "K_deficit_bits": 108.8815346632017,
        "S_BH_bits": 3.827306675587623e+28,
        "K_over_S_BH": 2.8448604695751134e-27,
        "log10_S_BH": 28.582893262898462
      },
      "page": {
        "S_BH_bits": 3.827306675587623e+28,
        "t_evap_s": 84.1147790485598,
        "t_page_fraction": 0.6464466094067263,
        "t_page_s": 54.37571371693742,
        "S_ent_at_page_bits": 1.9136533377938114e+28,
        "dS_ent_dt_post_page_bits_per_s": 6.434813321987528e+26,
        "log10_t_page": 1.735404970400272,
        "log10_t_evap": 1.9248723084654449
      },
      "k_rate": {
        "K_matter_bits": 108.8815346632017,
        "S_BH_bits": 3.827306675587623e+28,
        "post_page_duration_s": 29.739065331622378,
        "dK_dt_bits_per_s": 3.661229209763527,
        "dS_dt_bits_per_s": 6.434813321987528e+26,
        "K_S_ratio": 2.8448604695751134e-27,
        "log10_dK_dt": 0.5636269185617989,
        "log10_dS_dt": 26.808535952265007
      }
    },
    {
      "name": "solar (1 M_sun)",
      "hawking": {
        "M_kg": 1.989e+30,
        "T_H_K": 6.168429712630829e-08,
        "t_evap_s": 6.618760369268868e+74,
        "r_S_m": 2954.126555055405,
        "lambda_peak_m": 5908.25311011081,
        "S_BH_bits": 1.5141288312732383e+77,
        "log10_T_H": -7.2098253795543945,
        "log10_t_evap": 74.82077665783875,
        "log10_S_BH": 77.18016282914733
      },
      "k_info": {
        "K_matter_bits": 189.59985221667006,
        "K_hawking_bits": 0.0,
        "K_deficit_bits": 189.59985221667006,
        "S_BH_bits": 1.5141288312732383e+77,
        "K_over_S_BH": 1.252204226619439e-75,
        "log10_S_BH": 77.18016282914733
      },
      "page": {
        "S_BH_bits": 1.5141288312732383e+77,
        "t_evap_s": 6.618760369268868e+74,
        "t_page_fraction": 0.6464466094067263,
        "t_page_s": 4.2786751991894713e+74,
        "S_ent_at_page_bits": 7.570644156366192e+76,
        "dS_ent_dt_post_page_bits_per_s": 323.52002624371687,
        "log10_t_page": 74.63130931977358,
        "log10_t_evap": 74.82077665783875
      },
      "k_rate": {
        "K_matter_bits": 189.59985221667006,
        "S_BH_bits": 1.5141288312732383e+77,
        "post_page_duration_s": 2.340085170079397e+74,
        "dK_dt_bits_per_s": 8.102262885168282e-73,
        "dS_dt_bits_per_s": 323.52002624371687,
        "K_S_ratio": 1.252204226619439e-75,
        "log10_dK_dt": -72.0913936698508,
        "log10_dS_dt": 2.509901169140571
      }
    },
    {
      "name": "galactic center (10^6 M_sun)",
      "hawking": {
        "M_kg": 1.989e+36,
        "T_H_K": 6.168429712630828e-14,
        "t_evap_s": 6.618760369268868e+92,
        "r_S_m": 2954126555.0554047,
        "lambda_peak_m": 5908253110.110809,
        "S_BH_bits": 1.5141288312732378e+89,
        "log10_T_H": -13.209825379554395,
        "log10_t_evap": 92.82077665783875,
        "log10_S_BH": 89.18016282914733
      },
      "k_info": {
        "K_matter_bits": 209.53142078599424,
        "K_hawking_bits": 0.0,
        "K_deficit_bits": 209.53142078599424,
        "S_BH_bits": 1.5141288312732378e+89,
        "K_over_S_BH": 1.3838414305194778e-87,
        "log10_S_BH": 89.18016282914733
      },
      "page": {
        "S_BH_bits": 1.5141288312732378e+89,
        "t_evap_s": 6.618760369268868e+92,
        "t_page_fraction": 0.6464466094067263,
        "t_page_s": 4.278675199189471e+92,
        "S_ent_at_page_bits": 7.570644156366189e+88,
        "dS_ent_dt_post_page_bits_per_s": 0.00032352002624371683,
        "log10_t_page": 92.63130931977358,
        "log10_t_evap": 92.82077665783875
      },
      "k_rate": {
        "K_matter_bits": 209.53142078599424,
        "S_BH_bits": 1.5141288312732378e+89,
        "post_page_duration_s": 2.3400851700793966e+92,
        "dK_dt_bits_per_s": 8.954008318376081e-91,
        "dS_dt_bits_per_s": 0.00032352002624371683,
        "K_S_ratio": 1.3838414305194778e-87,
        "log10_dK_dt": -90.04798250648784,
        "log10_dS_dt": -3.490098830859429
      }
    }
  ],
  "constants": {
    "hbar_Js": 1.054571817e-34,
    "G_SI": 6.6743e-11,
    "c_ms": 299792458.0,
    "k_B_JK": 1.380649e-23,
    "M_sun_kg": 1.989e+30
  },
  "key_findings": {
    "S_BH_vs_K_matter": "S_BH >> K_matter for all masses; gap grows as M^2 vs log(M)",
    "page_time": "t_Page/t_evap \u2248 0.6464 \u2014 universal, mass-independent",
    "K_hawking": "0 bits (thermal radiation is K-incompressible)",
    "paradox_resolution": "Paradox is about S-information conservation (unitarity). K-information is not required to be conserved. K-deficit = log2(N_particles) bits \u2014 real but not paradoxical."
  }
}