{
  "random_L8": {
    "1": {
      "max": 1.0,
      "mean": 0.0132,
      "median": 0.0,
      "p99": 1.0,
      "p999": 1.0,
      "frac_zero": 0.9868,
      "n_samples": 10000
    },
    "2": {
      "max": 0.5,
      "mean": 0.00895,
      "median": 0.0,
      "p99": 0.5,
      "p999": 0.5,
      "frac_zero": 0.9821,
      "n_samples": 10000
    },
    "3": {
      "max": 0.3333333333333333,
      "mean": 0.0076,
      "median": 0.0,
      "p99": 0.3333333333333333,
      "p999": 0.3333333333333333,
      "frac_zero": 0.9772,
      "n_samples": 10000
    },
    "4": {
      "max": 0.25,
      "mean": 0.006575,
      "median": 0.0,
      "p99": 0.25,
      "p999": 0.25,
      "frac_zero": 0.9737,
      "n_samples": 10000
    }
  },
  "random_L16": {
    "1": {
      "max": 1.0,
      "mean": 0.1022,
      "median": 0.0,
      "p99": 1.0,
      "p999": 1.0,
      "frac_zero": 0.8978,
      "n_samples": 10000
    },
    "2": {
      "max": 1.0,
      "mean": 0.0754,
      "median": 0.0,
      "p99": 0.5,
      "p999": 0.5,
      "frac_zero": 0.8493,
      "n_samples": 10000
    },
    "3": {
      "max": 0.3333333333333333,
      "mean": 0.061766666666666664,
      "median": 0.0,
      "p99": 0.3333333333333333,
      "p999": 0.3333333333333333,
      "frac_zero": 0.8147,
      "n_samples": 10000
    },
    "4": {
      "max": 0.5,
      "mean": 0.0552,
      "median": 0.0,
      "p99": 0.25,
      "p999": 0.25,
      "frac_zero": 0.7793,
      "n_samples": 10000
    }
  },
  "random_L32": {
    "1": {
      "max": 2.0,
      "mean": 0.1354,
      "median": 0.0,
      "p99": 2.0,
      "p999": 2.0,
      "frac_zero": 0.9316,
      "n_samples": 10000
    },
    "2": {
      "max": 1.0,
      "mean": 0.1055,
      "median": 0.0,
      "p99": 1.0,
      "p999": 1.0,
      "frac_zero": 0.8934,
      "n_samples": 10000
    },
    "3": {
      "max": 0.6666666666666666,
      "mean": 0.09029999999999999,
      "median": 0.0,
      "p99": 0.6666666666666666,
      "p999": 0.6666666666666666,
      "frac_zero": 0.8635,
      "n_samples": 10000
    },
    "4": {
      "max": 0.5,
      "mean": 0.079125,
      "median": 0.0,
      "p99": 0.5,
      "p999": 0.5,
      "frac_zero": 0.84,
      "n_samples": 10000
    }
  },
  "random_L64": {
    "1": {
      "max": 2.0,
      "mean": 0.0006,
      "median": 0.0,
      "p99": 0.0,
      "p999": 0.0,
      "frac_zero": 0.9997,
      "n_samples": 10000
    },
    "2": {
      "max": 1.0,
      "mean": 0.0001,
      "median": 0.0,
      "p99": 0.0,
      "p999": 0.0,
      "frac_zero": 0.9999,
      "n_samples": 10000
    },
    "3": {
      "max": 0.6666666666666666,
      "mean": 0.0002666666666666666,
      "median": 0.0,
      "p99": 0.0,
      "p999": 0.0,
      "frac_zero": 0.9996,
      "n_samples": 10000
    },
    "4": {
      "max": 0.0,
      "mean": 0.0,
      "median": 0.0,
      "p99": 0.0,
      "p999": 0.0,
      "frac_zero": 1.0,
      "n_samples": 10000
    }
  },
  "random_L128": {
    "1": {
      "max": 0.0,
      "mean": 0.0,
      "median": 0.0,
      "p99": 0.0,
      "p999": 0.0,
      "frac_zero": 1.0,
      "n_samples": 10000
    },
    "2": {
      "max": 0.0,
      "mean": 0.0,
      "median": 0.0,
      "p99": 0.0,
      "p999": 0.0,
      "frac_zero": 1.0,
      "n_samples": 10000
    },
    "3": {
      "max": 0.0,
      "mean": 0.0,
      "median": 0.0,
      "p99": 0.0,
      "p999": 0.0,
      "frac_zero": 1.0,
      "n_samples": 10000
    },
    "4": {
      "max": 0.0,
      "mean": 0.0,
      "median": 0.0,
      "p99": 0.0,
      "p999": 0.0,
      "frac_zero": 1.0,
      "n_samples": 10000
    }
  },
  "hist_flip_L8": {
    "1": {
      "max": 4.0,
      "mean": 0.0549,
      "median": 0.0,
      "p99": 2.0,
      "p999": 3.0,
      "frac_zero": 0.9733,
      "n_samples": 10000
    },
    "2": {
      "max": 2.5,
      "mean": 0.04115,
      "median": 0.0,
      "p99": 1.0,
      "p999": 2.0,
      "frac_zero": 0.9623,
      "n_samples": 10000
    },
    "3": {
      "max": 1.6666666666666667,
      "mean": 0.03183333333333333,
      "median": 0.0,
      "p99": 0.6666666666666666,
      "p999": 1.3333333333333333,
      "frac_zero": 0.9571,
      "n_samples": 10000
    },
    "4": {
      "max": 1.25,
      "mean": 0.02655,
      "median": 0.0,
      "p99": 0.75,
      "p999": 1.0,
      "frac_zero": 0.9531,
      "n_samples": 10000
    }
  },
  "hist_flip_L16": {
    "1": {
      "max": 4.0,
      "mean": 0.115,
      "median": 0.0,
      "p99": 2.0,
      "p999": 4.0,
      "frac_zero": 0.9402,
      "n_samples": 10000
    },
    "2": {
      "max": 3.0,
      "mean": 0.1029,
      "median": 0.0,
      "p99": 1.5,
      "p999": 2.0,
      "frac_zero": 0.8991,
      "n_samples": 10000
    },
    "3": {
      "max": 2.0,
      "mean": 0.0895,
      "median": 0.0,
      "p99": 1.0,
      "p999": 1.3333333333333333,
      "frac_zero": 0.8729,
      "n_samples": 10000
    },
    "4": {
      "max": 1.5,
      "mean": 0.081375,
      "median": 0.0,
      "p99": 0.75,
      "p999": 1.25,
      "frac_zero": 0.853,
      "n_samples": 10000
    }
  },
  "hist_flip_L32": {
    "1": {
      "max": 4.0,
      "mean": 0.4533,
      "median": 0.0,
      "p99": 3.0,
      "p999": 4.0,
      "frac_zero": 0.6586,
      "n_samples": 10000
    },
    "2": {
      "max": 3.0,
      "mean": 0.35295,
      "median": 0.0,
      "p99": 1.5,
      "p999": 2.0,
      "frac_zero": 0.5383,
      "n_samples": 10000
    },
    "3": {
      "max": 2.3333333333333335,
      "mean": 0.2898,
      "median": 0.3333333333333333,
      "p99": 1.3333333333333333,
      "p999": 1.6666666666666667,
      "frac_zero": 0.4748,
      "n_samples": 10000
    },
    "4": {
      "max": 1.75,
      "mean": 0.2518,
      "median": 0.25,
      "p99": 1.0,
      "p999": 1.5,
      "frac_zero": 0.4206,
      "n_samples": 10000
    }
  },
  "hist_flip_L64": {
    "1": {
      "max": 5.0,
      "mean": 1.5361,
      "median": 2.0,
      "p99": 3.0,
      "p999": 4.0,
      "frac_zero": 0.1343,
      "n_samples": 10000
    },
    "2": {
      "max": 3.5,
      "mean": 1.40545,
      "median": 1.5,
      "p99": 2.5,
      "p999": 3.0,
      "frac_zero": 0.0201,
      "n_samples": 10000
    },
    "3": {
      "max": 3.0,
      "mean": 1.3767333333333334,
      "median": 1.3333333333333333,
      "p99": 2.3333333333333335,
      "p999": 2.6666666666666665,
      "frac_zero": 0.004,
      "n_samples": 10000
    },
    "4": {
      "max": 2.5,
      "mean": 1.371925,
      "median": 1.5,
      "p99": 2.0,
      "p999": 2.25,
      "frac_zero": 0.0005,
      "n_samples": 10000
    }
  },
  "hist_flip_L128": {
    "1": {
      "max": 6.0,
      "mean": 1.8713,
      "median": 2.0,
      "p99": 4.0,
      "p999": 4.0,
      "frac_zero": 0.0949,
      "n_samples": 10000
    },
    "2": {
      "max": 4.0,
      "mean": 1.71285,
      "median": 1.5,
      "p99": 3.0,
      "p999": 3.5,
      "frac_zero": 0.0135,
      "n_samples": 10000
    },
    "3": {
      "max": 3.0,
      "mean": 1.6560666666666666,
      "median": 1.6666666666666667,
      "p99": 2.6666666666666665,
      "p999": 3.0,
      "frac_zero": 0.003,
      "n_samples": 10000
    },
    "4": {
      "max": 3.25,
      "mean": 1.65015,
      "median": 1.75,
      "p99": 2.5,
      "p999": 2.75,
      "frac_zero": 0.0003,
      "n_samples": 10000
    }
  },
  "hist_pm1_L8": {
    "1": {
      "max": 4.0,
      "mean": 0.0553,
      "median": 0.0,
      "p99": 2.0,
      "p999": 3.0,
      "frac_zero": 0.973,
      "n_samples": 10000
    },
    "2": {
      "max": 2.5,
      "mean": 0.0439,
      "median": 0.0,
      "p99": 1.0,
      "p999": 2.0,
      "frac_zero": 0.9598,
      "n_samples": 10000
    },
    "3": {
      "max": 1.6666666666666667,
      "mean": 0.032266666666666666,
      "median": 0.0,
      "p99": 0.6666666666666666,
      "p999": 1.3333333333333333,
      "frac_zero": 0.9554,
      "n_samples": 10000
    },
    "4": {
      "max": 1.25,